image_id,blur,brightness,contrast,particle_density,edge_density,best_model
a--23-_jpg.rf.1ab5e302030f3bb3c08981ca42a8e631,186.8965436665036,28.5124780455858,33.57477415611143,2163.0,0.0360432770704955,UNet
a--26-_jpg.rf.0ae749f9f22dbfa00f0889c68594bdc9,164.1844708645461,26.811775835094647,32.12966509664159,2131.0,0.0321270395692138,UNet
a--27-_jpg.rf.8a800e6ec700f849fa4235fb736d6532,197.75473074893316,35.41230968706484,37.10430975769169,2532.0,0.0369594914183461,UNet
a--3-_jpg.rf.8248ba99e3b3ae254d1723b674f7fd99,171.13723429501206,43.17121631589218,40.47000623770028,3092.0,0.0362781190152515,UNet
a--4-_jpg.rf.11d39a37cd66634e646df4be915b9044,161.27193169452866,42.05348111837688,40.355994720137616,2935.0,0.0356364382084536,UNet
a--43-_jpg.rf.feae28fb9f182a3b7cfd06be68c8bef3,144.02301778013543,19.530736179882314,28.361123364483497,1372.0,0.0285481806364547,UNet
a--44-_jpg.rf.01dcfe1ce3c2d6d8e020335e0b382c01,139.96114147192824,24.913389629247416,30.68715146219153,1656.0,0.0296430071676407,UNet
a--46-_jpg.rf.f2fc88b781d9457f65bfee1a29f6ca49,151.91606534152697,27.494676364646697,32.07362054916865,1728.0,0.0325504165963794,UNet
a--47-_jpg.rf.4b52f93a6fb94ded6e3a16355ccdf382,147.58843038933404,26.379832038395005,31.34433334581104,1727.0,0.0322097303948321,UNet
a--5-_jpg.rf.a98c3326efbb44b980c9e520cf954882,128.63961042967523,34.60477754514092,37.75794944107356,1924.0,0.031128134395745,UNet
a--54-_jpg.rf.0383febe7b193195524f26c0df25ea8c,148.76573320895395,23.968756098448388,29.2917435649344,1458.0,0.0305856825796891,UNet
a--56-_jpg.rf.b47891c3c1b3bdf692a27eed2ed119ab,128.79946481306246,23.421709980121125,28.49066241003063,1369.0,0.0279098074626816,DeepLabV3Plus
a--61-_jpg.rf.ede7ff276baec39f180c1fff9f6f472a,135.88060239459,21.68257968914865,28.711391846427347,1419.0,0.0282273402330558,UNet
a--66-_jpg.rf.165fbd60b883a3887c7e759b99d14c39,126.77720398031002,19.025409236895985,27.671941109674396,1077.0,0.0231038166777472,UNet
a--67-_jpg.rf.def7d22e1de2a7d2ab101a2c750327ab,102.49345500861186,16.904174563640513,25.644714947195528,923.0,0.0214103085690848,UNet
a--7-_jpg.rf.39b8597ed074d53daeaf5daf76fb41ac,122.51135582959594,29.806265318475447,36.06985112000029,1632.0,0.0282868776275009,UNet
a--74-_jpg.rf.5d951a1c56811afb73c39ef9f875f101,126.13456469195958,19.27463938530948,25.855260936022177,1245.0,0.0291204011497332,UNet
a--75-_jpg.rf.56688afa3e95fe2889b13430edb5c760,127.3090971928514,16.871045311264805,24.441114977250077,1177.0,0.027794040306816,UNet
a--79-_jpg.rf.09bcc2e74480e75dd1f335ccc4eeb23c,164.82953072209224,21.672785787762415,31.048124326451525,1544.0,0.031657355679702,UNet
a--8-_jpg.rf.fe4fa93cabd6aeecf6b4804e45b74cab,125.09525844446664,31.292533679973275,36.90290929483994,1866.0,0.0292030919753515,UNet
a--82-_jpg.rf.19555a247947eee0814df82cd1f007ae,158.33738931303745,18.693686720845697,29.23852477170542,1174.0,0.0278701158663848,UNet
a--83-_jpg.rf.21a1b081a299385626db01a1fb14fde0,105.61864262284728,17.538069202298143,26.370756030949156,1308.0,0.0192338860388117,UNet
a--85-_jpg.rf.1683b61d07eb5ec2da366a362dde227f,85.9213305051445,13.213904627709365,23.029189013119616,1029.0,0.021334233009516,UNet
a--93-_jpg.rf.5bf28129778dcf20d15f6b10b16318da,129.99156552458393,16.549970065921126,26.99007495988786,1249.0,0.0250123209330171,UNet
b--12-_jpg.rf.016f209b7c5439a4f12cfde8e1b20114,208.5931096663893,33.67996665905911,35.32893223106164,3064.0,0.0381270858760762,UNet
b--20-_jpg.rf.7314f73f985116f2d90f08770260794e,216.39623098507823,42.98500980713192,41.78898641099149,3251.0,0.0420763997076052,UNet
c--103-_jpg.rf.2b6feafb66289f2dd300735b293066f7,217.1409578328773,29.712738687068143,30.31725024363692,3083.0,0.0414578723319805,UNet
c--105-_jpg.rf.5de3e19d008e324efdb8d600d8f01288,143.66587141481432,28.25343745762095,30.047216301817777,2533.0,0.0325173402661321,UNet
c--106-_jpg.rf.0dcb489172a80b8b314ca4e401a022c5,83.39492161306985,31.38873618649758,32.20453442312158,1854.0,0.0292527064707224,UNet
c--107-_jpg.rf.ead53bf2d59c02dc64524867d70cb3f1,57.85434614120048,30.282650472495376,31.054946006624917,1479.0,0.02331550519133,UNet
c--108-_jpg.rf.f7659d7bba7f0f55ea596447f18653e0,217.2419673732477,29.18141705614045,30.77612659414078,2665.0,0.0414810257631536,UNet
c--115-_jpg.rf.dac6d7e010e02462379787d7bcbc3a2a,189.6962423225287,28.799848510407468,29.19660282889216,2807.0,0.0366088823177246,LinkNet
c--127-_jpg.rf.b0ec812900dd231f0e477579871894ab,225.86872665837012,29.67927867138997,31.303043095688416,3112.0,0.0419606325517396,LinkNet
c--145-_jpg.rf.d425c871d9e607c5d9f40e841669de0e,238.34457833330717,28.77939410778253,31.478111285252407,2969.0,0.042337702716559,LinkNet
c--15-_jpg.rf.7b40ed7a869e48e2142b5a37aa10d1f3,248.51853835032756,28.00185227449385,33.75450142634407,2352.0,0.0521018354055654,LinkNet
c--150-_jpg.rf.64c31448728f754d79b8af483876fe10,106.77344251871358,30.89903119428705,32.41800430736032,2482.0,0.0300399231306085,LinkNet
c--167-_jpg.rf.81951d88c951df31fbc4c991746c25d2,124.70896231123928,25.668383328206502,30.46277291774029,2068.0,0.0271755129311913,UNet
c--168-_jpg.rf.d2bc150418346bd2320323094366275e,197.67690783100628,26.58653594900953,30.44288399504976,2508.0,0.0349517581723343,UNet
c--169-_jpg.rf.fa7ced6081099b77fa9acec7af792df9,194.49567029305948,27.06466091800047,30.71843084515974,2618.0,0.0364997304279084,UNet
c--17-_jpg.rf.129bf866b08f693c0a0ad787f39679bc,225.0433630358594,27.095074603662876,31.873970453602013,2227.0,0.0441238245499138,LinkNet
c--170-_jpg.rf.c6c10623ecd781ef681ff205c21d35b0,216.71548434901783,28.91171927456993,32.09126377883228,2857.0,0.0409385739470977,DeepLabV3Plus
c--171-_jpg.rf.bb7d6200471fc0c8b9670ae147c7be6e,221.7856518105744,28.93250113286431,32.04993500949218,2857.0,0.0445339710449805,DeepLabV3Plus
c--172-_jpg.rf.e770140160fd7aaa0429c661fccffa66,220.68924456229772,27.386907065434904,30.43624587946236,2725.0,0.0400521282964697,LinkNet
c--173-_jpg.rf.a61c25de76db954defe8bae82b0837c2,208.98019728477527,26.58644002765181,29.70640676098688,2594.0,0.0390234544257783,UNet
c--174-_jpg.rf.a95865c71ba55db5dbcf6fc9e5e26c6b,239.0010154012836,30.21548236866216,32.66123847273986,3087.0,0.0460918661996288,LinkNet
c--175-_jpg.rf.8db5ad276cc740cac05ae63613e25de2,199.159647611648,25.611716959226808,28.65629040472748,2613.0,0.0356331305754289,UNet
c--176-_jpg.rf.1d4a742d368cae50f384976f39d59ed4,195.21174708593227,25.517198037912088,28.59204291204193,2745.0,0.0371844104640278,DeepLabV3Plus
c--177-_jpg.rf.63c6b6d1dfbfefff13237aaf577c7e34,185.7475555955788,24.928247516794507,28.27023445975123,2479.0,0.0332251737334246,LinkNet
c--178-_jpg.rf.a859252787fbdb0d66ff8d79eb0df258,191.21397728403247,24.96579576689125,27.965910941394853,2577.0,0.0343960758241794,UNet
c--179-_jpg.rf.ffac79351e9ec90aaad5724f24a1e341,179.51414889566811,24.76037852552335,28.14830963566561,2517.0,0.0313464381753773,LinkNet
c--18-_jpg.rf.2b2f29301e8141926c07ffb4c85c161b,230.2240488330784,27.273481713750822,30.96123446903997,2633.0,0.0422285508267428,DeepLabV3Plus
c--180-_jpg.rf.70ee7ae272485e11508ae6b3a45dff26,181.429682879966,25.83623578131253,27.01215329817422,2631.0,0.0321568082664364,LinkNet
c--181-_jpg.rf.57004dc1f056f028df076f29a0e879c8,214.5104054429815,26.79978235774697,29.723394163037497,2812.0,0.03740271424366,DeepLabV3Plus
c--182-_jpg.rf.1a5acb215c0a84d36ed6c272cbf08e86,254.3049792719202,27.832845457462184,30.781824930682983,3054.0,0.0442627451369525,UNet
c--183-_jpg.rf.30414448e73fa023ce6bdf5cc8e536de,206.41212807501387,26.340643202317988,29.149591395585087,2788.0,0.0366717273451945,DeepLabV3Plus
c--184-_jpg.rf.eb6aa7309b9456d2b8266c347137a400,250.8808487406004,28.924079899183344,30.8549018367702,3203.0,0.0475803010607579,UNet
c--185-_jpg.rf.28449e0055fde79482ede7a71b891211,220.27778180028628,26.96487293727736,29.858941320610693,2918.0,0.0385736163344149,UNet
c--186-_jpg.rf.711274e0accded095cee021e5639b13f,215.3293123141323,26.888850299836932,29.871600694892614,2677.0,0.0366717273451945,LinkNet
c--187-_jpg.rf.a29f86df337eff444e735303f760f340,212.7980042425953,26.8034769838356,29.703872061232865,2856.0,0.0365493449232794,LinkNet
c--188-_jpg.rf.df8c04f880e507f44d63d74b701f3810,221.02012642702215,28.186414889640822,30.091306567040245,2740.0,0.03894076360016,UNet
c--189-_jpg.rf.c7d7837efd4cc648da132594b3d9d0bc,101.28138987769982,27.20891671710807,31.4410421628038,2263.0,0.0269472862524848,LinkNet
c--19-_jpg.rf.52bcdc3f9330bb012be38038b55458e0,195.6742182727185,25.334358699571,29.21911513826736,2306.0,0.0383486972887332,UNet
c--190-_jpg.rf.00a9250d57514f28a2b092ab8cb4d580,246.9239801406755,29.477241830973337,33.2709126840525,2954.0,0.0419110180563686,UNet
c--191-_jpg.rf.3b56030b7ce84cace21b3bfe5ea58827,195.05181170629456,28.31172125914974,31.33650966756704,2674.0,0.0385074636739203,LinkNet
c--192-_jpg.rf.df089b8994445656738112b3ccaa5003,207.35064859282835,26.641806496852787,30.146943093143467,2553.0,0.0351568314198676,LinkNet
c--193-_jpg.rf.9ddaa7a092c26f4866f5ef65e86dce42,224.50735049110327,27.819826613876845,31.25709818973647,2895.0,0.0381469316742246,LinkNet
c--194-_jpg.rf.f87e76fe5255de6de7467b42a8649cd5,231.01485983653112,27.592182078582745,29.78512406130429,3019.0,0.0403167389384482,UNet
c--195-_jpg.rf.263dc57e76a023be68d5a96657f1de38,193.2017799296865,26.078430594282427,29.08482583740489,2660.0,0.0313563610744515,UNet
c--196-_jpg.rf.006dfcbc6ee82eac637b254b933ff70c,230.47017543970117,28.373190311281345,31.106712948780324,3009.0,0.0396022902051063,LinkNet
c--197-_jpg.rf.8f0fde8c0316114ec84bf0b4a7ad4368,201.5409549849023,27.14808603815024,29.67841164424451,2413.0,0.0348723749797407,UNet
c--198-_jpg.rf.64a7077e222d5edccee5f0e2a272b284,214.71166523294167,27.2632743582365,29.68268738141955,2561.0,0.0362979648133998,UNet
c--199-_jpg.rf.508df9096ed4b6070d14fa1e8514bdc6,230.43530409238937,28.210289384813333,31.426638356334912,2807.0,0.0401811259844342,LinkNet
c--2-_jpg.rf.0326ed404c601fce1ed53b5acba116ed,212.19339341102716,23.97956544317321,30.746213229843345,3108.0,0.0439319818344794,UNet
c--20-_jpg.rf.1485254046fe3dfc47a09cb7208644d3,228.52083822791283,26.68669769226444,31.108820035466216,2358.0,0.0432572246974342,LinkNet
c--200-_jpg.rf.76607b9345398b8b276df5398ae6b93b,189.7049300484316,25.97062491110736,28.38477782473624,2826.0,0.03285141120163,UNet
c--21-_jpg.rf.c14e6cc95d446ec2d89a794cfa68fc0c,196.91662623481585,26.74271907280431,29.73399047156601,2649.0,0.041107263231359,LinkNet
c--22-_jpg.rf.435638a1dd5074b716ad78ad28a06cb9,229.17953499176875,28.14212237580665,31.629999490305373,2750.0,0.0419540172856901,UNet
c--23-_jpg.rf.74df4ed4e90eb51ebf380dbd3f962265,235.99171734801516,26.43799345750188,29.53972850773832,2467.0,0.0450268083656654,UNet
c--24-_jpg.rf.238a28575d9e715a7992b00b0d74e1a7,262.04766795954464,27.737542627120607,32.31879623738509,2513.0,0.0531702008725535,UNet
c--25-_jpg.rf.c7b8c3ad35689b885590cc09c805dc7f,339.3123500861036,32.41621269403402,38.243304920663945,2715.0,0.0665165001273438,UNet
c--26-_jpg.rf.3623cac76c9a86c3839ec138bd60ad38,211.69415618181284,26.267484975076982,29.783209838057065,2626.0,0.0391590673797923,LinkNet
c--27-_jpg.rf.0caad65ba0c0030d955dcf4d99ad7496,212.76776093557365,26.25173733424624,30.58988776052053,2421.0,0.0384644644445988,LinkNet
c--28-_jpg.rf.63cf2b462abe6a606a2f98eeee9fac97,222.7858900224579,26.376031568049587,29.50136079191865,2658.0,0.0385240018390439,UNet
c--29-_jpg.rf.c745f8305bbad434ef2f033ced947a96,185.2543618733574,25.29858995604156,28.728395005912063,2502.0,0.0345713803744902,LinkNet
c--3-_jpg.rf.81e764c371b815a320261f0fdf5b1c99,200.96961184658065,22.7207034673917,29.247507352758884,3173.0,0.0399694374708514,UNet
c--30-_jpg.rf.dc31d1c1b3a5e0297ea8625cda59cf97,173.91970402989816,24.07707777237531,28.12629961600778,2156.0,0.0316772014778504,LinkNet
c--31-_jpg.rf.66b0a781ec2ef637329eab5e3dcfd3af,217.8977824425028,26.945404209293788,30.43905296126817,2635.0,0.0401678954523353,DeepLabV3Plus
c--32-_jpg.rf.ba4e2455307a29f2f386e5c1f4974476,230.76098343156357,29.26217953170532,32.9348220883788,2666.0,0.0429926140554557,LinkNet
c--33-_jpg.rf.060df43ce21c08b048fc7006cddde82c,182.54033334204053,24.897274841150924,28.76022213264224,2509.0,0.0328117196053332,DeepLabV3Plus
c--34-_jpg.rf.e852f0fb16bb5a7204a0cf1670a3da31,173.44711849386522,24.97730302218429,27.144939501994152,2729.0,0.0312009023222891,DeepLabV3Plus
c--35-_jpg.rf.11b7b9f40d845e49e3d656a8c5dc34c5,181.14251520747504,24.932643361084374,27.791681266517124,2527.0,0.0331656363389794,UNet
c--36-_jpg.rf.095669007899fc6932329c83b4d21c68,234.10259080034737,28.10808352434914,31.956161983032743,2706.0,0.0426651583860073,LinkNet
c--37-_jpg.rf.c56cab6f013e88f18752b5cc3d23d7ba,120.89902891711183,24.70508151661589,27.710356459692928,2470.0,0.0287631767830622,LinkNet
c--38-_jpg.rf.6f6d22e248524cc394c14c605ee83238,181.93605649172912,24.682361385369017,28.758544925703134,2425.0,0.0315085121935891,DeepLabV3Plus
c--39-_jpg.rf.4133545d32cf99a24c0cdd0280ae10ab,194.2445829090363,25.77125071527564,29.83027171649476,2492.0,0.0361557365933364,UNet
c--4-_jpg.rf.f69e65573d335931c14ee37a0cf9af6f,226.48140836301968,25.03853392473812,32.103891404058935,2978.0,0.046201018089445,DeepLabV3Plus
c--40-_jpg.rf.9f217f3f081c76f280a24c03f91fce7b,189.0485701162634,25.97112767132712,30.535447325139064,2357.0,0.0357257443001213,UNet
c--41-_jpg.rf.5615879d294858630cf3ce62385553e2,162.89612062274404,25.88641588193073,28.33096861878041,2196.0,0.0347962994201719,DeepLabV3Plus
c--42-_jpg.rf.6ac4e7861933cafe922f3abcf1384eed,243.18870941540547,29.818758248409857,33.691889457128525,2625.0,0.0452384968792482,LinkNet
c--43-_jpg.rf.8c4959bd330ff5ac473ccc296ebfc27a,124.74788833449432,27.954986422166435,29.959546636700413,2582.0,0.0342935392004127,LinkNet
c--44-_jpg.rf.aae771386d128b9756e935a45d2d7c5c,66.68207460385645,26.54426109132044,29.81946479232202,1456.0,0.026957209151559,LinkNet
c--45-_jpg.rf.a6a1d41b212d4b9ea7290a4474ed4473,200.6574145387785,27.492784398556548,30.969998588689744,2518.0,0.0388580727745418,LinkNet
c--46-_jpg.rf.dc818e8db1b49c87b872e0919f535125,216.2002522268756,28.27697457422494,31.11996851246044,2842.0,0.0407301930665396,LinkNet
c--47-_jpg.rf.641b989be2eb6c20fcbf9f591cac1f11,177.0860667482005,25.852790484601314,27.815463182186,2786.0,0.0333740172195375,DeepLabV3Plus
c--48-_jpg.rf.27b501a811a3c5fff2e016aed54df53b,169.02989094726522,27.51477354290496,30.118447283106928,2571.0,0.0384677720776235,DeepLabV3Plus
c--49-_jpg.rf.c945f2e5ebfb7b16328e4bd970003cb0,207.705825571209,28.011649483513104,31.448049174471425,2613.0,0.0411998769560514,LinkNet
c--5-_jpg.rf.e987df9bff6061ef3010945913a35d59,199.2340570113104,22.980594117043903,30.889936789803887,2716.0,0.0393939093245482,LinkNet
c--50-_jpg.rf.b3f95f199205f73aaa53e00bfeb2a21d,225.52371806400703,27.674657908054417,30.897462326651112,2566.0,0.0431480728076181,UNet
c--51-_jpg.rf.fd39da9ab3817fc910f73805615dd55c,103.66619935174262,25.643896920924416,27.76384324647694,2420.0,0.0290410179571396,UNet
c--52-_jpg.rf.04dbfa2df074ab4c13ee61da878cce86,68.24934563198232,26.274867611988185,28.34282625851028,1726.0,0.0258756131524719,DeepLabV3Plus
c--53-_jpg.rf.08a6885937f0e85045ad0ca2f94c05f8,184.18606420609052,26.32522301715669,28.71329568280136,2721.0,0.0359175870155558,DeepLabV3Plus
c--54-_jpg.rf.dcda4d5fd6da39d739cd613b414c731e,177.99692716549742,26.797807700831207,29.745419576248548,2522.0,0.0356794374377751,UNet
c--55-_jpg.rf.fe4f8cfb75f3da70e30f98dfcced9d2c,201.64904443083915,26.81534477112833,29.49994245287767,2781.0,0.0379253202615676,UNet
c--56-_jpg.rf.327e9572816d254e294e1bd2dd41918a,187.01803981387647,26.708680221346803,29.18454479894037,2671.0,0.0400686664615934,UNet
c--57-_jpg.rf.124bdf17a8e81f82372621c8ef41915c,191.20324305888104,26.15707618471146,28.944489306314097,2660.0,0.0356033618782063,UNet
c--58-_jpg.rf.996d121726d06f8d58bdb6909d35bd47,160.2947647441403,25.81820918132775,28.245351246107777,2723.0,0.0352924443738816,DeepLabV3Plus
c--59-_jpg.rf.4a86418df2cc6824dd52d53f6f9e20d5,50.6591905826321,26.547906102913693,28.687868882460133,1037.0,0.0215889207524203,LinkNet
c--6-_jpg.rf.9ff82a58a37f91f8e6f57c4b9f09ee81,175.93109137110676,21.6711518170482,28.76172971810212,2789.0,0.0340785430538052,UNet
c--60-_jpg.rf.8a696cfbdfe586ebb9ce57daebb8da17,165.83744637017483,25.440983557756237,27.6484915945562,2545.0,0.0347731459889988,UNet
c--61-_jpg.rf.6bdcdbae7ebb1515ee203cf9a79eade0,207.2417042624301,27.53252230171567,30.672065631306165,2609.0,0.0390366849578772,DeepLabV3Plus
c--62-_jpg.rf.d14c9bc47d5073872883622ac6fef3b1,223.73906596434736,28.223589377205776,31.499015415417865,2901.0,0.0419837859829127,LinkNet
c--63-_jpg.rf.3d66391c67ed0068cfd7847189eed6e0,198.71949776465948,27.0292626293698,30.740180512838503,2786.0,0.0360333541714213,UNet
c--64-_jpg.rf.eaa73a88b5baa9db91ba9aa42a204611,232.72992670542789,28.13214655460406,30.915594090192844,2948.0,0.0398007481865901,DeepLabV3Plus
c--65-_jpg.rf.991c343f81438255490fe97e5e285ad5,118.22577781491697,26.48235543162957,28.524059424874533,2722.0,0.0298580033142482,UNet
c--66-_jpg.rf.a6c86839628f180ad5e8b8421ed20873,234.98185511218287,28.3891000261303,31.485841602541257,2841.0,0.0430852277801482,LinkNet
c--67-_jpg.rf.03c27a6e809cbfcf3ac36e52a83b6ee5,214.0015283493141,28.526138569977935,30.937613051856054,2911.0,0.0422351660927923,LinkNet
c--68-_jpg.rf.f08b69d4c04cc2b51516b5e1d71e6cef,196.33479473340284,26.733318779748025,29.146301991273845,2886.0,0.0367643410698869,DeepLabV3Plus
c--69-_jpg.rf.3957a3460762ebdef8b08e044289b229,196.66426720354173,28.362956494702825,29.747909058140056,2666.0,0.0385372323711428,LinkNet
c--7-_jpg.rf.c6ffcb2b7210f2a9803ecade4423dbac,233.22853938988436,25.302036509653327,33.09527522494803,2988.0,0.0465218584928439,LinkNet
c--70-_jpg.rf.050e808aa9f90f3d0097f57e61887b5f,239.57023553530837,29.14531093404249,32.246600728571394,2624.0,0.0444115886230654,LinkNet
c--71-_jpg.rf.b1cc381d982d258583014caf2cdc3a35,188.2413651438181,26.883581240428537,28.69079143337027,2726.0,0.0361821976575342,LinkNet
c--72-_jpg.rf.e3cdcdf20310e9432bf6fb7e91576872,222.4482668054978,29.65482534043813,31.948891482717347,2907.0,0.0441436703480622,DeepLabV3Plus
c--73-_jpg.rf.82225c2e474e6f517e8e668051b99970,203.0887193967604,28.63899170114874,31.963613547313685,2616.0,0.0399694374708514,LinkNet
c--74-_jpg.rf.1e1e220f9d653d2eb7348d9b13a19c2f,255.3385210172191,30.76617019094965,33.58997568137411,3055.0,0.0480367544181708,DeepLabV3Plus
c--75-_jpg.rf.0c182238125f83ccaacc8677f3f16f00,226.78437505257529,29.488990543477183,32.48779159235481,2812.0,0.043333300257003,UNet
c--76-_jpg.rf.79ebbcca309c298a16fc362a78234fb0,206.9534909767394,27.98392821113283,30.803297096956182,2838.0,0.0398338245168375,UNet
c--77-_jpg.rf.d0757ba2fd080cc2bf7eabe8c1ede585,195.19547770330152,27.568721037538328,30.06624352542194,2859.0,0.0383817736189805,UNet
c--78-_jpg.rf.ebbe97357e52c519aed13647cdefae27,199.60940062845063,27.258818976552188,29.439442352525028,2861.0,0.0404655824245611,LinkNet
c--79-_jpg.rf.a989da0905327fd55ae0bf5e6bb0f9cf,248.34888316475352,28.289136740856875,32.24329780441951,2684.0,0.0452418045122729,UNet
c--8-_jpg.rf.6a58234f1d1bc7051816e00949215841,195.1275563432681,23.23012526006265,29.60719570262376,3009.0,0.0430157674866288,DeepLabV3Plus
c--80-_jpg.rf.c1d42d212a2a712ec9d6ee142c288344,227.56737811830135,26.63295857851163,30.59586642191973,2474.0,0.0382296224998428,DeepLabV3Plus
c--81-_jpg.rf.e52081310dbb8e3fff8e5ea663abba98,178.47683434076149,26.45494838438665,28.13290993457171,2591.0,0.0324809563028601,DeepLabV3Plus
c--82-_jpg.rf.98a655b37dc393a91af5501459685878,189.78193071492083,30.524428523704152,30.78808605509897,2752.0,0.0396022902051063,UNet
c--83-_jpg.rf.9f541a40b42ccd5070759c68df1338e8,77.29350281574933,27.769166906470065,29.056805064519697,2165.0,0.0251446262540063,UNet
c--84-_jpg.rf.57fb8761bfbe6030b7b4b2b46be0787a,192.46468932559364,28.67756200985013,30.51339362511167,2765.0,0.037895551564345,LinkNet
c--85-_jpg.rf.f6838c602dceccd3b68d69db59154172,198.58715565437475,28.85733186474427,30.63231505701096,2953.0,0.0423773943128557,UNet
c--86-_jpg.rf.4ec983fac5ca777574451d5549033606,199.14017108354903,27.431358345654267,29.23892021878581,2846.0,0.0366783426112439,DeepLabV3Plus
c--87-_jpg.rf.c7180b1074e47bceb0985944a0dc085e,205.74511307087505,27.70163827063715,28.495279084466933,3147.0,0.0370124135467418,DeepLabV3Plus
c--88-_jpg.rf.34d7d608352ba8b74f1b82d433e7c1c7,191.21565086442104,28.98489073234303,30.46020013727065,2944.0,0.0391458368476934,DeepLabV3Plus
c--89-_jpg.rf.285c476d489dcc60e2c2087e9d0a38a3,207.1827764365984,27.77590455494144,30.00046473590229,2636.0,0.0362648884831525,LinkNet
c--9-_jpg.rf.9e6a6e449de3217a6737923d26a276d0,208.11432159372956,24.135870949389908,29.78299477188268,3184.0,0.0440609795224439,UNet
c--90-_jpg.rf.7341660982749acd4f79f3b7fd004e0b,205.88621996329016,28.753267114520177,30.0591898043328,3031.0,0.0362880419143256,DeepLabV3Plus
c--91-_jpg.rf.fd4615a24ba1bf4c59222cf13db5c464,208.8454227962755,27.342134944812145,28.777653414829437,3000.0,0.0362748113822267,DeepLabV3Plus
c--92-_jpg.rf.1bc5c02d6bd4041847097d4f58804260,70.14379932158276,28.675957807833136,30.42265435462658,1534.0,0.0251909331163526,UNet
c--93-_jpg.rf.6b75dd24411c3ff857686011d4adbb68,233.97444574407712,29.606765432588784,31.05189374029432,3154.0,0.0417654822032805,UNet
c--94-_jpg.rf.c627b1f3c4503b49d23df4995bdf2797,209.78216882931417,26.70347400696588,29.382336916684626,2618.0,0.0362781190152515,DeepLabV3Plus
c--95-_jpg.rf.040898b558cf72633e939a31415b00cf,199.2702663280665,26.91603242803417,29.009021329225757,2700.0,0.0348922207778891,LinkNet
c--96-_jpg.rf.8d2da905c6aef356ed00ffaee5d88216,194.981787461164,26.73541251145268,28.325773382423357,2887.0,0.0340454667235579,DeepLabV3Plus
c--97-_jpg.rf.7d8a55ef0acaba6d85161d5327dc2ab1,188.8631527978396,27.51732042033401,29.9162743657781,2954.0,0.0368768005927278,LinkNet
c--98-_jpg.rf.dc4bb77820fa1868fd06673f8f9acb94,252.8737881140081,30.19211063370941,32.38621732956332,3125.0,0.0445472015770794,UNet
c--99-_jpg.rf.8e62e693e2d2ec6c58d64e9673e410b7,216.45792853859197,27.947236637989487,29.294731817624136,3206.0,0.0402009717825826,DeepLabV3Plus
d--14-_jpg.rf.721fb3ecbe01cf8e0ea25aba8aadf5ff,130.1033929656692,24.5266016386014,34.35112108436338,1484.0,0.0360432770704955,UNet
d--17-_jpg.rf.22ba2f8b8b408084198875024de87813,160.40677743133935,23.043948519999603,31.49418329510554,1401.0,0.0351502161538181,UNet
d--18-_jpg.rf.56f9d9426478a463e3d2342346b02fc6,98.65757644559402,22.2300657226682,25.520697953269146,1436.0,0.0322758830553267,UNet
d--42-_jpg.rf.0811848782d8f404779d8317f549fcd1,171.69777287553111,23.588027691503683,25.21529327932349,1789.0,0.0395162917464633,DeepLabV3Plus
d--43-_jpg.rf.614289e8894cf559ab218b2fcdc0b02e,174.9036959090528,22.736864562350537,28.915317607206173,1650.0,0.0394766001501665,DeepLabV3Plus
d--45-_jpg.rf.467252ef1218f9dec3cfc63de01c3eec,151.20067732604775,27.175423625099643,28.717908463383463,1873.0,0.0384148499492278,UNet
d--54-_jpg.rf.b2c223f16454ffe9a2b3c013d01ff5a6,81.73021986563052,23.505594861261333,23.971843608743804,1175.0,0.02946770261733,UNet
d--57-_jpg.rf.c05a10a639d08e6bc69a5feb78856959,114.82778146972588,23.14385557551161,30.652764775162844,1442.0,0.0345283811451687,DeepLabV3Plus
d--58-_jpg.rf.bd3fa7b2def684beeae6eb2bc61289e5,187.23317513217597,24.30713357214444,34.515866089968505,1786.0,0.0340884659528794,UNet
d--59-_jpg.rf.4a27f3dc984023509fec8c6a4de30a76,198.3113871434022,26.99462178870179,35.710223618723084,1873.0,0.041500871561302,UNet
d--6-_jpg.rf.3c64d69dbe8bbddcfb7691cacc2bccbb,132.9796376670428,19.470242879493007,22.76660834934597,1591.0,0.0323949578442171,DeepLabV3Plus
d--68-_jpg.rf.a939856757dd8a36ffb6c48b364522ba,172.95008965281653,25.26856657107607,31.469368643080102,1825.0,0.0398933619112826,UNet
d--69-_jpg.rf.cba7e7baf07068e9390dd49595bb4cde,194.1705751944261,22.04661116458451,27.603894378976083,1658.0,0.0415901776529697,LinkNet
d--75-_jpg.rf.3b1bf5766e57e9f1de9a1df32f069cb0,221.22557027089223,24.29858995604156,30.8153665949985,1696.0,0.0371182578035332,DeepLabV3Plus
d--77-_jpg.rf.84995c9e1346e58c80469258e984e259,183.11682236073176,22.63733457700335,31.286288345656807,1769.0,0.0323982654772418,DeepLabV3Plus
d--81-_jpg.rf.cd6b045374185d67cc7a38a6378265cf,168.88947318747964,25.107058158111474,31.969420371150346,1767.0,0.0368701853266783,UNet
d--85-_jpg.rf.306207ac8094d1cf2db43ab3740bcc16,109.4788904007588,22.364785615765506,29.30860406123686,1507.0,0.0370752585742117,DeepLabV3Plus
f--103-_jpg.rf.ed9b67fd6b80a99ad4bde6a583098131,176.9177603414626,35.89098703077091,35.17609521681962,2853.0,0.0295702392410966,LinkNet
f--11-_jpg.rf.3f002db831a7cff3ff47824394658d2d,115.95912696420002,126.9400160750965,32.50014433672027,1712.0,0.0407202701674654,UNet
f--134-_jpg.rf.9b0bb35a947fd0b393fbc6cd2e0e7fbc,246.68974637792027,29.46544350397412,35.50672610871698,2808.0,0.0467831615017977,DeepLabV3Plus
f--135-_jpg.rf.da5d89174df74166cf10d84d786ac83e,229.1764767831633,29.738604377321543,35.529465847641724,2948.0,0.0468956210246385,LinkNet
f--137-_jpg.rf.66f2bb89726e9a6719c952be6104341d,203.8787341084833,27.922148241496902,34.36370845094155,2718.0,0.0407070396353665,LinkNet
f--138-_jpg.rf.072ce3b77221d1e986b6a16cdb665dd1,194.7685181595528,27.776139396886197,33.59770649927426,2514.0,0.039162375012817,UNet
f--144-_jpg.rf.ed5510c624dd84bd65e21483c4aa760d,91.21946921733615,17.82393469409356,27.00719088059876,1702.0,0.0229417426595354,DeepLabV3Plus
f--147-_jpg.rf.021b9250b139c3ff578d10b64dfeff95,125.340705756669,18.50082856207269,27.312428149682955,1909.0,0.025862382620373,UNet
f--148-_jpg.rf.77f505d8bb4a9f89dfa8a596bf881709,176.69453880386615,20.235331474443573,29.988835467951347,1830.0,0.0325338784312558,DeepLabV3Plus
f--149-_jpg.rf.794975c6f460b59c78e3dcc5f0de69c8,168.55412913252013,19.20138523671076,28.81115725399266,1730.0,0.0321435777343375,DeepLabV3Plus
f--15-_jpg.rf.f9cc0c09bcf07409978fc11d674e94b0,120.45520966424564,121.199546192749,32.46611837624244,1697.0,0.0410642640020375,LinkNet
f--150-_jpg.rf.6b705da474117512fe933182304b2722,174.365356750342,19.717210606917583,30.40610456378245,1881.0,0.0331821745041031,LinkNet
f--158-_jpg.rf.8b6f5b9b1304213ced02bd17ac1a8a76,166.91188889140625,19.819102242244423,29.252117449282437,1910.0,0.032444572339588,UNet
f--163-_jpg.rf.d94bb6ab9a006caa6f49daeac1d3c1db,151.5467318214097,18.81532161769716,26.592454436909247,1895.0,0.0285051814071332,LinkNet
f--166-_jpg.rf.cf337eb20d9cf6095fab46139cb62218,158.24062127603287,18.94780224323672,27.677092887978045,1810.0,0.0269770549497074,LinkNet
f--169-_jpg.rf.85d55df7c3bff552202ff707c505604a,154.80370357762135,18.93742289080511,28.60926590522402,1729.0,0.0278138861049644,LinkNet
f--182-_jpg.rf.3168edb7cf7f6a2d8073fbc0ccb784e1,164.16398821128607,20.36493445925161,28.180922519419425,2207.0,0.0314688205972923,DeepLabV3Plus
f--196-_jpg.rf.09ae3f755b81acd5075c587a15b7feed,157.91856242914014,20.138715513791176,28.87029134376503,2044.0,0.0312372862855611,LinkNet
f--200-_jpg.rf.645677c4f2c27c0ee1428f8f4eb21ab0,154.83630315232188,19.81492139410117,28.471517386386036,2131.0,0.0322097303948321,UNet
f--28-_jpg.rf.de4fc5ebba3bbc0baea64e669225c7c5,77.16498024005621,98.05158253702068,31.81607582450657,1559.0,0.0319219663216805,UNet
f--46-_jpg.rf.56f235e94be31d30b971fa58c20b7b50,232.83727082644475,28.578187483255107,35.7171956581176,2717.0,0.0467864691348224,LinkNet
f--5-_jpg.rf.3f432ceb94aa0081a348c99e6f38463f,150.84371017421824,116.39613205394087,32.99745593305942,2184.0,0.0460025601079611,LinkNet
f--63-_jpg.rf.63d2d0ffb809747cd6893cea91ba90e5,307.0968723279273,30.54744634192325,35.967329289168184,2900.0,0.052439213974088,UNet
f--69-_jpg.rf.f64befeb75667b0721e71c38d792398f,207.30769255532064,24.55878490793204,30.67023248297708,2349.0,0.0345713803744902,UNet
f--76-_jpg.rf.bb8558129ef69b8ac4cbd84c63003c9d,340.2778183665062,30.218148320880093,34.868315464900284,3168.0,0.0602485355454783,LinkNet
f--81-_jpg.rf.81c38398a7e4015a09b5db1b6e84c530,193.144469221002,21.91392546579742,31.677692574023972,1543.0,0.0325239555321816,LinkNet
a--23-_jpg.rf.1ab5e302030f3bb3c08981ca42a8e631_blur5,18.83390385380676,28.51640751361918,32.603727560359495,1073.0,0.0233320433564536,UNet
a--23-_jpg.rf.1ab5e302030f3bb3c08981ca42a8e631_blur9,5.886739998064844,28.51140306485276,31.805735989577308,289.0,0.0144080494557289,LinkNet
a--23-_jpg.rf.1ab5e302030f3bb3c08981ca42a8e631_bright0.5,48.34863770075018,13.801892627616752,16.749039413070832,710.0,0.0224356748067515,UNet
a--23-_jpg.rf.1ab5e302030f3bb3c08981ca42a8e631_bright1.5,335.92525367999826,41.476246233432896,46.52065657402862,2975.0,0.0473686125471751,UNet
a--23-_jpg.rf.1ab5e302030f3bb3c08981ca42a8e631_combo0,43.34813828457322,41.66270081467001,45.89475791186632,1875.0,0.0273905090777988,UNet
a--23-_jpg.rf.1ab5e302030f3bb3c08981ca42a8e631_combo1,391.80871233674463,14.816264293109208,41.64781803741598,365.0,0.0315382808908117,DeepLabV3Plus
a--23-_jpg.rf.1ab5e302030f3bb3c08981ca42a8e631_gamma0.5,180.9035063370468,7.133767294786178,23.631773683428637,210.0,0.0250321667311655,DeepLabV3Plus
a--23-_jpg.rf.1ab5e302030f3bb3c08981ca42a8e631_gamma2.0,240.38340425789428,76.41439349587041,36.47208814623496,3468.0,0.0694933698496019,DeepLabV3Plus
a--23-_jpg.rf.1ab5e302030f3bb3c08981ca42a8e631_noise15,1764.1987645054185,29.22899404956819,34.09467178104371,3522.0,0.1080835243491405,LinkNet
a--23-_jpg.rf.1ab5e302030f3bb3c08981ca42a8e631_noise50,12055.089500252912,39.20575792756945,38.21102083650472,5128.0,0.3632442587759773,LinkNet
a--26-_jpg.rf.0ae749f9f22dbfa00f0889c68594bdc9_blur5,16.611387787921913,26.808180437996764,31.23352987202965,1033.0,0.0203386354690719,UNet
a--26-_jpg.rf.0ae749f9f22dbfa00f0889c68594bdc9_blur9,5.363177326182724,26.80379451660597,30.48690620344589,278.0,0.0135480648692988,LinkNet
a--26-_jpg.rf.0ae749f9f22dbfa00f0889c68594bdc9_bright0.5,42.51848245215976,12.893249451759829,16.04635390504,626.0,0.0200409484968461,LinkNet
a--26-_jpg.rf.0ae749f9f22dbfa00f0889c68594bdc9_bright1.5,303.4860715523823,39.086372221174805,44.69919608892448,3118.0,0.0430984583122471,UNet
a--26-_jpg.rf.0ae749f9f22dbfa00f0889c68594bdc9_combo0,233.4665030470296,74.09161812715203,35.23586311361549,3566.0,0.0698373636841739,UNet
a--26-_jpg.rf.0ae749f9f22dbfa00f0889c68594bdc9_combo1,948.8960719006056,16.934796630183474,36.96409926326327,3680.0,0.0258458444552493,LinkNet
a--26-_jpg.rf.0ae749f9f22dbfa00f0889c68594bdc9_gamma0.5,155.57054350528412,6.410172956130864,22.427480405813604,180.0,0.0225878259258891,LinkNet
a--26-_jpg.rf.0ae749f9f22dbfa00f0889c68594bdc9_gamma2.0,233.4665030470296,74.09161812715203,35.23586311361549,3566.0,0.0698373636841739,UNet
a--26-_jpg.rf.0ae749f9f22dbfa00f0889c68594bdc9_noise15,1715.927220399332,27.54309349686271,32.68171745100995,3508.0,0.0932884818295179,LinkNet
a--26-_jpg.rf.0ae749f9f22dbfa00f0889c68594bdc9_noise50,11823.622399951824,37.79775808633584,36.94933058956684,5142.0,0.3615970575296612,LinkNet
a--27-_jpg.rf.8a800e6ec700f849fa4235fb736d6532_blur5,19.66657405048037,35.416387998584334,36.16211204725607,1335.0,0.0221776794308225,UNet
a--27-_jpg.rf.8a800e6ec700f849fa4235fb736d6532_blur9,6.12141658322544,35.41315974875219,35.3786092619172,383.0,0.014222822006344,LinkNet
a--27-_jpg.rf.8a800e6ec700f849fa4235fb736d6532_bright0.5,51.12030480378813,17.203396277589793,18.52193544733585,865.0,0.0225183656323698,UNet
a--27-_jpg.rf.8a800e6ec700f849fa4235fb736d6532_bright1.5,365.615543127333,51.149174249415374,49.79669062981182,3256.0,0.0519496842864277,UNet
a--27-_jpg.rf.8a800e6ec700f849fa4235fb736d6532_combo0,1883.4417883652152,51.2578035332136,49.67953899260051,2984.0,0.1501830774879188,UNet
a--27-_jpg.rf.8a800e6ec700f849fa4235fb736d6532_combo1,8932.56065145753,26.80697315194274,31.656966800956475,5328.0,0.3527359086564064,LinkNet
a--27-_jpg.rf.8a800e6ec700f849fa4235fb736d6532_gamma0.5,192.25906704622827,9.817980954649045,28.231516860024986,228.0,0.0271325137018698,UNet
a--27-_jpg.rf.8a800e6ec700f849fa4235fb736d6532_gamma2.0,233.97936210330653,86.46467282547935,37.81108241983642,3471.0,0.0655572865501718,UNet
a--27-_jpg.rf.8a800e6ec700f849fa4235fb736d6532_noise15,1892.1591532549637,35.678584068454775,37.73904519647083,3386.0,0.1343163618682834,UNet
a--27-_jpg.rf.8a800e6ec700f849fa4235fb736d6532_noise50,12995.426859880015,44.30173551504808,41.42513636098924,4992.0,0.3634989465188816,UNet
a--3-_jpg.rf.8248ba99e3b3ae254d1723b674f7fd99_blur5,19.04111676446414,43.181999199552806,39.59256801658601,1757.0,0.0216319199817418,UNet
a--3-_jpg.rf.8248ba99e3b3ae254d1723b674f7fd99_blur9,6.267833513973562,43.18185366369972,38.80651613119864,507.0,0.0148082730517214,UNet
a--3-_jpg.rf.8248ba99e3b3ae254d1723b674f7fd99_bright0.5,44.64542425857639,21.07903589112595,20.200214929291118,1288.0,0.0187245105530031,LinkNet
a--3-_jpg.rf.8248ba99e3b3ae254d1723b674f7fd99_bright1.5,319.3388980615864,61.69852909559391,51.3321004757224,3605.0,0.0641614654137352,UNet
a--3-_jpg.rf.8248ba99e3b3ae254d1723b674f7fd99_combo0,15729.3508571592,66.42546083597117,53.45766335842279,4525.0,0.3649642279488375,LinkNet
a--3-_jpg.rf.8248ba99e3b3ae254d1723b674f7fd99_combo1,1991.0002328439805,43.12272972338265,41.204379269014666,3378.0,0.1679880660600467,UNet
a--3-_jpg.rf.8248ba99e3b3ae254d1723b674f7fd99_gamma0.5,170.14947202795906,13.250063671935726,33.540459117163046,398.0,0.0254489284922816,LinkNet
a--3-_jpg.rf.8248ba99e3b3ae254d1723b674f7fd99_gamma2.0,188.64441625730544,96.95632932117448,38.36327697584626,3660.0,0.0671647962001911,LinkNet
a--3-_jpg.rf.8248ba99e3b3ae254d1723b674f7fd99_noise15,1982.0699910309072,43.118495953110994,41.22399210939706,3268.0,0.1711600861307639,LinkNet
a--3-_jpg.rf.8248ba99e3b3ae254d1723b674f7fd99_noise50,14030.891868219334,50.39802732766405,44.8475879824425,4878.0,0.3654107584071762,UNet
a--4-_jpg.rf.11d39a37cd66634e646df4be915b9044_blur5,18.51970009757062,42.06755840453013,39.507874160571454,1196.0,0.0216286123487171,DeepLabV3Plus
a--4-_jpg.rf.11d39a37cd66634e646df4be915b9044_blur9,6.137410676298196,42.06921883630855,38.73479309767006,396.0,0.0136274480618924,DeepLabV3Plus
a--4-_jpg.rf.11d39a37cd66634e646df4be915b9044_bright0.5,42.08481109038615,20.56107709761817,20.12528235967813,1285.0,0.0182680571955902,DeepLabV3Plus
a--4-_jpg.rf.11d39a37cd66634e646df4be915b9044_bright1.5,298.4077865206148,60.15423823557624,51.37172869249825,3577.0,0.0617369704066073,UNet
a--4-_jpg.rf.11d39a37cd66634e646df4be915b9044_combo0,8.585156150864014,66.52369092153964,26.604512839161195,864.0,0.0113881805041494,DeepLabV3Plus
a--4-_jpg.rf.11d39a37cd66634e646df4be915b9044_combo1,6.242755368855707,20.56595254869663,19.704329324981508,498.0,0.0132768389612709,DeepLabV3Plus
a--4-_jpg.rf.11d39a37cd66634e646df4be915b9044_gamma0.5,164.0397049368678,12.83967902729128,33.317844450862914,379.0,0.0248469392817805,DeepLabV3Plus
a--4-_jpg.rf.11d39a37cd66634e646df4be915b9044_gamma2.0,178.87154677506476,95.55149488474552,38.410011765337,3615.0,0.0671647962001911,UNet
a--4-_jpg.rf.11d39a37cd66634e646df4be915b9044_noise15,1969.329136995655,42.082968666792354,41.08605190812914,3276.0,0.1687422063896854,UNet
a--4-_jpg.rf.11d39a37cd66634e646df4be915b9044_noise50,13883.900083317112,49.5957477069834,44.55385627207603,4831.0,0.3638528632525278,LinkNet
a--43-_jpg.rf.feae28fb9f182a3b7cfd06be68c8bef3_blur5,14.961750515061606,19.52734254839894,27.444370807141546,628.0,0.0190618891215257,UNet
a--43-_jpg.rf.feae28fb9f182a3b7cfd06be68c8bef3_blur9,4.947484697819199,19.52456082902514,26.66413862877364,175.0,0.0145403547767182,LinkNet
a--43-_jpg.rf.feae28fb9f182a3b7cfd06be68c8bef3_bright0.5,37.27983234289032,9.307451104914811,14.12402575233046,403.0,0.0192140402406633,UNet
a--43-_jpg.rf.feae28fb9f182a3b7cfd06be68c8bef3_bright1.5,295.8706086629962,28.67901736838101,41.37006441078937,2156.0,0.038153546940274,UNet
a--43-_jpg.rf.feae28fb9f182a3b7cfd06be68c8bef3_combo0,1567.9665994408008,29.75368056864827,40.81208634188246,3270.0,0.0832663537645825,UNet
a--43-_jpg.rf.feae28fb9f182a3b7cfd06be68c8bef3_combo1,144.02301778013543,19.530736179882314,28.361123364483497,1372.0,0.0285481806364547,UNet
a--43-_jpg.rf.feae28fb9f182a3b7cfd06be68c8bef3_gamma0.5,108.80464118974484,4.327578051870301,16.567061582276256,142.0,0.0196903393962246,LinkNet
a--43-_jpg.rf.feae28fb9f182a3b7cfd06be68c8bef3_gamma2.0,239.1491476118929,60.5555037359715,34.926345449479285,2979.0,0.0634834006436653,UNet
a--43-_jpg.rf.feae28fb9f182a3b7cfd06be68c8bef3_noise15,1491.4465619896062,21.21938868326437,28.678971250764867,3641.0,0.0634205556161955,UNet
a--43-_jpg.rf.feae28fb9f182a3b7cfd06be68c8bef3_noise50,10770.940652367784,32.763358702878634,33.41996952792888,5327.0,0.3592949449444483,LinkNet
a--44-_jpg.rf.01dcfe1ce3c2d6d8e020335e0b382c01_blur5,15.830242348422788,24.909139320810635,29.76713546238631,767.0,0.0188535082409676,UNet
a--44-_jpg.rf.01dcfe1ce3c2d6d8e020335e0b382c01_blur9,5.518296152777371,24.904568171970457,28.949486293949345,246.0,0.0143485120612838,LinkNet
a--44-_jpg.rf.01dcfe1ce3c2d6d8e020335e0b382c01_bright0.5,36.3144896632687,11.949730593290136,15.302863127918512,510.0,0.0176561450860149,LinkNet
a--44-_jpg.rf.01dcfe1ce3c2d6d8e020335e0b382c01_bright1.5,276.5614070335501,36.55293701274431,43.97049434662276,2502.0,0.0412131074881504,DeepLabV3Plus
a--44-_jpg.rf.01dcfe1ce3c2d6d8e020335e0b382c01_combo0,11537.129959328273,36.500646642256335,35.708739162240164,5158.0,0.3605749989250192,UNet
a--44-_jpg.rf.01dcfe1ce3c2d6d8e020335e0b382c01_combo1,7783.004541543746,20.398265477241832,19.883471620435287,5496.0,0.3510556310798429,UNet
a--44-_jpg.rf.01dcfe1ce3c2d6d8e020335e0b382c01_gamma0.5,121.6232405898475,5.741065256291945,19.423035785261547,156.0,0.0204709407900612,DeepLabV3Plus
a--44-_jpg.rf.01dcfe1ce3c2d6d8e020335e0b382c01_gamma2.0,188.36426909549647,70.4659892634232,35.79139229130515,3131.0,0.0587171014550277,DeepLabV3Plus
a--44-_jpg.rf.01dcfe1ce3c2d6d8e020335e0b382c01_noise15,1642.3220079715888,25.965580770744648,31.153045851190097,3402.0,0.0846588672679943,UNet
a--44-_jpg.rf.01dcfe1ce3c2d6d8e020335e0b382c01_noise50,11582.861355173647,36.48647343474536,35.74002712450139,5161.0,0.3607635340074289,UNet
a--46-_jpg.rf.f2fc88b781d9457f65bfee1a29f6ca49_blur5,17.233905867105218,27.489347767843853,31.106114794058563,818.0,0.0202857133406762,DeepLabV3Plus
a--46-_jpg.rf.f2fc88b781d9457f65bfee1a29f6ca49_blur9,5.971825577519165,27.484125015297803,30.240750108730804,201.0,0.0156021049776569,UNet
a--46-_jpg.rf.f2fc88b781d9457f65bfee1a29f6ca49_bright0.5,39.47340820892901,13.24214519847452,16.00821023303146,532.0,0.0200409484968461,DeepLabV3Plus
a--46-_jpg.rf.f2fc88b781d9457f65bfee1a29f6ca49_bright1.5,299.9743852781022,40.257357002755256,45.53261807448471,2525.0,0.0450367312647396,UNet
a--46-_jpg.rf.f2fc88b781d9457f65bfee1a29f6ca49_combo0,130.59567493720797,6.578604245016224,21.198285119458266,188.0,0.0228689747329913,UNet
a--46-_jpg.rf.f2fc88b781d9457f65bfee1a29f6ca49_combo1,1999.623384886368,40.50032580185294,45.7793237775938,3290.0,0.1575690220321435,DeepLabV3Plus
a--46-_jpg.rf.f2fc88b781d9457f65bfee1a29f6ca49_gamma0.5,130.59567493720797,6.578604245016224,21.198285119458266,188.0,0.0228689747329913,UNet
a--46-_jpg.rf.f2fc88b781d9457f65bfee1a29f6ca49_gamma2.0,188.71394393137425,74.85812900430324,36.09552948736157,3093.0,0.0566200621173482,UNet
a--46-_jpg.rf.f2fc88b781d9457f65bfee1a29f6ca49_noise15,1719.2591430972377,28.323817273121183,32.562395317169575,3430.0,0.0966854209459169,UNet
a--46-_jpg.rf.f2fc88b781d9457f65bfee1a29f6ca49_noise50,12001.706966192403,38.454852463028935,36.990965908137255,5146.0,0.359999470778716,UNet
a--47-_jpg.rf.4b52f93a6fb94ded6e3a16355ccdf382_blur5,17.09823662546585,26.372436170951705,30.37871860068838,829.0,0.0211490055601311,UNet
a--47-_jpg.rf.4b52f93a6fb94ded6e3a16355ccdf382_blur9,5.919376411927358,26.366164898736816,29.521525437397894,276.0,0.0151688050514171,LinkNet
a--47-_jpg.rf.4b52f93a6fb94ded6e3a16355ccdf382_bright0.5,38.393379937746445,12.666845278850005,15.640212296089782,562.0,0.021519460458901,LinkNet
a--47-_jpg.rf.4b52f93a6fb94ded6e3a16355ccdf382_bright1.5,298.48013764491816,38.69884001309823,44.98893616508344,2533.0,0.0440411337242955,UNet
a--47-_jpg.rf.4b52f93a6fb94ded6e3a16355ccdf382_combo0,11758.393749092616,37.55794146151073,36.35303548021637,5169.0,0.3606808431818106,UNet
a--47-_jpg.rf.4b52f93a6fb94ded6e3a16355ccdf382_combo1,121.2119398857171,6.16838167438999,20.086537200275767,181.0,0.0237421898515203,LinkNet
a--47-_jpg.rf.4b52f93a6fb94ded6e3a16355ccdf382_gamma0.5,121.2119398857171,6.16838167438999,20.086537200275767,181.0,0.0237421898515203,LinkNet
a--47-_jpg.rf.4b52f93a6fb94ded6e3a16355ccdf382_gamma2.0,200.4400050739901,73.15464176680526,35.600499248095154,3092.0,0.060460224059061,DeepLabV3Plus
a--47-_jpg.rf.4b52f93a6fb94ded6e3a16355ccdf382_noise15,1696.7906760322755,27.24162590008964,31.89190476329942,3382.0,0.0896864694655857,LinkNet
a--47-_jpg.rf.4b52f93a6fb94ded6e3a16355ccdf382_noise50,11837.138236206858,37.64561027483123,36.37875792828669,5143.0,0.3615209819700923,LinkNet
a--5-_jpg.rf.a98c3326efbb44b980c9e520cf954882_blur5,16.183504679066555,34.60648097614866,36.97270463513863,973.0,0.0182449037644171,UNet
a--5-_jpg.rf.a98c3326efbb44b980c9e520cf954882_blur9,5.735761646996886,34.60499584892055,36.232111105996616,359.0,0.014308820464987,UNet
a--5-_jpg.rf.a98c3326efbb44b980c9e520cf954882_bright0.5,33.796820334306084,16.786968587409163,18.86261941884063,684.0,0.0174940710678031,UNet
a--5-_jpg.rf.a98c3326efbb44b980c9e520cf954882_bright1.5,249.8108065201908,49.81777918903453,50.478578091272375,2636.0,0.0485527451700288,UNet
a--5-_jpg.rf.a98c3326efbb44b980c9e520cf954882_combo0,16.183504679066555,34.60648097614866,36.97270463513863,973.0,0.0182449037644171,UNet
a--5-_jpg.rf.a98c3326efbb44b980c9e520cf954882_combo1,33.93958678777218,102.412733064092,46.25783952203473,2148.0,0.0323354204497719,UNet
a--5-_jpg.rf.a98c3326efbb44b980c9e520cf954882_gamma0.5,119.33401558876092,9.859210600302315,27.87350445750237,287.0,0.0228557442008924,LinkNet
a--5-_jpg.rf.a98c3326efbb44b980c9e520cf954882_gamma2.0,153.42838644759445,84.31180064234233,39.93457412353115,2969.0,0.0518669934608095,UNet
a--5-_jpg.rf.a98c3326efbb44b980c9e520cf954882_noise15,1787.0265795279747,35.101296261382394,38.21248160699279,3330.0,0.1203449199718189,LinkNet
a--5-_jpg.rf.a98c3326efbb44b980c9e520cf954882_noise50,12820.385308742032,43.97021807224532,41.83151411248827,5108.0,0.3625860398040558,UNet
a--54-_jpg.rf.0383febe7b193195524f26c0df25ea8c_blur5,17.86581924424796,23.96066232043687,28.2548018927316,697.0,0.02054701634963,UNet
a--54-_jpg.rf.0383febe7b193195524f26c0df25ea8c_blur9,6.002940479971495,23.956593931816453,27.355927273119743,174.0,0.0157013339683988,DeepLabV3Plus
a--54-_jpg.rf.0383febe7b193195524f26c0df25ea8c_bright0.5,38.51598403152006,11.482461275886363,14.600508799215593,455.0,0.0196903393962246,UNet
a--54-_jpg.rf.0383febe7b193195524f26c0df25ea8c_bright1.5,301.23350121903275,35.24559175208629,42.4073702422447,2261.0,0.0402373557458547,UNet
a--54-_jpg.rf.0383febe7b193195524f26c0df25ea8c_combo0,1.1386592833295677,0.9974928141672538,3.9238335542928735,111.0,0.0020209637781107,UNet
a--54-_jpg.rf.0383febe7b193195524f26c0df25ea8c_combo1,722.7430725777837,6.485567143296586,6.833108657996087,4297.0,0.0089140710016505,UNet
a--54-_jpg.rf.0383febe7b193195524f26c0df25ea8c_gamma0.5,126.46412705023228,5.225306038745614,17.849198439776668,177.0,0.0219560680181655,LinkNet
a--54-_jpg.rf.0383febe7b193195524f26c0df25ea8c_gamma2.0,198.96155753340295,69.25193579222773,34.8572026163902,2882.0,0.0524491368731621,UNet
a--54-_jpg.rf.0383febe7b193195524f26c0df25ea8c_noise15,1637.464053950712,25.068537463905454,29.779311765291663,3435.0,0.0820822211417287,UNet
a--54-_jpg.rf.0383febe7b193195524f26c0df25ea8c_noise50,11537.686356440508,35.72716988995505,34.719339822656245,5170.0,0.3612100644657676,UNet
a--56-_jpg.rf.b47891c3c1b3bdf692a27eed2ed119ab_blur5,14.027770884074892,23.41703629465718,27.6443672309301,653.0,0.0181886740029967,DeepLabV3Plus
a--56-_jpg.rf.b47891c3c1b3bdf692a27eed2ed119ab_blur9,4.7227211235258455,23.410814636937666,26.931532347200022,200.0,0.0140673632541816,DeepLabV3Plus
a--56-_jpg.rf.b47891c3c1b3bdf692a27eed2ed119ab_bright0.5,33.49308869990865,11.205423856633956,14.193370270918953,477.0,0.019045350956402,DeepLabV3Plus
a--56-_jpg.rf.b47891c3c1b3bdf692a27eed2ed119ab_bright1.5,253.7812463664784,34.52174272568807,41.60211040971516,2219.0,0.0369958753816181,LinkNet
a--56-_jpg.rf.b47891c3c1b3bdf692a27eed2ed119ab_combo0,253.7812463664784,34.52174272568807,41.60211040971516,2219.0,0.0369958753816181,LinkNet
a--56-_jpg.rf.b47891c3c1b3bdf692a27eed2ed119ab_combo1,0.3748540505177367,0.8956044864734347,3.5860244505404624,65.0,0.0,LinkNet
a--56-_jpg.rf.b47891c3c1b3bdf692a27eed2ed119ab_gamma0.5,107.29859987709168,4.964284178598953,17.035049812966488,151.0,0.020719013266916,DeepLabV3Plus
a--56-_jpg.rf.b47891c3c1b3bdf692a27eed2ed119ab_gamma2.0,170.50157272741583,68.32786581594345,34.605067987041366,2954.0,0.0500874868935041,UNet
a--56-_jpg.rf.b47891c3c1b3bdf692a27eed2ed119ab_noise15,1610.3911252497423,24.553717614138147,28.952402157174795,3497.0,0.0771406174027804,LinkNet
a--56-_jpg.rf.b47891c3c1b3bdf692a27eed2ed119ab_noise50,11370.727740021182,35.27176835984401,34.06479813601033,5160.0,0.3614449064105235,LinkNet
a--61-_jpg.rf.ede7ff276baec39f180c1fff9f6f472a_blur5,14.549698583908423,21.67648041385105,27.84255003000045,654.0,0.0163959369035924,UNet
a--61-_jpg.rf.ede7ff276baec39f180c1fff9f6f472a_blur9,4.71636711568425,21.670665594993565,27.11204876923722,181.0,0.0122117811273074,LinkNet
a--61-_jpg.rf.ede7ff276baec39f180c1fff9f6f472a_bright0.5,35.334818027309225,10.335479987166384,14.32170397087703,417.0,0.0161776331239601,UNet
a--61-_jpg.rf.ede7ff276baec39f180c1fff9f6f472a_bright1.5,271.47968614581697,31.89898488742471,41.96545887228138,2259.0,0.0368205708313074,UNet
a--61-_jpg.rf.ede7ff276baec39f180c1fff9f6f472a_combo0,11.63749319870127,32.00318194296979,40.21676454581584,298.0,0.0154697996566676,UNet
a--61-_jpg.rf.ede7ff276baec39f180c1fff9f6f472a_combo1,1845.618974088964,32.61827930314787,42.19162964739888,3420.0,0.1217142800440576,UNet
a--61-_jpg.rf.ede7ff276baec39f180c1fff9f6f472a_gamma0.5,110.26912514504716,4.691444145654928,17.100956512533482,149.0,0.0187145876539289,LinkNet
a--61-_jpg.rf.ede7ff276baec39f180c1fff9f6f472a_gamma2.0,209.45452811779117,65.11057086438373,34.54774461843888,2930.0,0.0579927298226116,UNet
a--61-_jpg.rf.ede7ff276baec39f180c1fff9f6f472a_noise15,1552.4474209775296,23.01811921370948,29.13294087490057,3531.0,0.0672243335946363,UNet
a--61-_jpg.rf.ede7ff276baec39f180c1fff9f6f472a_noise50,11091.12213896059,34.292920673037166,33.99361568043971,5232.0,0.360700688979959,LinkNet
a--66-_jpg.rf.165fbd60b883a3887c7e759b99d14c39_blur5,13.921301009553376,19.020838088055807,26.80727798154298,547.0,0.0155723362804343,UNet
a--66-_jpg.rf.165fbd60b883a3887c7e759b99d14c39_blur9,4.656753508431749,19.015817101124263,26.064326424104717,136.0,0.0112525675501354,LinkNet
a--66-_jpg.rf.165fbd60b883a3887c7e759b99d14c39_bright0.5,32.779561250351684,9.017887679397749,13.794578206580637,343.0,0.0162603239495784,LinkNet
a--66-_jpg.rf.165fbd60b883a3887c7e759b99d14c39_bright1.5,254.0329354583241,27.997810346937623,40.59225432396645,1850.0,0.0309032153500633,UNet
a--66-_jpg.rf.165fbd60b883a3887c7e759b99d14c39_combo0,10679.569397731297,32.39495122895105,32.822477013717915,5245.0,0.3589972579722225,UNet
a--66-_jpg.rf.165fbd60b883a3887c7e759b99d14c39_combo1,1752.379528788791,29.01867820369066,40.73554881734085,3361.0,0.098319391660134,UNet
a--66-_jpg.rf.165fbd60b883a3887c7e759b99d14c39_gamma0.5,106.24062593674624,4.084017186461197,15.79296071407842,119.0,0.0169979261140934,LinkNet
a--66-_jpg.rf.165fbd60b883a3887c7e759b99d14c39_gamma2.0,202.24657205396696,59.65379997420046,34.579045694219786,2792.0,0.04939949922436,UNet
a--66-_jpg.rf.165fbd60b883a3887c7e759b99d14c39_noise15,1460.5210743474051,20.76094413077058,27.950281617711703,3597.0,0.0547876334216471,LinkNet
a--66-_jpg.rf.165fbd60b883a3887c7e759b99d14c39_noise50,10648.456212042942,32.34155941666584,32.92096117739311,5248.0,0.358375422963573,LinkNet
a--67-_jpg.rf.def7d22e1de2a7d2ab101a2c750327ab_blur5,11.748535627799612,16.899070885883354,24.868987298063544,444.0,0.0145337395106687,UNet
a--67-_jpg.rf.def7d22e1de2a7d2ab101a2c750327ab_blur9,4.010295972347565,16.894817269813547,24.202292296333027,111.0,0.011847941494587,DeepLabV3Plus
a--67-_jpg.rf.def7d22e1de2a7d2ab101a2c750327ab_bright0.5,26.64863330420132,7.962263214820842,12.7768384591107,295.0,0.0145734311069655,LinkNet
a--67-_jpg.rf.def7d22e1de2a7d2ab101a2c750327ab_bright1.5,212.4293590294548,24.870969235705235,38.00721728840981,1573.0,0.0292163225074504,UNet
a--67-_jpg.rf.def7d22e1de2a7d2ab101a2c750327ab_combo0,773.3093984516354,8.43993834572042,12.718212666958811,4080.0,0.0192570394699848,UNet
a--67-_jpg.rf.def7d22e1de2a7d2ab101a2c750327ab_combo1,27.285574072697564,24.91553959071349,37.17220413157703,826.0,0.0169549268847719,UNet
a--67-_jpg.rf.def7d22e1de2a7d2ab101a2c750327ab_gamma0.5,75.17042814714083,3.398424243627018,13.515013042057374,133.0,0.0160354049038967,LinkNet
a--67-_jpg.rf.def7d22e1de2a7d2ab101a2c750327ab_gamma2.0,172.1432135785262,55.350943171557,33.81890008626621,2616.0,0.0435879879999073,UNet
a--67-_jpg.rf.def7d22e1de2a7d2ab101a2c750327ab_noise15,1383.087183414523,18.935636768971754,25.893331416006003,3736.0,0.0472164614280374,LinkNet
a--67-_jpg.rf.def7d22e1de2a7d2ab101a2c750327ab_noise50,10381.043510385856,30.917633322418144,31.28975435722496,5311.0,0.3578726627438139,LinkNet
a--7-_jpg.rf.39b8597ed074d53daeaf5daf76fb41ac_blur5,15.062313103799724,29.80786952049244,35.29311621601171,842.0,0.0167498536372386,UNet
a--7-_jpg.rf.39b8597ed074d53daeaf5daf76fb41ac_blur9,5.237420959289694,29.80530279726525,34.56511875042828,326.0,0.0123043948519999,UNet
a--7-_jpg.rf.39b8597ed074d53daeaf5daf76fb41ac_bright0.5,32.10826060370078,14.392893881209668,18.011229998961976,603.0,0.016068481234144,UNet
a--7-_jpg.rf.39b8597ed074d53daeaf5daf76fb41ac_bright1.5,239.37448039102296,42.89727814878395,48.92198950864507,2349.0,0.0420466310103826,UNet
a--7-_jpg.rf.39b8597ed074d53daeaf5daf76fb41ac_combo0,39.60050243566516,43.10480235238861,48.556550661149686,1409.0,0.0223794450453311,UNet
a--7-_jpg.rf.39b8597ed074d53daeaf5daf76fb41ac_combo1,122.51135582959594,29.806265318475447,36.06985112000029,1632.0,0.0282868776275009,UNet
a--7-_jpg.rf.39b8597ed074d53daeaf5daf76fb41ac_gamma0.5,111.4387689285313,8.190737966004148,25.63484563281016,174.0,0.0215756902203214,UNet
a--7-_jpg.rf.39b8597ed074d53daeaf5daf76fb41ac_gamma2.0,150.3272024652177,77.1786948741611,39.08304969347377,2849.0,0.0544370243210256,UNet
a--7-_jpg.rf.39b8597ed074d53daeaf5daf76fb41ac_noise15,1691.6237913355426,30.6324194343286,36.45572248082729,3300.0,0.1014186438043071,UNet
a--7-_jpg.rf.39b8597ed074d53daeaf5daf76fb41ac_noise50,12046.950573661215,40.39052892359698,40.00081084315482,5074.0,0.3614482140435483,LinkNet
a--74-_jpg.rf.5d951a1c56811afb73c39ef9f875f101_blur5,13.187922930660784,19.27173197588074,24.96990255942372,577.0,0.0175403779301494,UNet
a--74-_jpg.rf.5d951a1c56811afb73c39ef9f875f101_blur9,4.57893161787751,19.26982347162547,24.22871659146784,202.0,0.0133132229245429,UNet
a--74-_jpg.rf.5d951a1c56811afb73c39ef9f875f101_bright0.5,32.677521677538124,9.153513863943823,12.8791097932726,409.0,0.0175933000585451,UNet
a--74-_jpg.rf.5d951a1c56811afb73c39ef9f875f101_bright1.5,256.4603103535898,28.374883819390007,37.85417573261248,2101.0,0.0417191753409342,UNet
a--74-_jpg.rf.5d951a1c56811afb73c39ef9f875f101_combo0,10741.712571814498,32.139750802927914,30.67139063042068,5218.0,0.3607668416404537,UNet
a--74-_jpg.rf.5d951a1c56811afb73c39ef9f875f101_combo1,256.4603103535898,28.374883819390007,37.85417573261248,2101.0,0.0417191753409342,UNet
a--74-_jpg.rf.5d951a1c56811afb73c39ef9f875f101_gamma0.5,94.60501236778671,3.712166466554869,14.355326731185633,162.0,0.0189659677638085,LinkNet
a--74-_jpg.rf.5d951a1c56811afb73c39ef9f875f101_gamma2.0,214.62899829217747,61.23696213752476,32.68997723643489,2947.0,0.0610622132695621,UNet
a--74-_jpg.rf.5d951a1c56811afb73c39ef9f875f101_noise15,1485.343168135092,20.837390145238167,26.311107929717927,3534.0,0.0654580575594298,LinkNet
a--74-_jpg.rf.5d951a1c56811afb73c39ef9f875f101_noise50,10809.585487524282,32.41002411264475,31.74981641247165,5262.0,0.3597216296046386,UNet
a--75-_jpg.rf.56688afa3e95fe2889b13430edb5c760_blur5,12.607704711750277,16.870975850971288,23.562768117350103,542.0,0.0180100618196612,UNet
a--75-_jpg.rf.56688afa3e95fe2889b13430edb5c760_blur9,4.375899174111066,16.868194131597487,22.82915610493604,189.0,0.0125226986316322,UNet
a--75-_jpg.rf.56688afa3e95fe2889b13430edb5c760_bright0.5,32.909145638223315,7.9790891440176495,12.180936632048738,381.0,0.0170574635085386,UNet
a--75-_jpg.rf.56688afa3e95fe2889b13430edb5c760_bright1.5,264.0691501524578,24.82408353757967,35.97995102854513,1920.0,0.0394633696180676,UNet
a--75-_jpg.rf.56688afa3e95fe2889b13430edb5c760_combo0,1033.1770170604364,11.29411803619212,12.433301181871094,3943.0,0.0293420125623902,LinkNet
a--75-_jpg.rf.56688afa3e95fe2889b13430edb5c760_combo1,264.0691501524578,24.82408353757967,35.97995102854513,1920.0,0.0394633696180676,UNet
a--75-_jpg.rf.56688afa3e95fe2889b13430edb5c760_gamma0.5,89.81919154304093,3.1395821136436552,12.945057926697862,139.0,0.0170574635085386,UNet
a--75-_jpg.rf.56688afa3e95fe2889b13430edb5c760_gamma2.0,240.3919206240728,56.46527150705683,31.936218924163946,2933.0,0.0620015810485858,UNet
a--75-_jpg.rf.56688afa3e95fe2889b13430edb5c760_noise15,1413.2623529155417,18.780925541872985,24.84995914330562,3700.0,0.0561768392920342,UNet
a--75-_jpg.rf.56688afa3e95fe2889b13430edb5c760_noise50,10385.590860591275,30.711514862849,30.47552606765062,5252.0,0.3575948215697365,UNet
a--79-_jpg.rf.09bcc2e74480e75dd1f335ccc4eeb23c_blur5,16.336177822365936,21.673761539504717,30.100819707012853,668.0,0.0198391828823375,LinkNet
a--79-_jpg.rf.09bcc2e74480e75dd1f335ccc4eeb23c_blur9,5.58497465956266,21.672306180973838,29.28640227703458,101.0,0.015453261491544,DeepLabV3Plus
a--79-_jpg.rf.09bcc2e74480e75dd1f335ccc4eeb23c_bright0.5,42.48638060041771,10.44126801419636,15.44677877336639,438.0,0.0193761142588752,DeepLabV3Plus
a--79-_jpg.rf.09bcc2e74480e75dd1f335ccc4eeb23c_bright1.5,309.2493743517105,31.414165269191717,42.10033467400716,2468.0,0.0440212879261471,UNet
a--79-_jpg.rf.09bcc2e74480e75dd1f335ccc4eeb23c_combo0,5.436452075305587,10.438909671849729,14.979367066167889,176.0,0.013385990851087,LinkNet
a--79-_jpg.rf.09bcc2e74480e75dd1f335ccc4eeb23c_combo1,2012.0052389440743,64.61844799243214,36.028692162689154,2811.0,0.1654841878603252,UNet
a--79-_jpg.rf.09bcc2e74480e75dd1f335ccc4eeb23c_gamma0.5,150.8773099660693,5.258167372846318,21.77931543827743,161.0,0.0197134928273977,LinkNet
a--79-_jpg.rf.09bcc2e74480e75dd1f335ccc4eeb23c_gamma2.0,250.03386365248235,64.36152428960311,35.964055896332155,3299.0,0.0690236859600901,UNet
a--79-_jpg.rf.09bcc2e74480e75dd1f335ccc4eeb23c_noise15,1557.9024711733314,23.089699699997684,31.269182048990857,3589.0,0.0744845880839212,UNet
a--79-_jpg.rf.09bcc2e74480e75dd1f335ccc4eeb23c_noise50,11058.301100440927,34.28512458199788,35.284949305357884,5238.0,0.3591692548895085,LinkNet
a--8-_jpg.rf.fe4fa93cabd6aeecf6b4804e45b74cab_blur5,15.260216073015275,31.290744250506894,36.138470353103855,928.0,0.0157741018949429,UNet
a--8-_jpg.rf.fe4fa93cabd6aeecf6b4804e45b74cab_blur9,5.187456025751481,31.286169794033693,35.424947730250686,372.0,0.0123308559161978,UNet
a--8-_jpg.rf.fe4fa93cabd6aeecf6b4804e45b74cab_bright0.5,32.841400508137035,15.135973486013674,18.42706331153284,679.0,0.0156484118400031,UNet
a--8-_jpg.rf.fe4fa93cabd6aeecf6b4804e45b74cab_bright1.5,246.2977904819029,44.923673060321306,49.384559361072135,2559.0,0.0433597613212009,UNet
a--8-_jpg.rf.fe4fa93cabd6aeecf6b4804e45b74cab_combo0,13636.57131542088,52.35622215386447,50.61022412178943,4844.0,0.3629631099688751,UNet
a--8-_jpg.rf.fe4fa93cabd6aeecf6b4804e45b74cab_combo1,13.002377437149478,8.533087906962898,25.88939435176836,63.0,0.014001210593687,LinkNet
a--8-_jpg.rf.fe4fa93cabd6aeecf6b4804e45b74cab_gamma0.5,114.1768705113567,8.757950722883198,27.066839692549,192.0,0.0202592522764784,LinkNet
a--8-_jpg.rf.fe4fa93cabd6aeecf6b4804e45b74cab_gamma2.0,156.50433384469005,79.58429998908481,39.05689428207681,3012.0,0.0530709718818116,DeepLabV3Plus
a--8-_jpg.rf.fe4fa93cabd6aeecf6b4804e45b74cab_noise15,1730.9575035162927,31.92776129473987,37.31385238939982,3400.0,0.1059798697454114,UNet
a--8-_jpg.rf.fe4fa93cabd6aeecf6b4804e45b74cab_noise50,12280.43370195119,41.43906843823491,40.83556654082588,5069.0,0.3613754461170042,UNet
a--82-_jpg.rf.19555a247947eee0814df82cd1f007ae_blur5,15.837127524902224,18.6982479467868,28.29171953019593,482.0,0.0197134928273977,UNet
a--82-_jpg.rf.19555a247947eee0814df82cd1f007ae_blur9,5.090397260023386,18.696776050090797,27.501637139264336,129.0,0.015403646996173,UNet
a--82-_jpg.rf.19555a247947eee0814df82cd1f007ae_bright0.5,40.82082909583995,8.964909321240627,14.537910886685706,371.0,0.0195547264422106,UNet
a--82-_jpg.rf.19555a247947eee0814df82cd1f007ae_bright1.5,319.0652720140301,27.35600385008484,41.441179572150034,2046.0,0.0355074405204891,UNet
a--82-_jpg.rf.19555a247947eee0814df82cd1f007ae_combo0,158.33738931303745,18.693686720845697,29.23852477170542,1174.0,0.0278701158663848,UNet
a--82-_jpg.rf.19555a247947eee0814df82cd1f007ae_combo1,8374.76823966983,22.846300908606796,25.02003403992431,5469.0,0.3525606041060956,UNet
a--82-_jpg.rf.19555a247947eee0814df82cd1f007ae_gamma0.5,124.34649866497264,4.419821321664004,18.253018349876307,164.0,0.01870135712183,LinkNet
a--82-_jpg.rf.19555a247947eee0814df82cd1f007ae_gamma2.0,255.32080071934055,58.25283546841045,35.925328231931914,3094.0,0.059722621894546,UNet
a--82-_jpg.rf.19555a247947eee0814df82cd1f007ae_noise15,1447.447509732464,20.632945347979533,29.360228516083552,3593.0,0.0578736550337213,LinkNet
a--82-_jpg.rf.19555a247947eee0814df82cd1f007ae_noise50,10589.785172614676,32.30012800539806,33.69927523754854,5337.0,0.3585242664496859,LinkNet
a--83-_jpg.rf.21a1b081a299385626db01a1fb14fde0_blur5,11.01745434266788,17.539336025746614,25.66434928244219,536.0,0.0137465228507827,UNet
a--83-_jpg.rf.21a1b081a299385626db01a1fb14fde0_blur9,3.823388893935116,17.53705375895955,25.066231675848893,131.0,0.0098633616797483,UNet
a--83-_jpg.rf.21a1b081a299385626db01a1fb14fde0_bright0.5,27.57433402758933,8.357614667367885,13.121312415621084,320.0,0.0122845490538515,UNet
a--83-_jpg.rf.21a1b081a299385626db01a1fb14fde0_bright1.5,203.97135161228687,25.65195100733964,37.309330313444384,2296.0,0.0267918275003224,UNet
a--83-_jpg.rf.21a1b081a299385626db01a1fb14fde0_combo0,16854.36467003651,61.76665641300429,41.33229005443171,4525.0,0.3681660167167773,LinkNet
a--83-_jpg.rf.21a1b081a299385626db01a1fb14fde0_combo1,10359.140228920056,31.150887603322182,31.451732167696964,5328.0,0.3596091700817977,UNet
a--83-_jpg.rf.21a1b081a299385626db01a1fb14fde0_gamma0.5,90.56439791206338,3.595459942910254,16.78156620231075,106.0,0.0138027526122031,LinkNet
a--83-_jpg.rf.21a1b081a299385626db01a1fb14fde0_gamma2.0,182.15962384909704,57.980071511026,32.16704377819533,3419.0,0.0528725139003277,UNet
a--83-_jpg.rf.21a1b081a299385626db01a1fb14fde0_noise15,1413.2409603426995,19.3758728016644,26.73463879822443,3623.0,0.0526707482858191,LinkNet
a--83-_jpg.rf.21a1b081a299385626db01a1fb14fde0_noise50,10434.888545742304,31.229447195292572,31.87025193766555,5302.0,0.3587756465595655,LinkNet
a--85-_jpg.rf.1683b61d07eb5ec2da366a362dde227f_blur5,8.90689669650825,13.210338999308703,22.3825321030058,364.0,0.0145965845381386,UNet
a--85-_jpg.rf.1683b61d07eb5ec2da366a362dde227f_blur9,3.311860178642734,13.208867102612698,21.824125788510344,112.0,0.0100155127988859,LinkNet
a--85-_jpg.rf.1683b61d07eb5ec2da366a362dde227f_bright0.5,22.19603657350681,6.057595813859644,11.51195121897957,292.0,0.0130684580807128,LinkNet
a--85-_jpg.rf.1683b61d07eb5ec2da366a362dde227f_bright1.5,171.18830237824804,19.4494312525014,32.89400107163668,1882.0,0.0281942639028085,LinkNet
a--85-_jpg.rf.1683b61d07eb5ec2da366a362dde227f_combo0,1.534543265318733,6.040157972553261,10.9274102916807,79.0,0.0022161141265698,LinkNet
a--85-_jpg.rf.1683b61d07eb5ec2da366a362dde227f_combo1,742.5360516871425,7.721077229923495,12.692065881403254,4174.0,0.0178016809391031,LinkNet
a--85-_jpg.rf.1683b61d07eb5ec2da366a362dde227f_gamma0.5,58.332145153503966,2.555374738283537,13.08165311720717,147.0,0.0126417734205225,LinkNet
a--85-_jpg.rf.1683b61d07eb5ec2da366a362dde227f_gamma2.0,220.10566564456428,48.35397296340766,31.05147891604822,3315.0,0.0690666851894116,LinkNet
a--85-_jpg.rf.1683b61d07eb5ec2da366a362dde227f_noise15,1260.5883761683024,15.898009135682416,23.26247353829726,3825.0,0.0394302932878203,LinkNet
a--85-_jpg.rf.1683b61d07eb5ec2da366a362dde227f_noise50,9845.985670476466,28.325461166734478,29.104860592014465,5338.0,0.3576609742302311,UNet
a--93-_jpg.rf.5bf28129778dcf20d15f6b10b16318da_blur5,14.926923962556394,16.54897446838068,26.08782995849685,492.0,0.0184929762412719,LinkNet
a--93-_jpg.rf.5bf28129778dcf20d15f6b10b16318da_blur9,4.790371973571465,16.54491931029236,25.34170370395654,128.0,0.0134422206125074,LinkNet
a--93-_jpg.rf.5bf28129778dcf20d15f6b10b16318da_bright0.5,33.28388752478503,7.662515587220629,13.530398087518249,342.0,0.0178248343702762,LinkNet
a--93-_jpg.rf.5bf28129778dcf20d15f6b10b16318da_bright1.5,243.42503740379328,24.155475290327487,37.86325214930587,2126.0,0.031485358762416,UNet
a--93-_jpg.rf.5bf28129778dcf20d15f6b10b16318da_combo0,11277.783870168196,36.47690445240482,40.48086669283231,5154.0,0.3594173273663633,LinkNet
a--93-_jpg.rf.5bf28129778dcf20d15f6b10b16318da_combo1,1921.062719291192,36.9498728215102,25.5841019619465,3167.0,0.1421786055680694,UNet
a--93-_jpg.rf.5bf28129778dcf20d15f6b10b16318da_gamma0.5,125.41864355814737,3.69092153963702,17.037161253696237,145.0,0.0169582345177967,UNet
a--93-_jpg.rf.5bf28129778dcf20d15f6b10b16318da_gamma2.0,248.1737066436505,54.73965620462341,33.78375721905602,3390.0,0.0708098077934449,UNet
a--93-_jpg.rf.5bf28129778dcf20d15f6b10b16318da_noise15,1390.008734171687,18.71076733778541,27.20254622921735,3778.0,0.0480896765465665,UNet
a--93-_jpg.rf.5bf28129778dcf20d15f6b10b16318da_noise50,10408.814452150367,30.79460921969629,32.037262773623425,5298.0,0.3577205116246763,LinkNet
b--12-_jpg.rf.016f209b7c5439a4f12cfde8e1b20114_blur5,20.74996274001685,33.688953497987306,34.29221413951815,1758.0,0.02023940647833,UNet
b--12-_jpg.rf.016f209b7c5439a4f12cfde8e1b20114_blur9,6.0753742993125375,33.689300799454905,33.46888135718039,462.0,0.01439481892363,UNet
b--12-_jpg.rf.016f209b7c5439a4f12cfde8e1b20114_bright0.5,53.9219095081265,16.392539964476022,17.629418700716567,1109.0,0.0208248575237074,LinkNet
b--12-_jpg.rf.016f209b7c5439a4f12cfde8e1b20114_bright1.5,405.0955297396933,48.92719568949264,48.47597899055082,3811.0,0.0696752896659621,UNet
b--12-_jpg.rf.016f209b7c5439a4f12cfde8e1b20114_combo0,892.4333428671674,12.638723782873738,23.672643848650036,4046.0,0.0251810102172784,LinkNet
b--12-_jpg.rf.016f209b7c5439a4f12cfde8e1b20114_combo1,10515.425802170745,29.665717375988567,26.314081255574767,5330.0,0.3594801723938332,UNet
b--12-_jpg.rf.016f209b7c5439a4f12cfde8e1b20114_gamma0.5,174.520311795915,8.821960037177796,26.69085692058404,277.0,0.024631943135173,LinkNet
b--12-_jpg.rf.016f209b7c5439a4f12cfde8e1b20114_gamma2.0,286.44371508890725,84.99627229758113,35.483232585611304,3989.0,0.093152868875504,UNet
b--12-_jpg.rf.016f209b7c5439a4f12cfde8e1b20114_noise15,1921.539480039468,33.939440546950195,36.08743392496911,3541.0,0.1461543804637963,LinkNet
b--12-_jpg.rf.016f209b7c5439a4f12cfde8e1b20114_noise50,12873.00044412573,42.939209012638464,40.29998875291529,5088.0,0.3625628863728827,LinkNet
b--20-_jpg.rf.7314f73f985116f2d90f08770260794e_blur5,22.646516452455707,42.98324353109671,40.78209574821887,1939.0,0.0228689747329913,UNet
b--20-_jpg.rf.7314f73f985116f2d90f08770260794e_blur9,7.162943631443358,42.97941990732012,39.90307725007393,554.0,0.0165315498576064,UNet
b--20-_jpg.rf.7314f73f985116f2d90f08770260794e_bright0.5,55.86876954367671,20.97385977620555,20.862440941591096,1353.0,0.0230244334851536,UNet
b--20-_jpg.rf.7314f73f985116f2d90f08770260794e_bright1.5,405.2433088392774,61.463267081443846,53.59252166834645,3698.0,0.0749079651110868,UNet
b--20-_jpg.rf.7314f73f985116f2d90f08770260794e_combo0,13942.431032782746,50.34123196099639,44.58716141543402,4826.0,0.3653677591778547,LinkNet
b--20-_jpg.rf.7314f73f985116f2d90f08770260794e_combo1,13767.13042311496,50.309253764913294,45.195567424907374,4819.0,0.3639686304083934,LinkNet
b--20-_jpg.rf.7314f73f985116f2d90f08770260794e_gamma0.5,208.4023964995096,13.60693081424002,34.67053449732115,416.0,0.0285117966731827,LinkNet
b--20-_jpg.rf.7314f73f985116f2d90f08770260794e_gamma2.0,243.38416494505756,96.28674532218,39.35074324909751,3846.0,0.0842387978738535,UNet
b--20-_jpg.rf.7314f73f985116f2d90f08770260794e_noise15,2021.512440272056,42.88874114794712,42.479444815603465,3320.0,0.1678756065372059,LinkNet
b--20-_jpg.rf.7314f73f985116f2d90f08770260794e_noise50,13983.312381049396,50.373818761556045,45.872184575455925,4861.0,0.3645871577840182,LinkNet
c--103-_jpg.rf.2b6feafb66289f2dd300735b293066f7_blur5,17.106912529658533,29.71295699084778,29.335042080092364,1754.0,0.0201434851206128,DeepLabV3Plus
c--103-_jpg.rf.2b6feafb66289f2dd300735b293066f7_blur9,5.0620478851101804,29.711382557528008,28.623994390967784,390.0,0.0136605243921397,LinkNet
c--103-_jpg.rf.2b6feafb66289f2dd300735b293066f7_bright0.5,56.22208763089708,14.481862594308886,15.11786904367028,1147.0,0.0203419431020967,LinkNet
c--103-_jpg.rf.2b6feafb66289f2dd300735b293066f7_bright1.5,427.684374535236,43.93607337653102,42.33370075859651,3839.0,0.089805544254476,UNet
c--103-_jpg.rf.2b6feafb66289f2dd300735b293066f7_combo0,8.735085053321635,56.19940396452894,21.862495259786964,896.0,0.0091422976803569,LinkNet
c--103-_jpg.rf.2b6feafb66289f2dd300735b293066f7_combo1,2345.29176964158,79.93439309895446,33.64277993247995,3784.0,0.2853660392086818,LinkNet
c--103-_jpg.rf.2b6feafb66289f2dd300735b293066f7_gamma0.5,155.2233941532938,6.7341489956372325,20.773798921828657,278.0,0.023179892237316,LinkNet
c--103-_jpg.rf.2b6feafb66289f2dd300735b293066f7_gamma2.0,329.7488528478485,80.52898644201223,32.13723641655584,4125.0,0.1166205251859716,UNet
c--103-_jpg.rf.2b6feafb66289f2dd300735b293066f7_noise15,1902.9676810903643,30.156738806142936,31.18705455577025,3512.0,0.1471069787749188,LinkNet
c--103-_jpg.rf.2b6feafb66289f2dd300735b293066f7_noise50,12627.026394605367,39.790137299846855,36.350049404443055,5082.0,0.3636577129040687,LinkNet
c--105-_jpg.rf.5de3e19d008e324efdb8d600d8f01288_blur5,15.365251554404542,28.253850911749044,29.1882125279754,1232.0,0.0188270471767698,UNet
c--105-_jpg.rf.5de3e19d008e324efdb8d600d8f01288_blur9,4.95261807600526,28.251978791457045,28.489848880045244,292.0,0.0140409021899838,LinkNet
c--105-_jpg.rf.5de3e19d008e324efdb8d600d8f01288_bright0.5,37.36128079064434,13.623528516758125,15.037676281155516,816.0,0.0188634311400418,LinkNet
c--105-_jpg.rf.5de3e19d008e324efdb8d600d8f01288_bright1.5,280.81640037334023,41.63043816214679,42.00043065381138,3441.0,0.0511790057916654,UNet
c--105-_jpg.rf.5de3e19d008e324efdb8d600d8f01288_combo0,36.03112696454584,41.72392179432477,41.20818674005578,2274.0,0.024188720309859,DeepLabV3Plus
c--105-_jpg.rf.5de3e19d008e324efdb8d600d8f01288_combo1,194.885910110148,77.95469204282723,32.33215929179814,3836.0,0.0673698694477245,UNet
c--105-_jpg.rf.5de3e19d008e324efdb8d600d8f01288_gamma0.5,118.34568648541004,6.347076548551091,20.3076008190746,263.0,0.0217476871376074,LinkNet
c--105-_jpg.rf.5de3e19d008e324efdb8d600d8f01288_gamma2.0,194.885910110148,77.95469204282723,32.33215929179814,3836.0,0.0673698694477245,UNet
c--105-_jpg.rf.5de3e19d008e324efdb8d600d8f01288_noise15,1799.675677928784,28.77160463200929,30.89791751051756,3419.0,0.1162368397551028,LinkNet
c--105-_jpg.rf.5de3e19d008e324efdb8d600d8f01288_noise50,12363.888699008658,38.68356536379002,35.97233219617897,5122.0,0.3627878054185644,LinkNet
c--106-_jpg.rf.0dcb489172a80b8b314ca4e401a022c5_blur5,11.582707370582884,31.388726263598507,31.555171755273133,776.0,0.0180695992141063,UNet
c--106-_jpg.rf.0dcb489172a80b8b314ca4e401a022c5_blur9,4.532303577648238,31.38775051185621,30.918147008715167,171.0,0.0138821358047967,LinkNet
c--106-_jpg.rf.0dcb489172a80b8b314ca4e401a022c5_bright0.5,22.263659046358352,15.1264276571043,16.135066895964105,432.0,0.0156351813079042,LinkNet
c--106-_jpg.rf.0dcb489172a80b8b314ca4e401a022c5_bright1.5,166.11749584686362,46.08180437996765,44.22171414024916,2902.0,0.0369892601155686,UNet
c--106-_jpg.rf.0dcb489172a80b8b314ca4e401a022c5_combo0,73.73191572363547,7.587051939761388,22.92214364390498,255.0,0.0209968544409934,LinkNet
c--106-_jpg.rf.0dcb489172a80b8b314ca4e401a022c5_combo1,12832.201909969144,41.07713730976975,37.365635439159774,4984.0,0.3646367722793891,LinkNet
c--106-_jpg.rf.0dcb489172a80b8b314ca4e401a022c5_gamma0.5,73.73191572363547,7.587051939761388,22.92214364390498,255.0,0.0209968544409934,LinkNet
c--106-_jpg.rf.0dcb489172a80b8b314ca4e401a022c5_gamma2.0,102.1134058402913,82.34464874591094,33.6675152090839,3294.0,0.0345316887781934,LinkNet
c--106-_jpg.rf.0dcb489172a80b8b314ca4e401a022c5_noise15,1801.74063705532,31.73625265024096,33.03155471977673,3325.0,0.107597302294505,LinkNet
c--106-_jpg.rf.0dcb489172a80b8b314ca4e401a022c5_noise50,12764.078056534772,41.099209144943785,37.65277424080862,5024.0,0.3637999411241321,LinkNet
c--107-_jpg.rf.ead53bf2d59c02dc64524867d70cb3f1_blur5,9.1417476804495,30.282577704568837,30.509267451228983,649.0,0.017113693269959,LinkNet
c--107-_jpg.rf.ead53bf2d59c02dc64524867d70cb3f1_blur9,4.026831187863973,30.281760719211725,29.92908339649564,168.0,0.0131445336402816,LinkNet
c--107-_jpg.rf.ead53bf2d59c02dc64524867d70cb3f1_bright0.5,15.926374079175522,14.64835230260873,15.52210655759304,376.0,0.014616430336287,LinkNet
c--107-_jpg.rf.ead53bf2d59c02dc64524867d70cb3f1_bright1.5,116.97639394984073,44.62054833940284,42.88859021722492,2433.0,0.0290013263608429,LinkNet
c--107-_jpg.rf.ead53bf2d59c02dc64524867d70cb3f1_combo0,20189.263626910782,98.44914679606129,48.38077656389019,3931.0,0.3702961323847041,LinkNet
c--107-_jpg.rf.ead53bf2d59c02dc64524867d70cb3f1_combo1,1337.0319591513546,16.520201368698547,16.21690520297285,3534.0,0.041180031157903,LinkNet
c--107-_jpg.rf.ead53bf2d59c02dc64524867d70cb3f1_gamma0.5,49.41346664853449,7.029795158286778,21.725137247179305,172.0,0.0163363995091472,LinkNet
c--107-_jpg.rf.ead53bf2d59c02dc64524867d70cb3f1_gamma2.0,73.08510352676952,81.14740797338017,32.65567010605217,2868.0,0.026785212234273,UNet
c--107-_jpg.rf.ead53bf2d59c02dc64524867d70cb3f1_noise15,1759.2473331975873,30.66326641991724,31.88541492554264,3245.0,0.0971981040647502,LinkNet
c--107-_jpg.rf.ead53bf2d59c02dc64524867d70cb3f1_noise50,12576.407738566582,40.16596048701589,36.80597430886177,5069.0,0.3624041199876956,LinkNet
c--108-_jpg.rf.f7659d7bba7f0f55ea596447f18653e0_blur5,18.21037528033341,29.180828297462053,29.746072464617185,1350.0,0.0235569624021354,UNet
c--108-_jpg.rf.f7659d7bba7f0f55ea596447f18653e0_blur9,5.440431178216371,29.178367418491653,28.96971617245173,323.0,0.0166307788483483,UNet
c--108-_jpg.rf.f7659d7bba7f0f55ea596447f18653e0_bright0.5,55.709516324262864,13.96875609844839,15.430097210257308,931.0,0.0236528837598526,LinkNet
c--108-_jpg.rf.f7659d7bba7f0f55ea596447f18653e0_bright1.5,425.0554206457817,42.93309981444179,43.137331382514944,3534.0,0.0713820283067234,UNet
c--108-_jpg.rf.f7659d7bba7f0f55ea596447f18653e0_combo0,19411.889903597206,80.39444516109826,44.109516110584494,4328.0,0.3714438810442859,UNet
c--108-_jpg.rf.f7659d7bba7f0f55ea596447f18653e0_combo1,3.642911243121262,6.264739639666458,18.324283505940105,111.0,0.0113881805041494,LinkNet
c--108-_jpg.rf.f7659d7bba7f0f55ea596447f18653e0_gamma0.5,169.35549063262414,6.703053937571735,20.84521450536602,338.0,0.0256705399049386,LinkNet
c--108-_jpg.rf.f7659d7bba7f0f55ea596447f18653e0_gamma2.0,291.81118020175245,79.07824867446607,33.20390957292217,3884.0,0.0947008411310781,UNet
c--108-_jpg.rf.f7659d7bba7f0f55ea596447f18653e0_noise15,1874.691715087976,29.66206244149624,31.56341675591021,3587.0,0.1286768475611168,LinkNet
c--108-_jpg.rf.f7659d7bba7f0f55ea596447f18653e0_noise50,12590.277591264034,39.535691014153365,36.52408299055262,5147.0,0.3650436111414311,LinkNet
c--115-_jpg.rf.dac6d7e010e02462379787d7bcbc3a2a_blur5,15.6834661304231,28.79906790901363,28.269377376999863,1447.0,0.0186418197273848,LinkNet
c--115-_jpg.rf.dac6d7e010e02462379787d7bcbc3a2a_blur9,4.822876251427181,28.795849582080567,27.582023756043547,318.0,0.0131015344109601,LinkNet
c--115-_jpg.rf.dac6d7e010e02462379787d7bcbc3a2a_bright0.5,49.0045939710387,14.041438026533832,14.54815378454482,972.0,0.0201964072490085,LinkNet
c--115-_jpg.rf.dac6d7e010e02462379787d7bcbc3a2a_bright1.5,375.25575840890434,42.442858985681255,40.65171752286967,3659.0,0.0703798155002298,LinkNet
c--115-_jpg.rf.dac6d7e010e02462379787d7bcbc3a2a_combo0,4.822876251427181,28.795849582080567,27.582023756043547,318.0,0.0131015344109601,LinkNet
c--115-_jpg.rf.dac6d7e010e02462379787d7bcbc3a2a_combo1,1325.402902224883,16.717098147394744,34.235807493263735,3929.0,0.0405813495804267,LinkNet
c--115-_jpg.rf.dac6d7e010e02462379787d7bcbc3a2a_gamma0.5,138.19610276187686,6.177322206455838,20.11124284470549,294.0,0.0218039168990278,DeepLabV3Plus
c--115-_jpg.rf.dac6d7e010e02462379787d7bcbc3a2a_gamma2.0,277.7362224612559,79.30998144417873,31.08458441537239,4012.0,0.0924152667109889,LinkNet
c--115-_jpg.rf.dac6d7e010e02462379787d7bcbc3a2a_noise15,1863.1181250517984,29.105791334663003,30.149882665052942,3570.0,0.1334365314837049,LinkNet
c--115-_jpg.rf.dac6d7e010e02462379787d7bcbc3a2a_noise50,12388.787918300388,38.93078447132447,35.52144537891415,5155.0,0.3633567182988181,LinkNet
c--127-_jpg.rf.b0ec812900dd231f0e477579871894ab_blur5,17.72551272099763,29.672557561083718,30.304424630493216,1249.0,0.0212912337801945,LinkNet
c--127-_jpg.rf.b0ec812900dd231f0e477579871894ab_blur9,5.245178234766239,29.664420783842875,29.57805647736295,387.0,0.013829213676401,LinkNet
c--127-_jpg.rf.b0ec812900dd231f0e477579871894ab_bright0.5,57.9601628604544,14.297650588262533,15.667064146346808,1168.0,0.022220678660144,LinkNet
c--127-_jpg.rf.b0ec812900dd231f0e477579871894ab_bright1.5,440.6925950947203,43.61884821602813,43.35339679870252,3830.0,0.0900436938322567,LinkNet
c--127-_jpg.rf.b0ec812900dd231f0e477579871894ab_combo0,1008.1756812738388,17.479500944329228,35.50002016989864,3787.0,0.0306782963043816,LinkNet
c--127-_jpg.rf.b0ec812900dd231f0e477579871894ab_combo1,341.8865547519292,80.01029666160599,32.89949928873798,4076.0,0.1201927688526813,LinkNet
c--127-_jpg.rf.b0ec812900dd231f0e477579871894ab_gamma0.5,166.1918293962848,6.924939883769776,22.02266287775487,309.0,0.0235834234663332,LinkNet
c--127-_jpg.rf.b0ec812900dd231f0e477579871894ab_gamma2.0,341.8865547519292,80.01029666160599,32.89949928873798,4076.0,0.1201927688526813,LinkNet
c--127-_jpg.rf.b0ec812900dd231f0e477579871894ab_noise15,1890.262426300345,30.047385150712294,32.12149496559535,3476.0,0.1488931006082737,LinkNet
c--127-_jpg.rf.b0ec812900dd231f0e477579871894ab_noise50,12522.277624712426,39.76342485553913,36.90322118424273,5082.0,0.3632541816750515,LinkNet
c--145-_jpg.rf.d425c871d9e607c5d9f40e841669de0e_blur5,18.57246080063939,28.778944269691166,30.44378597871465,1797.0,0.0215889207524203,LinkNet
c--145-_jpg.rf.d425c871d9e607c5d9f40e841669de0e_blur9,5.450420011054812,28.77682738455534,29.69836274932024,389.0,0.0145998921711633,LinkNet
c--145-_jpg.rf.d425c871d9e607c5d9f40e841669de0e_bright0.5,60.955005175496375,13.79489367613642,15.772068572434764,1085.0,0.0217609176697063,LinkNet
c--145-_jpg.rf.d425c871d9e607c5d9f40e841669de0e_bright1.5,479.8741557254328,42.17645560660336,42.99805066176374,3655.0,0.0924847270045083,LinkNet
c--145-_jpg.rf.d425c871d9e607c5d9f40e841669de0e_combo0,1891.9053768574645,29.26780912311341,32.251095531563394,3562.0,0.148433339617836,LinkNet
c--145-_jpg.rf.d425c871d9e607c5d9f40e841669de0e_combo1,1896.822363638338,29.24534698724246,32.24957761784918,3625.0,0.1475038947378866,LinkNet
c--145-_jpg.rf.d425c871d9e607c5d9f40e841669de0e_gamma0.5,164.4047044076158,6.796901409382432,22.712876674969163,260.0,0.0237686509157182,LinkNet
c--145-_jpg.rf.d425c871d9e607c5d9f40e841669de0e_gamma2.0,386.93369917905255,78.51885516205748,33.006937796054274,3955.0,0.1259381274166393,LinkNet
c--145-_jpg.rf.d425c871d9e607c5d9f40e841669de0e_noise15,1895.235651070985,29.203670811130845,32.27570565743483,3589.0,0.1452282432168715,LinkNet
c--145-_jpg.rf.d425c871d9e607c5d9f40e841669de0e_noise50,12416.042687366167,39.12274295391475,36.915169918682544,5086.0,0.3618980521349117,LinkNet
c--15-_jpg.rf.7b40ed7a869e48e2142b5a37aa10d1f3_blur5,17.939267186756094,27.9978731919651,32.8034337379361,1456.0,0.0231236624758956,LinkNet
c--15-_jpg.rf.7b40ed7a869e48e2142b5a37aa10d1f3_blur9,5.017414435107372,27.99576292209532,32.14087547782038,441.0,0.0130221512183666,LinkNet
c--15-_jpg.rf.7b40ed7a869e48e2142b5a37aa10d1f3_bright0.5,63.2912784059057,13.357181367441646,16.934679997124032,1070.0,0.0244566385848622,LinkNet
c--15-_jpg.rf.7b40ed7a869e48e2142b5a37aa10d1f3_bright1.5,479.2901160324321,40.64611965031704,44.911869606512674,3022.0,0.0853931617994846,LinkNet
c--15-_jpg.rf.7b40ed7a869e48e2142b5a37aa10d1f3_combo0,373.4770485063976,76.37696101292954,34.91738465389884,3443.0,0.1119733007862243,LinkNet
c--15-_jpg.rf.7b40ed7a869e48e2142b5a37aa10d1f3_combo1,10028.697952909108,28.087420740843644,25.964748632325847,5427.0,0.3590171037703709,UNet
c--15-_jpg.rf.7b40ed7a869e48e2142b5a37aa10d1f3_gamma0.5,187.89116827226923,7.203571582140104,25.71248159731294,376.0,0.0247741713552364,LinkNet
c--15-_jpg.rf.7b40ed7a869e48e2142b5a37aa10d1f3_gamma2.0,373.4770485063976,76.37696101292954,34.91738465389884,3443.0,0.1119733007862243,LinkNet
c--15-_jpg.rf.7b40ed7a869e48e2142b5a37aa10d1f3_noise15,1851.1921530169811,28.612987090308305,34.34984370892814,3592.0,0.1299502862756383,LinkNet
c--15-_jpg.rf.7b40ed7a869e48e2142b5a37aa10d1f3_noise50,12128.63207376339,38.78710089273015,38.31301733726293,5128.0,0.3617988231441698,LinkNet
c--150-_jpg.rf.64c31448728f754d79b8af483876fe10_blur5,12.70611360369482,30.90022194217596,31.716543004800037,1433.0,0.0184102854156537,LinkNet
c--150-_jpg.rf.64c31448728f754d79b8af483876fe10_blur9,4.8447491182812,30.89922303700249,31.067840572112857,285.0,0.0143551273273332,LinkNet
c--150-_jpg.rf.64c31448728f754d79b8af483876fe10_bright0.5,28.11630438977187,14.821268741875626,16.264474919094265,835.0,0.0164885506282848,LinkNet
c--150-_jpg.rf.64c31448728f754d79b8af483876fe10_bright1.5,218.5018325428646,45.30864185280372,44.19919707494644,3243.0,0.0523135239191482,LinkNet
c--150-_jpg.rf.64c31448728f754d79b8af483876fe10_combo0,28.11630438977187,14.821268741875626,16.264474919094265,835.0,0.0164885506282848,LinkNet
c--150-_jpg.rf.64c31448728f754d79b8af483876fe10_combo1,8.182256466689541,82.07229493502155,32.51530860329736,1131.0,0.0143815883915311,LinkNet
c--150-_jpg.rf.64c31448728f754d79b8af483876fe10_gamma0.5,77.018715228118,7.536511307143495,23.58072530391993,238.0,0.0210464689363644,LinkNet
c--150-_jpg.rf.64c31448728f754d79b8af483876fe10_gamma2.0,162.46173226871693,81.65782867122458,33.58291369782862,3500.0,0.0625043412683449,LinkNet
c--150-_jpg.rf.64c31448728f754d79b8af483876fe10_noise15,1808.2323332591425,31.25085419622864,33.22532593888254,3449.0,0.1314155677055942,LinkNet
c--150-_jpg.rf.64c31448728f754d79b8af483876fe10_noise50,12653.814672577762,40.71511025994688,37.76499082955346,5081.0,0.365106456168901,LinkNet
c--167-_jpg.rf.81951d88c951df31fbc4c991746c25d2_blur5,14.05881247875579,25.669273081490157,29.695814834150116,964.0,0.01870135712183,UNet
c--167-_jpg.rf.81951d88c951df31fbc4c991746c25d2_blur9,4.711706667480772,25.66779126189508,29.057859160915804,167.0,0.0145072784464709,UNet
c--167-_jpg.rf.81951d88c951df31fbc4c991746c25d2_bright0.5,32.47388386009347,12.206191227495692,15.274431024487017,560.0,0.0184169006817031,UNet
c--167-_jpg.rf.81951d88c951df31fbc4c991746c25d2_bright1.5,248.55624193527595,37.48181297981352,41.22007092259907,3095.0,0.0418184043316762,UNet
c--167-_jpg.rf.81951d88c951df31fbc4c991746c25d2_combo0,18751.78100641127,75.36453423565563,42.98237853903503,4171.0,0.3701671346967397,UNet
c--167-_jpg.rf.81951d88c951df31fbc4c991746c25d2_combo1,8.791106303943826,73.9698277715484,31.484323379780765,621.0,0.013607602263744,LinkNet
c--167-_jpg.rf.81951d88c951df31fbc4c991746c25d2_gamma0.5,100.71148050021884,5.881897655218949,22.102628089512287,209.0,0.020067409561044,LinkNet
c--167-_jpg.rf.81951d88c951df31fbc4c991746c25d2_gamma2.0,180.49627716457093,73.5301474212039,32.53759780595723,3617.0,0.0557005401364729,UNet
c--167-_jpg.rf.81951d88c951df31fbc4c991746c25d2_noise15,1705.3128119207772,26.382722909658614,31.120922621882045,3470.0,0.089990771703861,LinkNet
c--167-_jpg.rf.81951d88c951df31fbc4c991746c25d2_noise50,11814.121868452496,36.90317896610007,35.731634827790494,5128.0,0.3632409511429526,UNet
c--168-_jpg.rf.d2bc150418346bd2320323094366275e_blur5,16.938600607737353,26.585546966735134,29.49653067513471,1406.0,0.0201104087903655,UNet
c--168-_jpg.rf.d2bc150418346bd2320323094366275e_blur9,5.169703941813991,26.58306954959961,28.793380060228493,278.0,0.0150662684276504,UNet
c--168-_jpg.rf.d2bc150418346bd2320323094366275e_bright0.5,50.77569844226494,12.67984758427022,15.254154972746482,842.0,0.0214764612295795,UNet
c--168-_jpg.rf.d2bc150418346bd2320323094366275e_bright1.5,386.9752950486425,38.85240018390439,41.811006759724975,3422.0,0.0659409719810406,UNet
c--168-_jpg.rf.d2bc150418346bd2320323094366275e_combo0,13532.959120866555,47.25532280844505,44.49759176882434,4857.0,0.3658275201682923,LinkNet
c--168-_jpg.rf.d2bc150418346bd2320323094366275e_combo1,9049.863274266629,28.70585550274368,35.88726781964506,5245.0,0.353552894013515,LinkNet
c--168-_jpg.rf.d2bc150418346bd2320323094366275e_gamma0.5,147.95205898211182,6.05892878996861,21.285962215798964,228.0,0.0231005090447225,LinkNet
c--168-_jpg.rf.d2bc150418346bd2320323094366275e_gamma2.0,302.750988442476,74.94037991472922,32.686785275869426,3810.0,0.0940326992600825,LinkNet
c--168-_jpg.rf.d2bc150418346bd2320323094366275e_noise15,1808.4522884097055,27.193671836497085,31.175618322100508,3572.0,0.1150923987285458,LinkNet
c--168-_jpg.rf.d2bc150418346bd2320323094366275e_noise50,12073.140167892114,37.49241063602476,35.838313601954624,5135.0,0.3630094168312214,LinkNet
c--169-_jpg.rf.fa7ced6081099b77fa9acec7af792df9_blur5,16.95702900907126,27.064809761486583,29.78206861476392,1377.0,0.0203154820378988,UNet
c--169-_jpg.rf.fa7ced6081099b77fa9acec7af792df9_blur9,5.212448546573611,27.063139406809093,29.07468227607907,244.0,0.014530431877644,UNet
c--169-_jpg.rf.fa7ced6081099b77fa9acec7af792df9_bright0.5,49.9840373007278,12.892773152604263,15.410020796536628,875.0,0.0206164766431493,LinkNet
c--169-_jpg.rf.fa7ced6081099b77fa9acec7af792df9_bright1.5,384.772596288356,39.65644608062025,42.191606988896254,3529.0,0.0678031693739643,UNet
c--169-_jpg.rf.fa7ced6081099b77fa9acec7af792df9_combo0,40.24880610097828,39.75647882618719,41.35708007825946,2424.0,0.0246286355021483,UNet
c--169-_jpg.rf.fa7ced6081099b77fa9acec7af792df9_combo1,194.49567029305948,27.06466091800047,30.71843084515974,2618.0,0.0364997304279084,UNet
c--169-_jpg.rf.fa7ced6081099b77fa9acec7af792df9_gamma0.5,146.9909190748738,6.231888228464828,21.499755638526945,243.0,0.0234279647141708,LinkNet
c--169-_jpg.rf.fa7ced6081099b77fa9acec7af792df9_gamma2.0,299.7298204793389,75.74236846370368,32.87940687575296,3856.0,0.0978464001375975,UNet
c--169-_jpg.rf.fa7ced6081099b77fa9acec7af792df9_noise15,1802.7791232328548,27.69039562598609,31.49189664032079,3512.0,0.115274318544906,LinkNet
c--169-_jpg.rf.fa7ced6081099b77fa9acec7af792df9_noise50,12100.8940410534,37.89994410100188,36.12670346579522,5184.0,0.363161567950359,LinkNet
c--17-_jpg.rf.129bf866b08f693c0a0ad787f39679bc_blur5,18.261762593485905,27.092167194234133,30.856162175723696,786.0,0.0228524365678676,UNet
c--17-_jpg.rf.129bf866b08f693c0a0ad787f39679bc_blur9,5.357022109349492,27.087771349944266,30.104463742277005,217.0,0.0152746493082085,LinkNet
c--17-_jpg.rf.129bf866b08f693c0a0ad787f39679bc_bright0.5,57.524458261669686,12.94930721626297,15.975688731199222,900.0,0.0241721821447354,LinkNet
c--17-_jpg.rf.129bf866b08f693c0a0ad787f39679bc_bright1.5,433.6416774105473,39.68691930367709,43.93639506463432,2919.0,0.0693246805653406,LinkNet
c--17-_jpg.rf.129bf866b08f693c0a0ad787f39679bc_combo0,8600.266691081611,24.242168351905693,27.65970411835728,5456.0,0.3524779132804773,UNet
c--17-_jpg.rf.129bf866b08f693c0a0ad787f39679bc_combo1,9131.325196553948,29.307811636914508,37.192273327093055,5341.0,0.3544823388934644,LinkNet
c--17-_jpg.rf.129bf866b08f693c0a0ad787f39679bc_gamma0.5,183.50604778326476,6.540301854589837,22.47866189237497,296.0,0.0250685506944375,LinkNet
c--17-_jpg.rf.129bf866b08f693c0a0ad787f39679bc_gamma2.0,304.4042324024064,75.24094452768654,34.11252612503852,3320.0,0.093225636802048,UNet
c--17-_jpg.rf.129bf866b08f693c0a0ad787f39679bc_noise15,1822.2934247740616,27.784431632879198,32.54242791348956,3556.0,0.1186514118631566,LinkNet
c--17-_jpg.rf.129bf866b08f693c0a0ad787f39679bc_noise50,12080.069651277783,38.066853878695866,36.88966438823341,5066.0,0.3625595787398579,LinkNet
c--170-_jpg.rf.c6c10623ecd781ef681ff205c21d35b0_blur5,18.01616109478379,28.91162996847826,31.119247207389343,1612.0,0.0211159292298838,UNet
c--170-_jpg.rf.c6c10623ecd781ef681ff205c21d35b0_blur9,5.448769721520277,28.910690600699237,30.399273432562158,318.0,0.0155524904822859,DeepLabV3Plus
c--170-_jpg.rf.c6c10623ecd781ef681ff205c21d35b0_bright0.5,55.597463657121374,13.847405658037053,16.085424995016535,1028.0,0.0208182422576579,LinkNet
c--170-_jpg.rf.c6c10623ecd781ef681ff205c21d35b0_bright1.5,426.6889377927504,42.37461259348198,44.07145156389363,3647.0,0.0827503630127244,DeepLabV3Plus
c--170-_jpg.rf.c6c10623ecd781ef681ff205c21d35b0_combo0,1860.471201969783,29.393198183447943,32.80944824082133,3493.0,0.1350705021979221,LinkNet
c--170-_jpg.rf.c6c10623ecd781ef681ff205c21d35b0_combo1,10222.57925424388,28.322315607727955,25.702654041758866,5340.0,0.3608627629981709,UNet
c--170-_jpg.rf.c6c10623ecd781ef681ff205c21d35b0_gamma0.5,161.56932155319242,6.985337262801367,22.733485632355567,260.0,0.0248237858506074,LinkNet
c--170-_jpg.rf.c6c10623ecd781ef681ff205c21d35b0_gamma2.0,332.65398782566973,78.41179369631298,33.78415658357883,3986.0,0.1202523062471264,DeepLabV3Plus
c--170-_jpg.rf.c6c10623ecd781ef681ff205c21d35b0_noise15,1865.0938760215136,29.42248396624891,32.83122860586618,3566.0,0.1374817666729511,LinkNet
c--170-_jpg.rf.c6c10623ecd781ef681ff205c21d35b0_noise50,12389.605421068032,39.31401014120286,37.30005149693952,5113.0,0.3636312518398709,UNet
c--171-_jpg.rf.bb7d6200471fc0c8b9670ae147c7be6e_blur5,18.94671070683386,28.931869374956587,31.02757774847081,1030.0,0.0220486817428579,LinkNet
c--171-_jpg.rf.bb7d6200471fc0c8b9670ae147c7be6e_blur9,5.638703929100012,28.928598125895128,30.270897184502743,275.0,0.0157277950325967,DeepLabV3Plus
c--171-_jpg.rf.bb7d6200471fc0c8b9670ae147c7be6e_bright0.5,56.91165969095214,13.90408194991582,16.044732275557095,1078.0,0.0225216732653945,DeepLabV3Plus
c--171-_jpg.rf.bb7d6200471fc0c8b9670ae147c7be6e_bright1.5,453.6864554840583,42.41306051976145,43.86876758724966,3568.0,0.0881848040723577,DeepLabV3Plus
c--171-_jpg.rf.bb7d6200471fc0c8b9670ae147c7be6e_combo0,8678.073571290566,24.54703619542819,27.90689871319752,5493.0,0.3527326010233816,UNet
c--171-_jpg.rf.bb7d6200471fc0c8b9670ae147c7be6e_combo1,14073.540712974136,49.9539114414334,47.19066667339663,4987.0,0.3656985224803278,LinkNet
c--171-_jpg.rf.bb7d6200471fc0c8b9670ae147c7be6e_gamma0.5,147.26717069163806,6.982892921996091,22.762289105302152,303.0,0.0255349269509246,DeepLabV3Plus
c--171-_jpg.rf.bb7d6200471fc0c8b9670ae147c7be6e_gamma2.0,351.39755566765825,78.40404721976905,33.9049458042626,3944.0,0.116603987020848,UNet
c--171-_jpg.rf.bb7d6200471fc0c8b9670ae147c7be6e_noise15,1862.520483802547,29.44373550843281,32.79870377668016,3557.0,0.1347364312624243,UNet
c--171-_jpg.rf.bb7d6200471fc0c8b9670ae147c7be6e_noise50,12392.914135016945,39.33235096632499,37.18621663517275,5205.0,0.3630656465926418,LinkNet
c--172-_jpg.rf.e770140160fd7aaa0429c661fccffa66_blur5,18.892114687472528,27.38694014176515,29.370553227696146,1653.0,0.0207024751017924,LinkNet
c--172-_jpg.rf.e770140160fd7aaa0429c661fccffa66_blur9,5.57657996562951,27.385937928958658,28.58898615695025,328.0,0.015195266115615,LinkNet
c--172-_jpg.rf.e770140160fd7aaa0429c661fccffa66_bright0.5,56.70280250537443,13.128028551488269,15.242126257460276,1015.0,0.0218204550641515,LinkNet
c--172-_jpg.rf.e770140160fd7aaa0429c661fccffa66_bright1.5,441.5919725134984,40.2937277354952,42.13513571099614,3420.0,0.0814703090321535,LinkNet
c--172-_jpg.rf.e770140160fd7aaa0429c661fccffa66_combo0,12103.10263796926,37.97650257499231,35.3659341953278,5097.0,0.3624934260793633,LinkNet
c--172-_jpg.rf.e770140160fd7aaa0429c661fccffa66_combo1,2244.107355672608,40.10614525139665,42.79866052880877,3648.0,0.2135870949389907,LinkNet
c--172-_jpg.rf.e770140160fd7aaa0429c661fccffa66_gamma0.5,159.5384558526091,6.24644512140667,20.992532625343024,266.0,0.0238645722734354,LinkNet
c--172-_jpg.rf.e770140160fd7aaa0429c661fccffa66_gamma2.0,341.0997811631028,76.40902189983825,32.72938201563527,3824.0,0.1156183123794781,UNet
c--172-_jpg.rf.e770140160fd7aaa0429c661fccffa66_noise15,1847.0447120046435,28.01802329235176,31.17937603640397,3606.0,0.1312402631552834,LinkNet
c--172-_jpg.rf.e770140160fd7aaa0429c661fccffa66_noise50,12165.75065975697,38.0762872480824,35.9749009480478,5198.0,0.3618517452725655,LinkNet
c--173-_jpg.rf.a61c25de76db954defe8bae82b0837c2_blur5,17.36762988949032,26.58560319649656,28.70216508721805,1520.0,0.0192173478736881,UNet
c--173-_jpg.rf.a61c25de76db954defe8bae82b0837c2_blur9,5.239618146614759,26.58314893279221,27.961131162826668,312.0,0.0147288898591279,UNet
c--173-_jpg.rf.a61c25de76db954defe8bae82b0837c2_bright0.5,53.757327371913,12.795631278300934,14.864308333401995,956.0,0.0210167002391418,UNet
c--173-_jpg.rf.a61c25de76db954defe8bae82b0837c2_bright1.5,421.12381664541584,39.08520462671707,41.08495727959842,3388.0,0.0797933390886148,UNet
c--173-_jpg.rf.a61c25de76db954defe8bae82b0837c2_combo0,8538.186050304736,23.75479854861063,26.412159326740884,5473.0,0.352272840032944,UNet
c--173-_jpg.rf.a61c25de76db954defe8bae82b0837c2_combo1,19224.971994175627,76.96179683856435,43.304520227567,4235.0,0.3705276666964354,LinkNet
c--173-_jpg.rf.a61c25de76db954defe8bae82b0837c2_gamma0.5,140.91298141861876,5.934909089706316,20.371550823197715,239.0,0.0224522129718751,LinkNet
c--173-_jpg.rf.a61c25de76db954defe8bae82b0837c2_gamma2.0,340.5483773511215,75.20155723362804,32.21886835317321,3841.0,0.110931396383434,UNet
c--173-_jpg.rf.a61c25de76db954defe8bae82b0837c2_noise15,1826.806786593053,27.22951334795307,30.49090213977512,3547.0,0.1270064928836275,UNet
c--173-_jpg.rf.a61c25de76db954defe8bae82b0837c2_noise50,12119.230148228666,37.49255617187784,35.42568940068904,5154.0,0.3630821847577655,LinkNet
c--174-_jpg.rf.a95865c71ba55db5dbcf6fc9e5e26c6b_blur5,18.64888147766934,30.208136115714236,31.66650552325616,1900.0,0.0212713879820461,LinkNet
c--174-_jpg.rf.a95865c71ba55db5dbcf6fc9e5e26c6b_blur9,5.501830760700384,30.20054179028945,30.95273385563386,387.0,0.0155723362804343,UNet
c--174-_jpg.rf.a95865c71ba55db5dbcf6fc9e5e26c6b_bright0.5,61.118571997938886,14.535796858410151,16.344883453452702,1167.0,0.0218469161283493,LinkNet
c--174-_jpg.rf.a95865c71ba55db5dbcf6fc9e5e26c6b_bright1.5,479.4129083150342,44.155220602584585,44.9011394060968,3801.0,0.0978761688348201,UNet
c--174-_jpg.rf.a95865c71ba55db5dbcf6fc9e5e26c6b_combo0,14.129053879642278,44.345220966424215,43.36158547929338,730.0,0.0182382884983676,UNet
c--174-_jpg.rf.a95865c71ba55db5dbcf6fc9e5e26c6b_combo1,7817.205122085367,20.51484300319848,20.045556912333844,5547.0,0.3498781137230387,UNet
c--174-_jpg.rf.a95865c71ba55db5dbcf6fc9e5e26c6b_gamma0.5,163.70420830148643,7.381419702246875,23.39647083058451,297.0,0.0250883964925859,UNet
c--174-_jpg.rf.a95865c71ba55db5dbcf6fc9e5e26c6b_gamma2.0,379.4377652203094,80.27224796663259,34.07704168416881,4091.0,0.1343560534645802,UNet
c--174-_jpg.rf.a95865c71ba55db5dbcf6fc9e5e26c6b_noise15,1905.420162751126,30.59888665072388,33.458782746448264,3545.0,0.1508412964598403,LinkNet
c--174-_jpg.rf.a95865c71ba55db5dbcf6fc9e5e26c6b_noise50,12516.082981699894,40.21289910726985,37.7937716206024,5068.0,0.3632839503722741,LinkNet
c--175-_jpg.rf.8db5ad276cc740cac05ae63613e25de2_blur5,16.230988193862473,25.61108189368606,27.681562780034277,1474.0,0.0185955128650386,UNet
c--175-_jpg.rf.8db5ad276cc740cac05ae63613e25de2_blur9,4.927232015154329,25.609408231375543,26.969695046120663,296.0,0.0136539091260902,UNet
c--175-_jpg.rf.8db5ad276cc740cac05ae63613e25de2_bright0.5,51.149372238610106,12.21115267703279,14.360856810071272,878.0,0.0189328914335612,UNet
c--175-_jpg.rf.8db5ad276cc740cac05ae63613e25de2_bright1.5,404.1800261519205,37.70332516347976,39.67860669150997,3433.0,0.0711339558298685,UNet
c--175-_jpg.rf.8db5ad276cc740cac05ae63613e25de2_combo0,4.927232015154329,25.609408231375543,26.969695046120663,296.0,0.0136539091260902,UNet
c--175-_jpg.rf.8db5ad276cc740cac05ae63613e25de2_combo1,4.927232015154329,25.609408231375543,26.969695046120663,296.0,0.0136539091260902,UNet
c--175-_jpg.rf.8db5ad276cc740cac05ae63613e25de2_gamma0.5,130.49312999304257,5.455146842368133,19.598774750198224,245.0,0.0203055591388246,LinkNet
c--175-_jpg.rf.8db5ad276cc740cac05ae63613e25de2_gamma2.0,331.759698675099,74.04615801886013,31.238320109199385,3801.0,0.1032246114358104,UNet
c--175-_jpg.rf.8db5ad276cc740cac05ae63613e25de2_noise15,1805.2830404607223,26.26730636289365,29.44958940749752,3573.0,0.1202258451829286,LinkNet
c--175-_jpg.rf.8db5ad276cc740cac05ae63613e25de2_noise50,12013.96028187262,36.78036324425877,34.635435402625795,5159.0,0.3618848216028128,UNet
c--176-_jpg.rf.1d4a742d368cae50f384976f39d59ed4_blur5,15.994644252874538,25.51511422910651,27.630468361393564,1549.0,0.0182382884983676,UNet
c--176-_jpg.rf.1d4a742d368cae50f384976f39d59ed4_blur9,4.879575440730915,25.51117153054103,26.93108658258473,287.0,0.0126120047232999,LinkNet
c--176-_jpg.rf.1d4a742d368cae50f384976f39d59ed4_bright0.5,50.47565063888548,12.29779612411562,14.30471310132173,975.0,0.0192735776351085,UNet
c--176-_jpg.rf.1d4a742d368cae50f384976f39d59ed4_bright1.5,396.07931230653145,37.62517241037141,39.36552444394348,3526.0,0.0723643953150685,UNet
c--176-_jpg.rf.1d4a742d368cae50f384976f39d59ed4_combo0,9881.835938185026,27.13170002414572,24.71932865308853,5392.0,0.3589344129447526,UNet
c--176-_jpg.rf.1d4a742d368cae50f384976f39d59ed4_combo1,5.433283230532378,12.307332030125922,13.824906088049971,292.0,0.0119703239165021,UNet
c--176-_jpg.rf.1d4a742d368cae50f384976f39d59ed4_gamma0.5,125.31094345966726,5.409987728681478,19.866351364689272,231.0,0.0202129454141321,UNet
c--176-_jpg.rf.1d4a742d368cae50f384976f39d59ed4_gamma2.0,331.0586854756844,74.11418610727976,30.903365999999185,3926.0,0.1052158065166985,DeepLabV3Plus
c--176-_jpg.rf.1d4a742d368cae50f384976f39d59ed4_noise15,1798.031582077568,26.189391759363083,29.44235621312458,3633.0,0.1201861535866318,LinkNet
c--176-_jpg.rf.1d4a742d368cae50f384976f39d59ed4_noise50,11992.357323864817,36.63440070651041,34.662507780077945,5210.0,0.3620535108870741,LinkNet
c--177-_jpg.rf.63c6b6d1dfbfefff13237aaf577c7e34_blur5,15.351680391145404,24.926504394190477,27.337946462515404,1311.0,0.0186583578925085,LinkNet
c--177-_jpg.rf.63c6b6d1dfbfefff13237aaf577c7e34_blur9,4.761668317509624,24.923560600798464,26.64814907848478,256.0,0.0136109098967687,LinkNet
c--177-_jpg.rf.63c6b6d1dfbfefff13237aaf577c7e34_bright0.5,47.96899523058674,11.94057506507768,14.144555000298226,795.0,0.0188435853418934,LinkNet
c--177-_jpg.rf.63c6b6d1dfbfefff13237aaf577c7e34_bright1.5,374.73975495460905,36.724282326324456,39.136641075320064,3414.0,0.0633312495245277,LinkNet
c--177-_jpg.rf.63c6b6d1dfbfefff13237aaf577c7e34_combo0,2003.30079598709,50.27576067290487,23.331985567929824,2772.0,0.1337540642540791,LinkNet
c--177-_jpg.rf.63c6b6d1dfbfefff13237aaf577c7e34_combo1,11774.399811663843,36.140991165312194,33.39996800064486,5151.0,0.3627018069599214,LinkNet
c--177-_jpg.rf.63c6b6d1dfbfefff13237aaf577c7e34_gamma0.5,124.88046319512029,5.239978698843321,19.25257296361288,225.0,0.0204477873588881,LinkNet
c--177-_jpg.rf.63c6b6d1dfbfefff13237aaf577c7e34_gamma2.0,305.3079177133711,73.05259467272624,30.84916699834528,3851.0,0.0960139714418964,LinkNet
c--177-_jpg.rf.63c6b6d1dfbfefff13237aaf577c7e34_noise15,1764.8418750327758,25.682946836414395,29.095434980999936,3574.0,0.1066347810843082,LinkNet
c--177-_jpg.rf.63c6b6d1dfbfefff13237aaf577c7e34_noise50,11808.524726703905,36.214106393323874,34.34154809414333,5149.0,0.3631880290145569,LinkNet
c--178-_jpg.rf.a859252787fbdb0d66ff8d79eb0df258_blur5,15.765935079334088,24.96187952938997,27.006111732120736,1446.0,0.0181522900397246,UNet
c--178-_jpg.rf.a859252787fbdb0d66ff8d79eb0df258_blur9,4.816204718911136,24.959044887887774,26.30533440092668,275.0,0.0133396839887408,UNet
c--178-_jpg.rf.a859252787fbdb0d66ff8d79eb0df258_bright0.5,49.14974640673669,11.885506282848931,14.016547971200128,842.0,0.018737741085102,UNet
c--178-_jpg.rf.a859252787fbdb0d66ff8d79eb0df258_bright1.5,387.805722327099,36.74296714528116,38.75289076541749,3478.0,0.0673731770807492,UNet
c--178-_jpg.rf.a859252787fbdb0d66ff8d79eb0df258_combo0,37.13735531411337,36.81525215740364,37.8062755757515,2364.0,0.0223860603113805,UNet
c--178-_jpg.rf.a859252787fbdb0d66ff8d79eb0df258_combo1,13415.55874986973,45.15831654709573,43.027964380021785,4982.0,0.3649576126827881,UNet
c--178-_jpg.rf.a859252787fbdb0d66ff8d79eb0df258_gamma0.5,126.38290468729308,5.170902090754835,19.091914030651573,212.0,0.0193198844974547,LinkNet
c--178-_jpg.rf.a859252787fbdb0d66ff8d79eb0df258_gamma2.0,316.7340629698276,73.18974898372976,30.56287397004279,3887.0,0.0976148658258663,LinkNet
c--178-_jpg.rf.a859252787fbdb0d66ff8d79eb0df258_noise15,1780.8577176300178,25.689118879638546,28.817435650296936,3609.0,0.1122379114282028,LinkNet
c--178-_jpg.rf.a859252787fbdb0d66ff8d79eb0df258_noise50,11854.50240663359,36.18347440388184,34.177958540627486,5142.0,0.3636180213077719,UNet
c--179-_jpg.rf.ffac79351e9ec90aaad5724f24a1e341_blur5,15.395370614567929,24.758116104534437,27.22170395925674,1369.0,0.016733315472115,LinkNet
c--179-_jpg.rf.ffac79351e9ec90aaad5724f24a1e341_blur9,4.80037423343224,24.754563706665877,26.529296931829634,228.0,0.0128170779708332,LinkNet
c--179-_jpg.rf.ffac79351e9ec90aaad5724f24a1e341_bright0.5,46.20564135099635,11.761116127687863,14.112276907589006,751.0,0.0177851427739795,LinkNet
c--179-_jpg.rf.ffac79351e9ec90aaad5724f24a1e341_bright1.5,361.2655827639466,36.37353099748289,38.85739232038589,3455.0,0.05862779536336,UNet
c--179-_jpg.rf.ffac79351e9ec90aaad5724f24a1e341_combo0,179.51414889566811,24.76037852552335,28.14830963566561,2517.0,0.0313464381753773,LinkNet
c--179-_jpg.rf.ffac79351e9ec90aaad5724f24a1e341_combo1,361.2655827639466,36.37353099748289,38.85739232038589,3455.0,0.05862779536336,UNet
c--179-_jpg.rf.ffac79351e9ec90aaad5724f24a1e341_gamma0.5,126.21067825974168,5.164164442283457,19.413310279162943,197.0,0.0194323440202956,LinkNet
c--179-_jpg.rf.ffac79351e9ec90aaad5724f24a1e341_gamma2.0,289.62787437382286,72.81558953597217,30.55291379565321,3843.0,0.0903513037035566,UNet
c--179-_jpg.rf.ffac79351e9ec90aaad5724f24a1e341_noise15,1773.4580608208398,25.477155832514693,29.01440127874612,3524.0,0.1065190139284426,LinkNet
c--179-_jpg.rf.ffac79351e9ec90aaad5724f24a1e341_noise50,11830.219616100756,36.0119967849807,34.2561565114013,5281.0,0.3625165795105364,UNet
c--18-_jpg.rf.2b2f29301e8141926c07ffb4c85c161b_blur5,16.888750758376393,27.271113448505115,29.986449421418463,1597.0,0.0191214265159709,LinkNet
c--18-_jpg.rf.2b2f29301e8141926c07ffb4c85c161b_blur9,4.925019033756029,27.267971197131622,29.291410062776343,404.0,0.0126946955489182,LinkNet
c--18-_jpg.rf.2b2f29301e8141926c07ffb4c85c161b_bright0.5,58.99007368822083,13.08095101064727,15.50264930020271,1032.0,0.0210299307712407,LinkNet
c--18-_jpg.rf.2b2f29301e8141926c07ffb4c85c161b_bright1.5,442.3758160848238,40.07036658496813,42.47090560669096,3293.0,0.0802167161157803,DeepLabV3Plus
c--18-_jpg.rf.2b2f29301e8141926c07ffb4c85c161b_combo0,19158.18946855813,78.20578108100062,42.92323656863691,4099.0,0.3703755155772977,UNet
c--18-_jpg.rf.2b2f29301e8141926c07ffb4c85c161b_combo1,5.5216401241984565,13.088241033833778,15.018590927744182,402.0,0.0110871858988988,LinkNet
c--18-_jpg.rf.2b2f29301e8141926c07ffb4c85c161b_gamma0.5,180.3773511082854,6.346616787560654,22.169324643340367,286.0,0.0230508945493515,LinkNet
c--18-_jpg.rf.2b2f29301e8141926c07ffb4c85c161b_gamma2.0,349.7772243585682,76.20675683274293,32.82492200729441,3625.0,0.1104484819618233,DeepLabV3Plus
c--18-_jpg.rf.2b2f29301e8141926c07ffb4c85c161b_noise15,1845.520209221393,27.914560531338168,31.68241131672044,3651.0,0.1321630927691834,DeepLabV3Plus
c--18-_jpg.rf.2b2f29301e8141926c07ffb4c85c161b_noise50,12218.935407725425,38.04873797261941,36.41698732363135,5127.0,0.3631152610880128,LinkNet
c--180-_jpg.rf.70ee7ae272485e11508ae6b3a45dff26_blur5,14.99716447608598,25.84115092398729,26.063227544905764,1445.0,0.0172029993616268,UNet
c--180-_jpg.rf.70ee7ae272485e11508ae6b3a45dff26_blur9,4.664982497664461,25.83869004501689,25.36183667262183,275.0,0.012327548283173,UNet
c--180-_jpg.rf.70ee7ae272485e11508ae6b3a45dff26_bright0.5,46.810902269433605,12.62867850137763,13.450052009468074,833.0,0.0179836007554633,LinkNet
c--180-_jpg.rf.70ee7ae272485e11508ae6b3a45dff26_bright1.5,372.4515762881345,38.13169340887967,37.79765481486352,3553.0,0.0627788748093976,LinkNet
c--180-_jpg.rf.70ee7ae272485e11508ae6b3a45dff26_combo0,2309.964217447189,74.48348994975706,30.955442934883035,3651.0,0.2665422996649367,LinkNet
c--180-_jpg.rf.70ee7ae272485e11508ae6b3a45dff26_combo1,443.42939626204577,91.3190840502628,35.08901976655909,4098.0,0.1346768938679791,DeepLabV3Plus
c--180-_jpg.rf.70ee7ae272485e11508ae6b3a45dff26_gamma0.5,114.84060504847112,5.046472243997473,18.216334433004874,215.0,0.0193562684607268,LinkNet
c--180-_jpg.rf.70ee7ae272485e11508ae6b3a45dff26_gamma2.0,294.8511076122924,75.11454994691249,29.3509847823997,4004.0,0.0886577955948943,DeepLabV3Plus
c--180-_jpg.rf.70ee7ae272485e11508ae6b3a45dff26_noise15,1800.4058993973745,26.304606540513543,28.01776404305983,3565.0,0.1161309954983114,LinkNet
c--180-_jpg.rf.70ee7ae272485e11508ae6b3a45dff26_noise50,11994.196735569376,36.658116435297735,33.77187295579595,5146.0,0.3636477900049945,LinkNet
c--181-_jpg.rf.57004dc1f056f028df076f29a0e879c8_blur5,16.480802240184193,26.79812192596856,28.745798676149978,1583.0,0.018529360204544,DeepLabV3Plus
c--181-_jpg.rf.57004dc1f056f028df076f29a0e879c8_blur9,5.004752613359345,26.79323985962405,28.03855837367234,271.0,0.0145899692720892,UNet
c--181-_jpg.rf.57004dc1f056f028df076f29a0e879c8_bright0.5,55.11003849995621,12.800781262920442,14.901486334576198,954.0,0.0198887973777085,UNet
c--181-_jpg.rf.57004dc1f056f028df076f29a0e879c8_bright1.5,426.4527935735612,39.37740092812183,40.87199394421962,3735.0,0.0794294994558943,DeepLabV3Plus
c--181-_jpg.rf.57004dc1f056f028df076f29a0e879c8_combo0,2212.654485550619,39.1424101398798,41.55332235882895,3631.0,0.2148109191581412,LinkNet
c--181-_jpg.rf.57004dc1f056f028df076f29a0e879c8_combo1,9937.758633332813,27.359880395989823,24.638631793687274,5333.0,0.3583026550370289,UNet
c--181-_jpg.rf.57004dc1f056f028df076f29a0e879c8_gamma0.5,148.6625233941518,5.948900377400928,20.93787696459701,186.0,0.0214632306974805,UNet
c--181-_jpg.rf.57004dc1f056f028df076f29a0e879c8_gamma2.0,366.4025709393606,75.87729343004852,31.599019652170934,4038.0,0.118092421881977,UNet
c--181-_jpg.rf.57004dc1f056f028df076f29a0e879c8_noise15,1838.5500125362248,27.350678560915025,30.57129944728588,3575.0,0.1233151744280275,UNet
c--181-_jpg.rf.57004dc1f056f028df076f29a0e879c8_noise50,12111.308704850582,37.59323390588461,35.5278983779213,5177.0,0.3632211053448042,LinkNet
c--182-_jpg.rf.1a5acb215c0a84d36ed6c272cbf08e86_blur5,18.45249947866248,27.83140002183038,29.718256708459005,1977.0,0.0205734774138278,UNet
c--182-_jpg.rf.1a5acb215c0a84d36ed6c272cbf08e86_blur9,5.359906023655354,27.82928313669455,28.974894736808388,357.0,0.0146362761344354,UNet
c--182-_jpg.rf.1a5acb215c0a84d36ed6c272cbf08e86_bright0.5,65.45171662158045,13.508197968451796,15.3711248357053,1193.0,0.0215326909909999,DeepLabV3Plus
c--182-_jpg.rf.1a5acb215c0a84d36ed6c272cbf08e86_bright1.5,506.9034924054516,40.89609732379412,41.73020965946908,3788.0,0.099549831145334,UNet
c--182-_jpg.rf.1a5acb215c0a84d36ed6c272cbf08e86_combo0,12220.262242014342,38.33615805193645,35.26011876621839,5073.0,0.3642663173806192,LinkNet
c--182-_jpg.rf.1a5acb215c0a84d36ed6c272cbf08e86_combo1,19621.42531439923,78.7038510771307,43.42247606057318,4278.0,0.3709047368612547,LinkNet
c--182-_jpg.rf.1a5acb215c0a84d36ed6c272cbf08e86_gamma0.5,167.95852656196544,6.432982393469409,22.3416713470143,256.0,0.0227697457422493,DeepLabV3Plus
c--182-_jpg.rf.1a5acb215c0a84d36ed6c272cbf08e86_gamma2.0,436.2706602861403,77.38527309472069,32.33705773815644,4097.0,0.1363373256463942,UNet
c--182-_jpg.rf.1a5acb215c0a84d36ed6c272cbf08e86_noise15,1885.1589539246024,28.34621656396466,31.547706568096217,3666.0,0.1473451283526995,UNet
c--182-_jpg.rf.1a5acb215c0a84d36ed6c272cbf08e86_noise50,12207.231839514185,38.37877359582709,36.32644934855116,5112.0,0.3624901184463386,DeepLabV3Plus
c--183-_jpg.rf.30414448e73fa023ce6bdf5cc8e536de_blur5,16.64959929043366,26.33597282448707,28.16602234473485,1524.0,0.0183970548835547,DeepLabV3Plus
c--183-_jpg.rf.30414448e73fa023ce6bdf5cc8e536de_blur9,4.976600940115267,26.332747882287958,27.455496822210804,278.0,0.013336376355716,LinkNet
c--183-_jpg.rf.30414448e73fa023ce6bdf5cc8e536de_bright0.5,52.96817002959658,12.54610013528219,14.618839571233648,941.0,0.0194984966807902,UNet
c--183-_jpg.rf.30414448e73fa023ce6bdf5cc8e536de_bright1.5,404.2950159865538,38.664139635035774,40.12834802909071,3696.0,0.0724636243058105,DeepLabV3Plus
c--183-_jpg.rf.30414448e73fa023ce6bdf5cc8e536de_combo0,12.883748642581418,38.82455322146919,38.55606625574235,804.0,0.0164885506282848,DeepLabV3Plus
c--183-_jpg.rf.30414448e73fa023ce6bdf5cc8e536de_combo1,24.72320919568483,75.54820709751894,30.34738024202249,2994.0,0.0198788744786343,DeepLabV3Plus
c--183-_jpg.rf.30414448e73fa023ce6bdf5cc8e536de_gamma0.5,154.1419336652287,5.714587653928972,20.32587667408379,226.0,0.0207620124962375,LinkNet
c--183-_jpg.rf.30414448e73fa023ce6bdf5cc8e536de_gamma2.0,329.2570885857824,75.1759925379799,31.3096640035281,4039.0,0.1055168011219491,DeepLabV3Plus
c--183-_jpg.rf.30414448e73fa023ce6bdf5cc8e536de_noise15,1833.505032488574,26.94448468731291,29.968661903613725,3606.0,0.124158620849334,LinkNet
c--183-_jpg.rf.30414448e73fa023ce6bdf5cc8e536de_noise50,12112.342980369933,37.25662932348982,35.100137610017704,5165.0,0.3621626627768902,LinkNet
c--184-_jpg.rf.eb6aa7309b9456d2b8266c347137a400_blur5,18.60891197919462,28.916773337831717,29.8050363120539,1927.0,0.0204477873588881,UNet
c--184-_jpg.rf.eb6aa7309b9456d2b8266c347137a400_blur9,5.329493119304204,28.91170935167085,29.078232756874524,403.0,0.0141202853825773,UNet
c--184-_jpg.rf.eb6aa7309b9456d2b8266c347137a400_bright0.5,64.11993138679908,13.85838699967916,15.465801276658164,1308.0,0.020904240716301,UNet
c--184-_jpg.rf.eb6aa7309b9456d2b8266c347137a400_bright1.5,501.3453041415501,42.27609805147338,42.05931218741367,3943.0,0.1053448042046631,UNet
c--184-_jpg.rf.eb6aa7309b9456d2b8266c347137a400_combo0,1698.5924360825486,29.21359371020504,30.127741315674815,3095.0,0.0794691910521911,LinkNet
c--184-_jpg.rf.eb6aa7309b9456d2b8266c347137a400_combo1,10171.10802146492,28.256513556333957,25.49259696870787,5366.0,0.358855029752159,UNet
c--184-_jpg.rf.eb6aa7309b9456d2b8266c347137a400_gamma0.5,164.64946330092076,6.65389589555818,22.49923317533452,297.0,0.0228325907697192,UNet
c--184-_jpg.rf.eb6aa7309b9456d2b8266c347137a400_gamma2.0,425.90149353282106,78.97490829587439,32.316123843884746,4182.0,0.1442392609424769,UNet
c--184-_jpg.rf.eb6aa7309b9456d2b8266c347137a400_noise15,1915.1855929496332,29.30474546110058,31.70513194545868,3709.0,0.1554951361256371,LinkNet
c--184-_jpg.rf.eb6aa7309b9456d2b8266c347137a400_noise50,12453.646693488725,39.07014497355547,36.51317861485393,5147.0,0.3625198871435612,LinkNet
c--185-_jpg.rf.28449e0055fde79482ede7a71b891211_blur5,17.337563191261232,26.9612676172804,28.858190800756475,1620.0,0.0199483347721537,UNet
c--185-_jpg.rf.28449e0055fde79482ede7a71b891211_blur9,5.125950437858052,26.95834697731956,28.14059274274608,301.0,0.0144345105199268,LinkNet
c--185-_jpg.rf.28449e0055fde79482ede7a71b891211_bright0.5,56.69218045862032,12.98419943704086,14.930218240020864,1049.0,0.0198491057814117,LinkNet
c--185-_jpg.rf.28449e0055fde79482ede7a71b891211_bright1.5,431.8543620244821,39.59777859366059,40.74501028555741,3799.0,0.0797106482629965,UNet
c--185-_jpg.rf.28449e0055fde79482ede7a71b891211_combo0,1853.5387774641704,39.47229691960136,40.0010257137364,2860.0,0.1057284896355319,LinkNet
c--185-_jpg.rf.28449e0055fde79482ede7a71b891211_combo1,12101.624153657254,37.62263214820842,34.671051202496244,5033.0,0.3628738038772074,LinkNet
c--185-_jpg.rf.28449e0055fde79482ede7a71b891211_gamma0.5,159.09268199740163,6.028276954728427,21.234083240227235,261.0,0.021284618514145,UNet
c--185-_jpg.rf.28449e0055fde79482ede7a71b891211_gamma2.0,362.4026881868122,76.03068160393741,31.82351808928938,4164.0,0.1184562615146974,UNet
c--185-_jpg.rf.28449e0055fde79482ede7a71b891211_noise15,1846.3870692333107,27.530233419662554,30.623180172889395,3595.0,0.1306415815778071,LinkNet
c--185-_jpg.rf.28449e0055fde79482ede7a71b891211_noise50,12145.57910644897,37.74699584230529,35.5783088980577,5181.0,0.3621924314741128,LinkNet
c--186-_jpg.rf.711274e0accded095cee021e5639b13f_blur5,17.44509104911491,26.890077431689107,28.867033019262703,1434.0,0.0204676331570364,DeepLabV3Plus
c--186-_jpg.rf.711274e0accded095cee021e5639b13f_blur9,5.2275713682495,26.88904214255237,28.12439414599617,262.0,0.0149008867764139,LinkNet
c--186-_jpg.rf.711274e0accded095cee021e5639b13f_bright0.5,55.17369651594648,12.810932388673342,14.980486021394505,872.0,0.0218105321650773,DeepLabV3Plus
c--186-_jpg.rf.711274e0accded095cee021e5639b13f_bright1.5,414.0791085603151,39.40601195378575,41.20519094652688,3559.0,0.0725132388011814,DeepLabV3Plus
c--186-_jpg.rf.711274e0accded095cee021e5639b13f_combo0,13543.473875553578,47.52519920219891,44.42699119263531,4866.0,0.3638958624818493,LinkNet
c--186-_jpg.rf.711274e0accded095cee021e5639b13f_combo1,13797.332516314884,47.51657951053647,45.01662846530277,4943.0,0.3643589311053117,LinkNet
c--186-_jpg.rf.711274e0accded095cee021e5639b13f_gamma0.5,170.63586576501805,5.9809579566766224,20.77330932219839,248.0,0.0226771320175569,DeepLabV3Plus
c--186-_jpg.rf.711274e0accded095cee021e5639b13f_gamma2.0,322.656776818716,75.71950941186977,32.22228271036404,3908.0,0.1058574873234964,DeepLabV3Plus
c--186-_jpg.rf.711274e0accded095cee021e5639b13f_noise15,1844.789586084468,27.45580175370703,30.67921466949268,3487.0,0.124453000188535,LinkNet
c--186-_jpg.rf.711274e0accded095cee021e5639b13f_noise50,12116.54146449781,37.71202754596783,35.59730097571803,5168.0,0.3626356542994268,LinkNet
c--187-_jpg.rf.a29f86df337eff444e735303f760f340_blur5,16.65186492983634,26.80047034541612,28.73198025776713,1599.0,0.0190387356903526,LinkNet
c--187-_jpg.rf.a29f86df337eff444e735303f760f340_blur9,4.958118695490114,26.797741548170716,28.030618856855124,308.0,0.0136373709609666,LinkNet
c--187-_jpg.rf.a29f86df337eff444e735303f760f340_bright0.5,54.58201298889613,12.77127056107379,14.89245264410578,1000.0,0.0192901158002321,LinkNet
c--187-_jpg.rf.a29f86df337eff444e735303f760f340_bright1.5,418.77499021848666,39.3310411436472,40.64710525954985,3718.0,0.0751295765237438,LinkNet
c--187-_jpg.rf.a29f86df337eff444e735303f760f340_combo0,3.4111883329078414,5.548776010399198,18.85668135122981,86.0,0.0101246646887021,LinkNet
c--187-_jpg.rf.a29f86df337eff444e735303f760f340_combo1,2014.409706006147,75.83846181833817,31.7172716885464,2769.0,0.1564708878679328,LinkNet
c--187-_jpg.rf.a29f86df337eff444e735303f760f340_gamma0.5,154.49292327708858,5.937909112859747,21.158485674857637,245.0,0.0211291597619827,LinkNet
c--187-_jpg.rf.a29f86df337eff444e735303f760f340_gamma2.0,349.53604187918364,75.85244318313372,31.6394038303936,4058.0,0.1165709106906007,UNet
c--187-_jpg.rf.a29f86df337eff444e735303f760f340_noise15,1832.0896864880096,27.35708544608393,30.4972658758038,3581.0,0.1292192993771727,LinkNet
c--187-_jpg.rf.a29f86df337eff444e735303f760f340_noise50,12178.041009747863,37.60464523981993,35.45104828064668,5116.0,0.3628407275469601,LinkNet
c--188-_jpg.rf.df8c04f880e507f44d63d74b701f3810_blur5,18.062454512340427,28.182376269717626,29.05572485244405,1439.0,0.0212217734866752,UNet
c--188-_jpg.rf.df8c04f880e507f44d63d74b701f3810_blur9,5.359767715864028,28.176918675226823,28.29555587436536,273.0,0.0158865614177838,UNet
c--188-_jpg.rf.df8c04f880e507f44d63d74b701f3810_bright0.5,56.78620433928707,13.72684904955165,15.006385200540423,956.0,0.0213110795783429,UNet
c--188-_jpg.rf.df8c04f880e507f44d63d74b701f3810_bright1.5,425.3757043352368,41.438172069685216,41.4541619067412,3606.0,0.0704558910597987,UNet
c--188-_jpg.rf.df8c04f880e507f44d63d74b701f3810_combo0,8427.806923251213,23.781795449358484,26.0463504676483,5358.0,0.3523158392622655,UNet
c--188-_jpg.rf.df8c04f880e507f44d63d74b701f3810_combo1,19230.284924730226,79.53102394395546,42.60829646724222,4167.0,0.3703325163479762,LinkNet
c--188-_jpg.rf.df8c04f880e507f44d63d74b701f3810_gamma0.5,176.58582046242267,6.272985568797113,21.10353882707783,282.0,0.0236694219249762,UNet
c--188-_jpg.rf.df8c04f880e507f44d63d74b701f3810_gamma2.0,307.2575980558373,77.9323919809745,32.04365310558131,3980.0,0.0964439637351115,UNet
c--188-_jpg.rf.df8c04f880e507f44d63d74b701f3810_noise15,1877.7545109971863,28.5767817392196,30.945143310969502,3471.0,0.127529098901535,UNet
c--188-_jpg.rf.df8c04f880e507f44d63d74b701f3810_noise50,12261.798294635786,38.54587852386953,35.842054652999394,5116.0,0.362423965785844,LinkNet
c--189-_jpg.rf.c7d7837efd4cc648da132594b3d9d0bc_blur5,13.590841718915597,27.205893540523466,30.717031059313666,1047.0,0.0188667387730666,LinkNet
c--189-_jpg.rf.c7d7837efd4cc648da132594b3d9d0bc_blur9,4.878388035976753,27.204481181221905,30.06647371272072,190.0,0.0139681342634397,LinkNet
c--189-_jpg.rf.c7d7837efd4cc648da132594b3d9d0bc_bright0.5,26.7285141941746,13.03659895941865,15.75506315605972,532.0,0.0174543794715063,LinkNet
c--189-_jpg.rf.c7d7837efd4cc648da132594b3d9d0bc_bright1.5,192.7446013757432,39.70550158601004,42.036769864846896,3275.0,0.0380212416192848,UNet
c--189-_jpg.rf.c7d7837efd4cc648da132594b3d9d0bc_combo0,1730.0009813703236,27.73860768495457,32.17744482425742,3347.0,0.092881642967476,LinkNet
c--189-_jpg.rf.c7d7837efd4cc648da132594b3d9d0bc_combo1,1257.4037551354488,15.245548752856967,16.48580569721937,3669.0,0.0384346957473762,UNet
c--189-_jpg.rf.c7d7837efd4cc648da132594b3d9d0bc_gamma0.5,96.85653450146432,6.462367405261121,23.584270384520085,199.0,0.0193959600570235,UNet
c--189-_jpg.rf.c7d7837efd4cc648da132594b3d9d0bc_gamma2.0,133.49535164413487,76.12295795006136,32.53344832020469,3674.0,0.0456354128422159,LinkNet
c--189-_jpg.rf.c7d7837efd4cc648da132594b3d9d0bc_noise15,1730.4343239059303,27.751342072099785,32.19252201165634,3331.0,0.0897228534288577,LinkNet
c--189-_jpg.rf.c7d7837efd4cc648da132594b3d9d0bc_noise50,12063.179389341543,37.92822767099636,36.658277893047085,5115.0,0.3611372965392235,LinkNet
c--19-_jpg.rf.52bcdc3f9330bb012be38038b55458e0_blur5,15.64502733975797,25.330068699537925,28.27270493376229,1219.0,0.0193331150295537,DeepLabV3Plus
c--19-_jpg.rf.52bcdc3f9330bb012be38038b55458e0_blur9,4.751123615985518,25.3287952608234,27.567209100973155,297.0,0.012426777273915,UNet
c--19-_jpg.rf.52bcdc3f9330bb012be38038b55458e0_bright0.5,50.133430185374266,12.04693200498791,14.659037327396714,801.0,0.0205933232119762,LinkNet
c--19-_jpg.rf.52bcdc3f9330bb012be38038b55458e0_bright1.5,378.73141893657663,37.23522563018678,40.77729796499212,3133.0,0.0636487822949019,UNet
c--19-_jpg.rf.52bcdc3f9330bb012be38038b55458e0_combo0,4.751123615985518,25.3287952608234,27.567209100973155,297.0,0.012426777273915,UNet
c--19-_jpg.rf.52bcdc3f9330bb012be38038b55458e0_combo1,2158.519808920952,49.896100631427146,24.899725491714676,3366.0,0.2193919908973939,LinkNet
c--19-_jpg.rf.52bcdc3f9330bb012be38038b55458e0_gamma0.5,150.11333625824167,5.535479325639779,19.860927489057683,289.0,0.0218171474311268,LinkNet
c--19-_jpg.rf.52bcdc3f9330bb012be38038b55458e0_gamma2.0,307.96911885480284,73.23712090390995,31.83825699413012,3529.0,0.0900470014652814,UNet
c--19-_jpg.rf.52bcdc3f9330bb012be38038b55458e0_noise15,1786.3139861747443,26.068286083795574,30.012280890599808,3548.0,0.1092015043114996,LinkNet
c--19-_jpg.rf.52bcdc3f9330bb012be38038b55458e0_noise50,11924.184430860423,36.51882208572723,34.98401162768325,5142.0,0.363174798482458,LinkNet
c--190-_jpg.rf.00a9250d57514f28a2b092ab8cb4d580_blur5,19.954288438034727,29.47051079776801,32.215913681703675,1691.0,0.0227565152101504,LinkNet
c--190-_jpg.rf.00a9250d57514f28a2b092ab8cb4d580_blur9,5.914100719759155,29.465258276524736,31.431031704548754,343.0,0.015846869821487,UNet
c--190-_jpg.rf.00a9250d57514f28a2b092ab8cb4d580_bright0.5,63.1399756081493,14.130836731926266,16.676002025040074,1128.0,0.0233287357234289,LinkNet
c--190-_jpg.rf.00a9250d57514f28a2b092ab8cb4d580_bright1.5,472.6559244166396,43.01300892068627,44.92555021867999,3756.0,0.0857305403680072,UNet
c--190-_jpg.rf.00a9250d57514f28a2b092ab8cb4d580_combo0,204.54193251757252,7.390810072404087,24.75549173468675,277.0,0.0244500233188128,LinkNet
c--190-_jpg.rf.00a9250d57514f28a2b092ab8cb4d580_combo1,19222.4831961785,80.60525715192951,44.255701973901736,4041.0,0.3698165255961181,LinkNet
c--190-_jpg.rf.00a9250d57514f28a2b092ab8cb4d580_gamma0.5,204.54193251757252,7.390810072404087,24.75549173468675,277.0,0.0244500233188128,LinkNet
c--190-_jpg.rf.00a9250d57514f28a2b092ab8cb4d580_gamma2.0,354.151846352631,79.06939744849188,34.33085659623269,4032.0,0.1240527765925426,LinkNet
c--190-_jpg.rf.00a9250d57514f28a2b092ab8cb4d580_noise15,1898.1881214288924,29.93004025389391,33.98887885682973,3554.0,0.1335853749698178,LinkNet
c--190-_jpg.rf.00a9250d57514f28a2b092ab8cb4d580_noise50,12471.586797520104,39.80958287439925,38.08235520326876,5026.0,0.3629829557670235,LinkNet
c--191-_jpg.rf.3b56030b7ce84cace21b3bfe5ea58827_blur5,17.67218676729399,28.31070250817812,30.363354047808976,1452.0,0.0213706169727881,LinkNet
c--191-_jpg.rf.3b56030b7ce84cace21b3bfe5ea58827_blur9,5.475961130970948,28.30781494454753,29.607064817840108,315.0,0.015883253784759,LinkNet
c--191-_jpg.rf.3b56030b7ce84cace21b3bfe5ea58827_bright0.5,50.10025202180913,13.552682325001406,15.709461557716985,959.0,0.0214466925323569,LinkNet
c--191-_jpg.rf.3b56030b7ce84cace21b3bfe5ea58827_bright1.5,380.4364587111506,41.48300372770242,43.017147135824565,3536.0,0.0706741948394309,LinkNet
c--191-_jpg.rf.3b56030b7ce84cace21b3bfe5ea58827_combo0,8671.093655696117,24.287373772454693,27.5473411329031,5454.0,0.3532122078119676,LinkNet
c--191-_jpg.rf.3b56030b7ce84cace21b3bfe5ea58827_combo1,50.10025202180913,13.552682325001406,15.709461557716985,959.0,0.0214466925323569,LinkNet
c--191-_jpg.rf.3b56030b7ce84cace21b3bfe5ea58827_gamma0.5,154.61502033897096,6.650283960295173,22.09403099765307,274.0,0.0235701929342343,LinkNet
c--191-_jpg.rf.3b56030b7ce84cace21b3bfe5ea58827_gamma2.0,273.4461067214259,77.64805792326953,33.20059645787431,3924.0,0.0940558526912556,LinkNet
c--191-_jpg.rf.3b56030b7ce84cace21b3bfe5ea58827_noise15,1832.625572961393,28.800314886663955,32.04581078611291,3526.0,0.1261795846274447,LinkNet
c--191-_jpg.rf.3b56030b7ce84cace21b3bfe5ea58827_noise50,12305.977324052265,38.81172622059928,36.65837248231831,5216.0,0.3633997175281397,LinkNet
c--192-_jpg.rf.df089b8994445656738112b3ccaa5003_blur5,17.111122919189572,26.638168100525583,29.16500326008786,935.0,0.0211556208261805,LinkNet
c--192-_jpg.rf.df089b8994445656738112b3ccaa5003_blur9,5.152947812283034,26.636312518398707,28.43379599859994,228.0,0.0154135698952472,LinkNet
c--192-_jpg.rf.df089b8994445656738112b3ccaa5003_bright0.5,53.13930092803293,12.664301709053984,15.12078238620202,799.0,0.0214036933030354,LinkNet
c--192-_jpg.rf.df089b8994445656738112b3ccaa5003_bright1.5,406.7894441654573,38.95798313768684,41.5776296113095,3488.0,0.0607512957652374,LinkNet
c--192-_jpg.rf.df089b8994445656738112b3ccaa5003_combo0,159.24275003104972,5.994310871197462,20.998145534196837,240.0,0.0234048112829977,DeepLabV3Plus
c--192-_jpg.rf.df089b8994445656738112b3ccaa5003_combo1,159.24275003104972,5.994310871197462,20.998145534196837,240.0,0.0234048112829977,DeepLabV3Plus
c--192-_jpg.rf.df089b8994445656738112b3ccaa5003_gamma0.5,159.24275003104972,5.994310871197462,20.998145534196837,240.0,0.0234048112829977,DeepLabV3Plus
c--192-_jpg.rf.df089b8994445656738112b3ccaa5003_gamma2.0,295.3089540550544,75.19511396449586,32.42254770339768,3876.0,0.0918926606930814,LinkNet
c--192-_jpg.rf.df089b8994445656738112b3ccaa5003_noise15,1813.5508295771804,27.24331279293225,30.8781871079547,3492.0,0.1159325375168275,LinkNet
c--192-_jpg.rf.df089b8994445656738112b3ccaa5003_noise50,12074.392061572296,37.54046723624107,35.68228946118972,5165.0,0.3614647522086719,LinkNet
c--193-_jpg.rf.9ddaa7a092c26f4866f5ef65e86dce42_blur5,18.38705291639444,27.81610883435705,30.229491939624687,1642.0,0.0198623363135106,LinkNet
c--193-_jpg.rf.9ddaa7a092c26f4866f5ef65e86dce42_blur9,5.474267523610648,27.812675511277376,29.47361674195233,317.0,0.0149041944094386,LinkNet
c--193-_jpg.rf.9ddaa7a092c26f4866f5ef65e86dce42_bright0.5,57.73677863382317,13.351234243263178,15.658759863444644,1052.0,0.0215525367891483,LinkNet
c--193-_jpg.rf.9ddaa7a092c26f4866f5ef65e86dce42_bright1.5,430.29962195608925,40.785857222712856,42.37613836355455,3696.0,0.0790954285203965,LinkNet
c--193-_jpg.rf.9ddaa7a092c26f4866f5ef65e86dce42_combo0,2037.72816328035,76.89832336081976,33.25822172302785,3170.0,0.203432661553066,LinkNet
c--193-_jpg.rf.9ddaa7a092c26f4866f5ef65e86dce42_combo1,430.29962195608925,40.785857222712856,42.37613836355455,3696.0,0.0790954285203965,LinkNet
c--193-_jpg.rf.9ddaa7a092c26f4866f5ef65e86dce42_gamma0.5,177.04833017930278,6.535072486777737,22.689135823218685,243.0,0.0225415190635429,UNet
c--193-_jpg.rf.9ddaa7a092c26f4866f5ef65e86dce42_gamma2.0,345.3916798845327,77.12913660855155,32.76279652792393,3982.0,0.1171034396075824,LinkNet
c--193-_jpg.rf.9ddaa7a092c26f4866f5ef65e86dce42_noise15,1862.916077292192,28.387965508002814,32.04828880616453,3648.0,0.1318587905309081,LinkNet
c--193-_jpg.rf.9ddaa7a092c26f4866f5ef65e86dce42_noise50,12268.883739550094,38.39922799845203,36.59667035531064,5145.0,0.3630524160605429,LinkNet
c--194-_jpg.rf.f87e76fe5255de6de7467b42a8649cd5_blur5,18.40648215522354,27.586731099357987,28.71661559332984,1739.0,0.0188237395437451,UNet
c--194-_jpg.rf.f87e76fe5255de6de7467b42a8649cd5_blur9,5.3707750553960265,27.580750898849278,27.95817512595225,367.0,0.0139416731992418,LinkNet
c--194-_jpg.rf.f87e76fe5255de6de7467b42a8649cd5_bright0.5,59.364559466960095,13.303746555927113,14.903846906202585,1051.0,0.0206859369366687,UNet
c--194-_jpg.rf.f87e76fe5255de6de7467b42a8649cd5_bright1.5,453.2520824212164,40.64071497795462,41.14942108521633,3858.0,0.0865309875599922,UNet
c--194-_jpg.rf.f87e76fe5255de6de7467b42a8649cd5_combo0,19276.29801357628,79.1594080659939,42.214442144286856,4036.0,0.3685199334504235,LinkNet
c--194-_jpg.rf.f87e76fe5255de6de7467b42a8649cd5_combo1,1684.4054322145562,28.013018843585343,29.025046999174087,3074.0,0.0763633236419685,LinkNet
c--194-_jpg.rf.f87e76fe5255de6de7467b42a8649cd5_gamma0.5,166.78251104748313,6.115572005517132,20.844553405751817,256.0,0.0214764612295795,UNet
c--194-_jpg.rf.f87e76fe5255de6de7467b42a8649cd5_gamma2.0,374.6312024607262,77.21128498235377,31.679943500999137,4055.0,0.1258157449947243,LinkNet
c--194-_jpg.rf.f87e76fe5255de6de7467b42a8649cd5_noise15,1871.1967262708708,28.080841858757456,30.65793736146277,3565.0,0.1356724914084232,LinkNet
c--194-_jpg.rf.f87e76fe5255de6de7467b42a8649cd5_noise50,12214.85772982215,38.08112300756456,35.62948863158674,5170.0,0.3623776589234977,LinkNet
c--195-_jpg.rf.263dc57e76a023be68d5a96657f1de38_blur5,16.55803716226549,26.077044696045064,28.11076042953739,1336.0,0.0178049885721278,UNet
c--195-_jpg.rf.263dc57e76a023be68d5a96657f1de38_blur9,5.042618754853967,26.073465837112305,27.39035774161453,253.0,0.0130849962458365,LinkNet
c--195-_jpg.rf.263dc57e76a023be68d5a96657f1de38_bright0.5,49.92945677792549,12.523866226089948,14.549310724753212,795.0,0.0188568158739924,LinkNet
c--195-_jpg.rf.263dc57e76a023be68d5a96657f1de38_bright1.5,369.2748981177754,38.43187764403915,40.25945412020466,3610.0,0.0597788516559664,UNet
c--195-_jpg.rf.263dc57e76a023be68d5a96657f1de38_combo0,13396.762279156526,46.48787917878087,43.80767698887645,4859.0,0.3631450297852354,LinkNet
c--195-_jpg.rf.263dc57e76a023be68d5a96657f1de38_combo1,19082.454741636957,76.8545137614072,41.95627670672087,4060.0,0.3684967800192504,UNet
c--195-_jpg.rf.263dc57e76a023be68d5a96657f1de38_gamma0.5,154.92904297254375,5.646827483784329,19.97369603366607,209.0,0.0201137164233902,UNet
c--195-_jpg.rf.263dc57e76a023be68d5a96657f1de38_gamma2.0,286.826597142232,74.87575868832505,31.25039363550572,4027.0,0.0910889058680717,UNet
c--195-_jpg.rf.263dc57e76a023be68d5a96657f1de38_noise15,1818.0699783932596,26.719886482034592,29.920784939446797,3479.0,0.1094297309902061,LinkNet
c--195-_jpg.rf.263dc57e76a023be68d5a96657f1de38_noise50,11980.072912789516,37.07430928353361,34.992827823794634,5102.0,0.3632839503722741,LinkNet
c--196-_jpg.rf.006dfcbc6ee82eac637b254b933ff70c_blur5,18.29269226711036,28.37115942460416,30.083668981996567,1659.0,0.0200971782582666,LinkNet
c--196-_jpg.rf.006dfcbc6ee82eac637b254b933ff70c_blur9,5.389238919366249,28.370193595760934,29.338220023390782,340.0,0.0140640556211569,UNet
c--196-_jpg.rf.006dfcbc6ee82eac637b254b933ff70c_bright0.5,58.949138260732255,13.539805709636129,15.602923328951077,1061.0,0.0208380880558063,UNet
c--196-_jpg.rf.006dfcbc6ee82eac637b254b933ff70c_bright1.5,446.2168028993466,41.47200915552821,42.24290162210575,3825.0,0.0792343491074352,LinkNet
c--196-_jpg.rf.006dfcbc6ee82eac637b254b933ff70c_combo0,2327.174099758304,77.41646738177693,33.95767355983134,3809.0,0.2820253298537034,LinkNet
c--196-_jpg.rf.006dfcbc6ee82eac637b254b933ff70c_combo1,14.336442462153238,41.68322798522149,40.819740938250895,887.0,0.0166506246464967,UNet
c--196-_jpg.rf.006dfcbc6ee82eac637b254b933ff70c_gamma0.5,180.687842088479,6.611306812731741,22.673551950570413,274.0,0.0216219970826676,UNet
c--196-_jpg.rf.006dfcbc6ee82eac637b254b933ff70c_gamma2.0,344.59465741598507,78.01637939873847,32.50810931155428,4148.0,0.1147550201600232,LinkNet
c--196-_jpg.rf.006dfcbc6ee82eac637b254b933ff70c_noise15,1891.963735551672,28.794331378522216,31.90715574439868,3558.0,0.133423300951606,LinkNet
c--196-_jpg.rf.006dfcbc6ee82eac637b254b933ff70c_noise50,12409.485464065605,38.77998948172698,36.62243701326965,5148.0,0.3632641045741257,LinkNet
c--197-_jpg.rf.8f0fde8c0316114ec84bf0b4a7ad4368_blur5,16.30531730717743,27.146475220867195,28.707003957320467,1212.0,0.0190486585894268,UNet
c--197-_jpg.rf.8f0fde8c0316114ec84bf0b4a7ad4368_blur9,5.077775627792789,27.14533077984064,27.96026405141516,271.0,0.0145436624097429,UNet
c--197-_jpg.rf.8f0fde8c0316114ec84bf0b4a7ad4368_bright0.5,51.77816884988486,12.958105520108756,14.87109010768744,804.0,0.0194488821854192,UNet
c--197-_jpg.rf.8f0fde8c0316114ec84bf0b4a7ad4368_bright1.5,383.2144149060984,39.95029289090434,41.55665098531262,1954.0,0.062663107653532,UNet
c--197-_jpg.rf.8f0fde8c0316114ec84bf0b4a7ad4368_combo0,854.6478752134115,10.35607331037836,18.40366343533209,4088.0,0.0266925985095805,UNet
c--197-_jpg.rf.8f0fde8c0316114ec84bf0b4a7ad4368_combo1,16729.252448897645,56.968501410705485,35.496696046770886,4533.0,0.367775716019859,UNet
c--197-_jpg.rf.8f0fde8c0316114ec84bf0b4a7ad4368_gamma0.5,167.09248428938707,5.995637232040379,19.92533778520722,241.0,0.0222603702564407,UNet
c--197-_jpg.rf.8f0fde8c0316114ec84bf0b4a7ad4368_gamma2.0,268.7908482924854,76.18803232218991,32.21598231189017,3806.0,0.0868319821652427,UNet
c--197-_jpg.rf.8f0fde8c0316114ec84bf0b4a7ad4368_noise15,1826.1663470904468,27.716740923028077,30.49033267002477,3507.0,0.1136535783627878,DeepLabV3Plus
c--197-_jpg.rf.8f0fde8c0316114ec84bf0b4a7ad4368_noise50,12178.105349135994,37.902659667715184,35.539628743325515,5185.0,0.3634592549225848,LinkNet
c--198-_jpg.rf.64a7077e222d5edccee5f0e2a272b284_blur5,16.691228771012987,27.260787018201903,28.70413707351185,932.0,0.0198292599832633,UNet
c--198-_jpg.rf.64a7077e222d5edccee5f0e2a272b284_blur9,5.061551715606132,27.25672193721451,27.98028674563335,286.0,0.0146858906298064,UNet
c--198-_jpg.rf.64a7077e222d5edccee5f0e2a272b284_bright0.5,55.064199943836,13.07498073303763,14.868479319468452,848.0,0.0200641019280192,LinkNet
c--198-_jpg.rf.64a7077e222d5edccee5f0e2a272b284_bright1.5,411.6345709970698,40.11281343957451,41.47475063642346,3430.0,0.06539521253196,UNet
c--198-_jpg.rf.64a7077e222d5edccee5f0e2a272b284_combo0,2047.3856152476628,92.610939665466,38.86512017866552,3180.0,0.2241748282511552,UNet
c--198-_jpg.rf.64a7077e222d5edccee5f0e2a272b284_combo1,5.525781169152971,13.076280632816353,14.381671014300773,313.0,0.0120728605402687,LinkNet
c--198-_jpg.rf.64a7077e222d5edccee5f0e2a272b284_gamma0.5,173.82977007164988,6.008656075625722,20.05042532901376,242.0,0.022614286990087,LinkNet
c--198-_jpg.rf.64a7077e222d5edccee5f0e2a272b284_gamma2.0,293.556440614484,76.35081086623602,32.22213368876959,3888.0,0.0896103939060169,UNet
c--198-_jpg.rf.64a7077e222d5edccee5f0e2a272b284_noise15,1840.5711670970968,27.84567576596512,30.507341299641677,3513.0,0.1179369631298146,LinkNet
c--198-_jpg.rf.64a7077e222d5edccee5f0e2a272b284_noise50,12299.659849266944,38.0295173171127,35.57946558916802,5135.0,0.3624438115839923,LinkNet
c--199-_jpg.rf.508df9096ed4b6070d14fa1e8514bdc6_blur5,18.680141952406416,28.20944924602505,30.394682900378776,1537.0,0.0209836239088945,LinkNet
c--199-_jpg.rf.508df9096ed4b6070d14fa1e8514bdc6_blur9,5.570487183590211,28.20720336320126,29.636149183759084,327.0,0.0153871088310494,LinkNet
c--199-_jpg.rf.508df9096ed4b6070d14fa1e8514bdc6_bright0.5,59.15073867121855,13.52616833867516,15.743124506160877,1028.0,0.0219362222200171,LinkNet
c--199-_jpg.rf.508df9096ed4b6070d14fa1e8514bdc6_bright1.5,441.84187177660647,41.36451438985748,43.05436565941324,3667.0,0.0772332311274728,LinkNet
c--199-_jpg.rf.508df9096ed4b6070d14fa1e8514bdc6_combo0,1865.883658387429,28.735220668737245,32.17271963456154,3506.0,0.1265864234894866,LinkNet
c--199-_jpg.rf.508df9096ed4b6070d14fa1e8514bdc6_combo1,59.15073867121855,13.52616833867516,15.743124506160877,1028.0,0.0219362222200171,LinkNet
c--199-_jpg.rf.508df9096ed4b6070d14fa1e8514bdc6_gamma0.5,185.0225176542305,6.672769249597296,22.34364484927317,273.0,0.0233419662555278,LinkNet
c--199-_jpg.rf.508df9096ed4b6070d14fa1e8514bdc6_gamma2.0,331.6798707368152,77.51553760613368,33.177264807592344,4013.0,0.1108917047871372,LinkNet
c--199-_jpg.rf.508df9096ed4b6070d14fa1e8514bdc6_noise15,1864.6341552956444,28.707744161200804,32.192747496689144,3540.0,0.1261167395999748,LinkNet
c--199-_jpg.rf.508df9096ed4b6070d14fa1e8514bdc6_noise50,12232.052419340824,38.65185508598192,36.69398386951909,5177.0,0.3644482371969795,LinkNet
c--2-_jpg.rf.0326ed404c601fce1ed53b5acba116ed_blur5,17.716016026681395,23.976208195653108,29.744216093002027,1804.0,0.021592228385445,UNet
c--2-_jpg.rf.0326ed404c601fce1ed53b5acba116ed_blur9,5.359790902149332,23.972205959693184,28.997527863614422,476.0,0.0145932769051139,UNet
c--2-_jpg.rf.0326ed404c601fce1ed53b5acba116ed_bright0.5,54.46881776283322,11.511879364008324,15.358454657665051,1265.0,0.0220982962382289,UNet
c--2-_jpg.rf.0326ed404c601fce1ed53b5acba116ed_bright1.5,427.1911611093764,35.23051225312654,42.78538964373891,3740.0,0.0879830384578491,LinkNet
c--2-_jpg.rf.0326ed404c601fce1ed53b5acba116ed_combo0,5.863854340610746,11.51665227846301,14.861622613302345,438.0,0.0119471704853289,UNet
c--2-_jpg.rf.0326ed404c601fce1ed53b5acba116ed_combo1,9690.384450384989,26.683466134799275,24.492796778912385,5328.0,0.3580115833308526,UNet
c--2-_jpg.rf.0326ed404c601fce1ed53b5acba116ed_gamma0.5,140.57850366046168,5.632373127466254,20.80687756856063,283.0,0.0229516655586096,UNet
c--2-_jpg.rf.0326ed404c601fce1ed53b5acba116ed_gamma2.0,453.6428687937912,69.58391961128697,34.71720399596078,4162.0,0.1633673027244973,UNet
c--2-_jpg.rf.0326ed404c601fce1ed53b5acba116ed_noise15,1703.5479148271677,25.06881861271256,31.170848016654787,3788.0,0.1174077418458576,UNet
c--2-_jpg.rf.0326ed404c601fce1ed53b5acba116ed_noise50,11573.988270544436,35.88533428593164,35.62460863345643,5249.0,0.3619410513642332,LinkNet
c--20-_jpg.rf.1485254046fe3dfc47a09cb7208644d3_blur5,17.641409331436936,26.679215826362498,30.10889781539216,1265.0,0.0213937704039612,LinkNet
c--20-_jpg.rf.1485254046fe3dfc47a09cb7208644d3_blur9,5.140700088781282,26.67317608845934,29.38199098687765,335.0,0.0140772861532558,LinkNet
c--20-_jpg.rf.1485254046fe3dfc47a09cb7208644d3_bright0.5,58.33273605696737,12.74168378366757,15.592037928575516,851.0,0.024053107355845,LinkNet
c--20-_jpg.rf.1485254046fe3dfc47a09cb7208644d3_bright1.5,437.7088482700467,39.08554862055165,43.2594143796427,3080.0,0.0684680036119352,DeepLabV3Plus
c--20-_jpg.rf.1485254046fe3dfc47a09cb7208644d3_combo0,1629.762974693786,27.292229377735,30.24241515758232,3204.0,0.0760160221743718,LinkNet
c--20-_jpg.rf.1485254046fe3dfc47a09cb7208644d3_combo1,13.292556829028277,39.26267898429205,41.66525976445779,554.0,0.0179604473242902,UNet
c--20-_jpg.rf.1485254046fe3dfc47a09cb7208644d3_gamma0.5,185.6339479101251,6.228755899990408,21.52801528292869,279.0,0.0247510179240633,LinkNet
c--20-_jpg.rf.1485254046fe3dfc47a09cb7208644d3_gamma2.0,329.5080436690358,74.80697976720879,33.42987525012665,3535.0,0.0990371480265007,DeepLabV3Plus
c--20-_jpg.rf.1485254046fe3dfc47a09cb7208644d3_noise15,1832.6465770788832,27.37017044232977,31.841533094187987,3618.0,0.118363647790005,LinkNet
c--20-_jpg.rf.1485254046fe3dfc47a09cb7208644d3_noise50,12055.58000876858,37.66385517859565,36.3511182476976,5186.0,0.3628341122809106,LinkNet
c--200-_jpg.rf.76607b9345398b8b276df5398ae6b93b_blur5,15.396891359972528,25.96633821870731,27.448591725351555,1484.0,0.0173816115449623,UNet
c--200-_jpg.rf.76607b9345398b8b276df5398ae6b93b_blur9,4.660940638726656,25.9621639858301,26.77063624561005,304.0,0.0127906169066354,LinkNet
c--200-_jpg.rf.76607b9345398b8b276df5398ae6b93b_bright0.5,49.09798858746231,12.500868253668992,14.205723809697703,961.0,0.0174047649761354,LinkNet
c--200-_jpg.rf.76607b9345398b8b276df5398ae6b93b_bright1.5,365.6399645250224,38.318978206006,39.28903688701937,3691.0,0.0669365695214847,UNet
c--200-_jpg.rf.76607b9345398b8b276df5398ae6b93b_combo0,365.6399645250224,38.318978206006,39.28903688701937,3691.0,0.0669365695214847,UNet
c--200-_jpg.rf.76607b9345398b8b276df5398ae6b93b_combo1,49.09798858746231,12.500868253668992,14.205723809697703,961.0,0.0174047649761354,LinkNet
c--200-_jpg.rf.76607b9345398b8b276df5398ae6b93b_gamma0.5,147.6745757396784,5.468003611935263,19.55290603496281,236.0,0.0196374172678289,LinkNet
c--200-_jpg.rf.76607b9345398b8b276df5398ae6b93b_gamma2.0,293.4313311064187,74.95646493412849,30.621402187986533,4069.0,0.1030823832157469,LinkNet
c--200-_jpg.rf.76607b9345398b8b276df5398ae6b93b_noise15,1808.486521275107,26.59437503927814,29.250447675187765,3582.0,0.1174970479375254,LinkNet
c--200-_jpg.rf.76607b9345398b8b276df5398ae6b93b_noise50,12044.816753637968,36.87520962124295,34.5092251049657,5155.0,0.3617062094194773,LinkNet
c--21-_jpg.rf.c14e6cc95d446ec2d89a794cfa68fc0c_blur5,16.54239645657337,26.73984473970582,28.767597999316425,1405.0,0.0213507711746397,LinkNet
c--21-_jpg.rf.c14e6cc95d446ec2d89a794cfa68fc0c_blur9,5.032536065763611,26.73670579596535,28.046361876398308,345.0,0.0139185197680687,LinkNet
c--21-_jpg.rf.c14e6cc95d446ec2d89a794cfa68fc0c_bright0.5,50.89649045716691,12.885691510298315,14.8688845628049,974.0,0.0216550734129149,LinkNet
c--21-_jpg.rf.c14e6cc95d446ec2d89a794cfa68fc0c_bright1.5,384.5397834564168,39.384915870354014,41.18304681673778,3494.0,0.0711273405638191,LinkNet
c--21-_jpg.rf.c14e6cc95d446ec2d89a794cfa68fc0c_combo0,13811.993766428332,47.372370018291214,45.06620975823796,4975.0,0.3651031485358762,LinkNet
c--21-_jpg.rf.c14e6cc95d446ec2d89a794cfa68fc0c_combo1,15.742443237077834,92.54030846985589,36.88377955932499,1591.0,0.0169714650498956,UNet
c--21-_jpg.rf.c14e6cc95d446ec2d89a794cfa68fc0c_gamma0.5,147.30761646060438,5.947613708154308,20.35864504447942,305.0,0.0230310487512031,LinkNet
c--21-_jpg.rf.c14e6cc95d446ec2d89a794cfa68fc0c_gamma2.0,305.8216586472727,75.59368374397597,32.14590091011757,3938.0,0.1030063076561781,LinkNet
c--21-_jpg.rf.c14e6cc95d446ec2d89a794cfa68fc0c_noise15,1820.7052949013569,27.409475045562644,30.528488648393864,3569.0,0.1179435783958641,LinkNet
c--21-_jpg.rf.c14e6cc95d446ec2d89a794cfa68fc0c_noise50,12099.148987262732,37.52296654990722,35.36016898186048,5089.0,0.3631185687210375,LinkNet
c--22-_jpg.rf.435638a1dd5074b716ad78ad28a06cb9_blur5,18.854602972875032,28.140329638707243,30.59134397637062,1002.0,0.0233717349527504,UNet
c--22-_jpg.rf.435638a1dd5074b716ad78ad28a06cb9_blur9,5.545759435678608,28.13731638502172,29.826427872017423,258.0,0.0159196377480311,UNet
c--22-_jpg.rf.435638a1dd5074b716ad78ad28a06cb9_bright0.5,58.97853013985767,13.587051939761388,15.82530812278383,991.0,0.0236991906221988,UNet
c--22-_jpg.rf.435638a1dd5074b716ad78ad28a06cb9_bright1.5,443.3684735418653,41.411082555212666,43.696950779619854,3513.0,0.0784769011447718,DeepLabV3Plus
c--22-_jpg.rf.435638a1dd5074b716ad78ad28a06cb9_combo0,2028.1030168710192,77.32869272419964,33.69250247458194,2789.0,0.164687048301365,LinkNet
c--22-_jpg.rf.435638a1dd5074b716ad78ad28a06cb9_combo1,5.545759435678608,28.13731638502172,29.826427872017423,258.0,0.0159196377480311,UNet
c--22-_jpg.rf.435638a1dd5074b716ad78ad28a06cb9_gamma0.5,181.5517394442483,6.692760583598771,21.988312918497577,281.0,0.0257333849324085,LinkNet
c--22-_jpg.rf.435638a1dd5074b716ad78ad28a06cb9_gamma2.0,333.3518522742821,77.31064297078368,33.66456648396094,3872.0,0.1128002090424071,UNet
c--22-_jpg.rf.435638a1dd5074b716ad78ad28a06cb9_noise15,1862.710542363589,28.771889088449413,32.374865141983804,3561.0,0.1305853518163866,LinkNet
c--22-_jpg.rf.435638a1dd5074b716ad78ad28a06cb9_noise50,12250.155644526349,38.80316606633127,36.86650934603824,5226.0,0.3641141662614816,LinkNet
c--23-_jpg.rf.74df4ed4e90eb51ebf380dbd3f962265_blur5,16.31938834058693,26.43556565486173,28.557958851990247,1395.0,0.0225084427332956,UNet
c--23-_jpg.rf.74df4ed4e90eb51ebf380dbd3f962265_blur9,4.739553666424221,26.43273101335953,27.876073713839197,372.0,0.0124565459711375,UNet
c--23-_jpg.rf.74df4ed4e90eb51ebf380dbd3f962265_bright0.5,60.271106732412,12.702633868177593,14.812350046894707,926.0,0.0225580572286665,UNet
c--23-_jpg.rf.74df4ed4e90eb51ebf380dbd3f962265_bright1.5,464.3173964235248,38.84035709206135,41.117070896084336,3309.0,0.0789598155663825,UNet
c--23-_jpg.rf.74df4ed4e90eb51ebf380dbd3f962265_combo0,24.801481965947485,75.31617664083406,31.322059596025408,2659.0,0.0248568621808547,UNet
c--23-_jpg.rf.74df4ed4e90eb51ebf380dbd3f962265_combo1,12072.274315234472,37.35981424332933,35.240294778962884,5124.0,0.3632674122071504,LinkNet
c--23-_jpg.rf.74df4ed4e90eb51ebf380dbd3f962265_gamma0.5,164.63961684164607,5.866183090718451,19.95224353846873,332.0,0.0232195838336128,LinkNet
c--23-_jpg.rf.74df4ed4e90eb51ebf380dbd3f962265_gamma2.0,378.2606704356663,74.8970433068392,32.30500833464731,3717.0,0.1064958604972695,UNet
c--23-_jpg.rf.74df4ed4e90eb51ebf380dbd3f962265_noise15,1837.026836921189,27.11086524372294,30.34591196276925,3707.0,0.1274728691401146,LinkNet
c--23-_jpg.rf.74df4ed4e90eb51ebf380dbd3f962265_noise50,12119.472001349131,37.42031746661771,35.312914524010324,5134.0,0.3632872580052988,LinkNet
c--24-_jpg.rf.238a28575d9e715a7992b00b0d74e1a7_blur5,18.175886211249868,27.73696048370825,31.318922574296053,1508.0,0.0215789978533461,UNet
c--24-_jpg.rf.238a28575d9e715a7992b00b0d74e1a7_blur9,5.0588360213164005,27.73518428477397,30.63959470144051,461.0,0.0139416731992418,UNet
c--24-_jpg.rf.238a28575d9e715a7992b00b0d74e1a7_bright0.5,66.8139743185879,13.257985453029956,16.19401649639811,1110.0,0.0246253278691235,UNet
c--24-_jpg.rf.238a28575d9e715a7992b00b0d74e1a7_bright1.5,523.6197549770842,40.479947474787565,43.63768312361888,3203.0,0.0927625681785857,UNet
c--24-_jpg.rf.238a28575d9e715a7992b00b0d74e1a7_combo0,1.071775623234632,1.3873866722234902,5.551355079942684,134.0,0.002004425612987,LinkNet
c--24-_jpg.rf.238a28575d9e715a7992b00b0d74e1a7_combo1,1.071775623234632,1.3873866722234902,5.551355079942684,134.0,0.002004425612987,LinkNet
c--24-_jpg.rf.238a28575d9e715a7992b00b0d74e1a7_gamma0.5,178.25208914252804,6.781028078496747,23.831420950022384,375.0,0.0251810102172784,LinkNet
c--24-_jpg.rf.238a28575d9e715a7992b00b0d74e1a7_gamma2.0,415.89335402388457,76.36052538442965,34.02290928797526,3603.0,0.1237220132900694,DeepLabV3Plus
c--24-_jpg.rf.238a28575d9e715a7992b00b0d74e1a7_noise15,1877.069147328808,28.370812123136563,32.976188278360006,3645.0,0.1306746579080544,LinkNet
c--24-_jpg.rf.238a28575d9e715a7992b00b0d74e1a7_noise50,12176.749279384418,38.43701770575958,37.211918659274765,5163.0,0.3641836265550009,LinkNet
c--25-_jpg.rf.c7b8c3ad35689b885590cc09c805dc7f_blur5,24.57642341545943,32.41207484512008,37.12161277614642,1642.0,0.0281148807102149,UNet
c--25-_jpg.rf.c7b8c3ad35689b885590cc09c805dc7f_blur9,6.417648174864444,32.40811230075646,36.377619176734655,508.0,0.0168126986647085,UNet
c--25-_jpg.rf.c7b8c3ad35689b885590cc09c805dc7f_bright0.5,86.30339438717978,15.628777730368371,19.14808258527681,1312.0,0.0291667080120794,LinkNet
c--25-_jpg.rf.c7b8c3ad35689b885590cc09c805dc7f_bright1.5,640.6948630779583,46.71906288141143,49.43921059480615,3391.0,0.1090526608253867,UNet
c--25-_jpg.rf.c7b8c3ad35689b885590cc09c805dc7f_combo0,6.417648174864444,32.40811230075646,36.377619176734655,508.0,0.0168126986647085,UNet
c--25-_jpg.rf.c7b8c3ad35689b885590cc09c805dc7f_combo1,339.3123500861036,32.41621269403402,38.243304920663945,2715.0,0.0665165001273438,UNet
c--25-_jpg.rf.c7b8c3ad35689b885590cc09c805dc7f_gamma0.5,282.250305630317,9.491028045420416,30.920521720962963,509.0,0.0305856825796891,UNet
c--25-_jpg.rf.c7b8c3ad35689b885590cc09c805dc7f_gamma2.0,455.7369588145807,81.99647075556261,38.15143961195302,3839.0,0.127628327892277,UNet
c--25-_jpg.rf.c7b8c3ad35689b885590cc09c805dc7f_noise15,1995.2022238936383,32.83316299023256,38.6531657198998,3703.0,0.1496340104058135,UNet
c--25-_jpg.rf.c7b8c3ad35689b885590cc09c805dc7f_noise50,12684.382431711449,42.203376431791646,41.62589391334741,5062.0,0.3639388617111708,LinkNet
c--26-_jpg.rf.3623cac76c9a86c3839ec138bd60ad38_blur5,17.301248630922,26.263687812364594,28.78475839661375,1371.0,0.0214036933030354,UNet
c--26-_jpg.rf.3623cac76c9a86c3839ec138bd60ad38_blur9,5.088224242900816,26.260519099926903,28.05918682340791,295.0,0.0140772861532558,LinkNet
c--26-_jpg.rf.3623cac76c9a86c3839ec138bd60ad38_bright0.5,54.24725604209706,12.509223334689462,14.93041048079088,916.0,0.0224588282379246,LinkNet
c--26-_jpg.rf.3623cac76c9a86c3839ec138bd60ad38_bright1.5,403.31671585203816,38.57376848553407,41.083988783191074,3493.0,0.0655605941831965,LinkNet
c--26-_jpg.rf.3623cac76c9a86c3839ec138bd60ad38_combo0,13506.597377653072,46.72621067637788,44.76668897454271,5022.0,0.3653876049760031,LinkNet
c--26-_jpg.rf.3623cac76c9a86c3839ec138bd60ad38_combo1,9939.690630215162,27.3601846982281,24.65433380177969,5300.0,0.3573335185607827,UNet
c--26-_jpg.rf.3623cac76c9a86c3839ec138bd60ad38_gamma0.5,171.55500326253264,5.840013098226778,20.73165480383621,279.0,0.0228127449715708,LinkNet
c--26-_jpg.rf.3623cac76c9a86c3839ec138bd60ad38_gamma2.0,304.3272623895097,74.76483390720766,32.09163701086325,3883.0,0.0987063847240276,DeepLabV3Plus
c--26-_jpg.rf.3623cac76c9a86c3839ec138bd60ad38_noise15,1818.870048517245,26.91838415511476,30.551578041328018,3621.0,0.1149435552424329,LinkNet
c--26-_jpg.rf.3623cac76c9a86c3839ec138bd60ad38_noise50,12104.69415380217,37.28735392665654,35.475216110078755,5173.0,0.3616599025571311,LinkNet
c--27-_jpg.rf.0caad65ba0c0030d955dcf4d99ad7496_blur5,17.053057720169033,26.250900503090985,29.62386154640993,1232.0,0.0218766848255719,DeepLabV3Plus
c--27-_jpg.rf.0caad65ba0c0030d955dcf4d99ad7496_blur9,5.011364911005888,26.24899861410176,28.92190578951741,264.0,0.0141335159146763,DeepLabV3Plus
c--27-_jpg.rf.0caad65ba0c0030d955dcf4d99ad7496_bright0.5,54.50016701966976,12.51744280275592,15.324435674339828,801.0,0.0213540788076644,LinkNet
c--27-_jpg.rf.0caad65ba0c0030d955dcf4d99ad7496_bright1.5,412.12717755697565,38.47351412855446,42.03542377654827,3313.0,0.0646344569362718,LinkNet
c--27-_jpg.rf.0caad65ba0c0030d955dcf4d99ad7496_combo0,308.6477932118005,74.3989435420119,32.870363707240564,3781.0,0.0931760223066771,LinkNet
c--27-_jpg.rf.0caad65ba0c0030d955dcf4d99ad7496_combo1,5.526958860506473,12.52451782979582,14.850037538144624,288.0,0.0110474943026021,LinkNet
c--27-_jpg.rf.0caad65ba0c0030d955dcf4d99ad7496_gamma0.5,167.75710712412723,6.033870162173248,21.45024936185543,273.0,0.02331550519133,LinkNet
c--27-_jpg.rf.0caad65ba0c0030d955dcf4d99ad7496_gamma2.0,308.6477932118005,74.3989435420119,32.870363707240564,3781.0,0.0931760223066771,LinkNet
c--27-_jpg.rf.0caad65ba0c0030d955dcf4d99ad7496_noise15,1803.631036600836,26.93412518067945,31.321585939398297,3596.0,0.1098498003843469,UNet
c--27-_jpg.rf.0caad65ba0c0030d955dcf4d99ad7496_noise50,12004.698000777214,37.41284883124787,35.98199105886371,5171.0,0.362496733712388,LinkNet
c--28-_jpg.rf.63cf2b462abe6a606a2f98eeee9fac97_blur5,17.157512791876865,26.37455636372056,28.488599876943702,1416.0,0.0212184658536504,UNet
c--28-_jpg.rf.63cf2b462abe6a606a2f98eeee9fac97_blur9,4.974107649292955,26.37237332592424,27.7698371894798,319.0,0.0132040710347268,LinkNet
c--28-_jpg.rf.63cf2b462abe6a606a2f98eeee9fac97_bright0.5,57.10999530192822,12.593144599792945,14.79031233816554,886.0,0.0214036933030354,LinkNet
c--28-_jpg.rf.63cf2b462abe6a606a2f98eeee9fac97_bright1.5,430.4021315850735,38.81468985978944,41.0255296408438,3479.0,0.0693015271341675,UNet
c--28-_jpg.rf.63cf2b462abe6a606a2f98eeee9fac97_combo0,727.1112289846183,6.545726372750396,7.164098373054861,4263.0,0.0072470239571859,UNet
c--28-_jpg.rf.63cf2b462abe6a606a2f98eeee9fac97_combo1,492.025398117518,90.975791433892,38.27286638266225,3965.0,0.1468522910320145,UNet
c--28-_jpg.rf.63cf2b462abe6a606a2f98eeee9fac97_gamma0.5,170.28222346039885,5.807042612236257,20.07547985503654,284.0,0.0221644488987235,LinkNet
c--28-_jpg.rf.63cf2b462abe6a606a2f98eeee9fac97_gamma2.0,331.327603069344,75.00392946803338,31.987570050527754,3877.0,0.1018552513635717,UNet
c--28-_jpg.rf.63cf2b462abe6a606a2f98eeee9fac97_noise15,1838.2237744624736,27.05356050156947,30.319259471725992,3605.0,0.1240130849962458,LinkNet
c--28-_jpg.rf.63cf2b462abe6a606a2f98eeee9fac97_noise50,12136.063501759494,37.3281932716129,35.37383352619946,5205.0,0.3616863636213289,LinkNet
c--29-_jpg.rf.c745f8305bbad434ef2f033ced947a96_blur5,15.921651654538628,25.295520472594607,27.783325104679825,1201.0,0.0199979492675246,LinkNet
c--29-_jpg.rf.c745f8305bbad434ef2f033ced947a96_blur9,4.805170318253895,25.294491798723914,27.08251275493731,261.0,0.01285676956713,LinkNet
c--29-_jpg.rf.c745f8305bbad434ef2f033ced947a96_bright0.5,47.6849534771922,12.032960563091446,14.411081863758035,763.0,0.0207157056338913,LinkNet
c--29-_jpg.rf.c745f8305bbad434ef2f033ced947a96_bright1.5,359.7877374010956,37.18264749562565,39.8366118289763,3367.0,0.057347741382789,DeepLabV3Plus
c--29-_jpg.rf.c745f8305bbad434ef2f033ced947a96_combo0,273.23456273181523,73.42277173032207,31.2912556474742,3829.0,0.0897526221260803,LinkNet
c--29-_jpg.rf.c745f8305bbad434ef2f033ced947a96_combo1,362.2204530442582,11.307365106456167,33.388464045367364,422.0,0.0302350734790676,LinkNet
c--29-_jpg.rf.c745f8305bbad434ef2f033ced947a96_gamma0.5,146.18466766774287,5.411512547505879,19.61344652941332,268.0,0.0220321435777343,LinkNet
c--29-_jpg.rf.c745f8305bbad434ef2f033ced947a96_gamma2.0,273.23456273181523,73.42277173032207,31.2912556474742,3829.0,0.0897526221260803,LinkNet
c--29-_jpg.rf.c745f8305bbad434ef2f033ced947a96_noise15,1777.0862205209107,26.01460650743721,29.5348027215798,3599.0,0.1109446269155329,LinkNet
c--29-_jpg.rf.c745f8305bbad434ef2f033ced947a96_noise50,11921.44160887388,36.49643602541585,34.677564188731175,5257.0,0.3624669650151655,LinkNet
c--3-_jpg.rf.81e764c371b815a320261f0fdf5b1c99_blur5,16.290548048782515,22.719909635465765,28.277796567258868,1793.0,0.0205040171203085,UNet
c--3-_jpg.rf.81e764c371b815a320261f0fdf5b1c99_blur9,4.862571027846196,22.718169820494754,27.576828921918963,411.0,0.0135050656399773,UNet
c--3-_jpg.rf.81e764c371b815a320261f0fdf5b1c99_bright0.5,52.06023337366536,10.965971071441563,14.596437057626677,1157.0,0.0214003856700106,LinkNet
c--3-_jpg.rf.81e764c371b815a320261f0fdf5b1c99_bright1.5,404.5048633057884,33.54500200111798,41.18784457566312,3826.0,0.0812321594543728,UNet
c--3-_jpg.rf.81e764c371b815a320261f0fdf5b1c99_combo0,11386.510022032067,34.93126077048004,34.52568378369867,5209.0,0.3614713674747214,LinkNet
c--3-_jpg.rf.81e764c371b815a320261f0fdf5b1c99_combo1,404.5048633057884,33.54500200111798,41.18784457566312,3826.0,0.0812321594543728,UNet
c--3-_jpg.rf.81e764c371b815a320261f0fdf5b1c99_gamma0.5,125.03161612784922,5.072711696782665,19.014038638581408,262.0,0.0211787742573536,LinkNet
c--3-_jpg.rf.81e764c371b815a320261f0fdf5b1c99_gamma2.0,455.895195063185,67.81980015281265,33.76047440915492,4117.0,0.1667609342078715,UNet
c--3-_jpg.rf.81e764c371b815a320261f0fdf5b1c99_noise15,1678.7472933286297,23.95855535820012,29.757436186832727,3862.0,0.1116160764195534,LinkNet
c--3-_jpg.rf.81e764c371b815a320261f0fdf5b1c99_noise50,11431.48065123095,34.97437907459043,34.53721585961943,5152.0,0.3620799719512719,LinkNet
c--30-_jpg.rf.dc31d1c1b3a5e0297ea8625cda59cf97_blur5,15.45220926093393,24.07191124959068,27.20000477524413,1003.0,0.0192504242039354,LinkNet
c--30-_jpg.rf.dc31d1c1b3a5e0297ea8625cda59cf97_blur9,4.637522918560384,24.06856392496965,26.51709251575383,215.0,0.0122117811273074,LinkNet
c--30-_jpg.rf.dc31d1c1b3a5e0297ea8625cda59cf97_bright0.5,44.760903623794505,11.397398877389351,14.109432279360156,678.0,0.0192570394699848,LinkNet
c--30-_jpg.rf.dc31d1c1b3a5e0297ea8625cda59cf97_bright1.5,334.11630869623394,35.404940280685736,39.17305973048476,3160.0,0.0485295917388557,LinkNet
c--30-_jpg.rf.dc31d1c1b3a5e0297ea8625cda59cf97_combo0,18610.176389712797,73.66452001283362,41.784567959876014,4207.0,0.3691516913581472,UNet
c--30-_jpg.rf.dc31d1c1b3a5e0297ea8625cda59cf97_combo1,913.11993345615,14.198315753263806,29.88357288330718,3906.0,0.0278734234994095,LinkNet
c--30-_jpg.rf.dc31d1c1b3a5e0297ea8625cda59cf97_gamma0.5,143.83278074147788,5.028925250801274,18.94514755420099,247.0,0.0204345568267891,DeepLabV3Plus
c--30-_jpg.rf.dc31d1c1b3a5e0297ea8625cda59cf97_gamma2.0,249.4316389697471,71.47078863894208,30.93167189154959,3683.0,0.0716069473524051,UNet
c--30-_jpg.rf.dc31d1c1b3a5e0297ea8625cda59cf97_noise15,1731.4718991057678,24.880792905788688,28.91630279169629,3512.0,0.090162768621147,LinkNet
c--30-_jpg.rf.dc31d1c1b3a5e0297ea8625cda59cf97_noise50,11614.031525331036,35.67126096893802,34.13843656395855,5200.0,0.3631317992531365,LinkNet
c--31-_jpg.rf.66b0a781ec2ef637329eab5e3dcfd3af_blur5,18.01280043040135,26.944583916303653,29.42556085186434,1410.0,0.0213739246058128,DeepLabV3Plus
c--31-_jpg.rf.66b0a781ec2ef637329eab5e3dcfd3af_blur9,5.268252339637031,26.942926792158264,28.68692569490618,308.0,0.0140839014193053,LinkNet
c--31-_jpg.rf.66b0a781ec2ef637329eab5e3dcfd3af_bright0.5,55.90451279178861,12.894466660712927,15.256938341695449,886.0,0.0218535313943988,LinkNet
c--31-_jpg.rf.66b0a781ec2ef637329eab5e3dcfd3af_bright1.5,416.0774852051936,39.55292047457919,42.012758203596086,3483.0,0.0688020745474331,DeepLabV3Plus
c--31-_jpg.rf.66b0a781ec2ef637329eab5e3dcfd3af_combo0,1828.5250798429804,27.57530984252359,31.208151265629315,3577.0,0.1185488752393899,LinkNet
c--31-_jpg.rf.66b0a781ec2ef637329eab5e3dcfd3af_combo1,2.378022759585775,12.899524031607742,14.386581374288289,123.0,0.0052128296469763,LinkNet
c--31-_jpg.rf.66b0a781ec2ef637329eab5e3dcfd3af_gamma0.5,180.186149377846,6.151168752129289,21.141727531405756,284.0,0.0238976486036827,LinkNet
c--31-_jpg.rf.66b0a781ec2ef637329eab5e3dcfd3af_gamma2.0,311.47083884739374,75.6284866586622,32.704818503752165,3894.0,0.1006281195113964,DeepLabV3Plus
c--31-_jpg.rf.66b0a781ec2ef637329eab5e3dcfd3af_noise15,1836.373550159504,27.562879757616653,31.22333080127965,3624.0,0.1209270633841716,UNet
c--31-_jpg.rf.66b0a781ec2ef637329eab5e3dcfd3af_noise50,12066.95988659176,37.72616767714855,35.93653599849948,5159.0,0.36290357257443,LinkNet
c--32-_jpg.rf.ba4e2455307a29f2f386e5c1f4974476_blur5,20.26724351572185,29.260621636550667,31.87201176536564,1394.0,0.0252438552447483,UNet
c--32-_jpg.rf.ba4e2455307a29f2f386e5c1f4974476_blur9,5.9698244625915855,29.259278737542623,31.068716665985423,256.0,0.0166903162427934,DeepLabV3Plus
c--32-_jpg.rf.ba4e2455307a29f2f386e5c1f4974476_bright0.5,59.01912790940275,13.986561087020515,16.524485944381556,972.0,0.0256010796114192,DeepLabV3Plus
c--32-_jpg.rf.ba4e2455307a29f2f386e5c1f4974476_bright1.5,438.984201381397,42.71848073799908,44.94778460410584,3537.0,0.0730920745805094,DeepLabV3Plus
c--32-_jpg.rf.ba4e2455307a29f2f386e5c1f4974476_combo0,2048.2194282472515,78.36390909301394,35.164660832940456,2987.0,0.2034624302502886,LinkNet
c--32-_jpg.rf.ba4e2455307a29f2f386e5c1f4974476_combo1,481.27019284095945,14.724384862948224,39.01715282790316,629.0,0.0368834158587773,DeepLabV3Plus
c--32-_jpg.rf.ba4e2455307a29f2f386e5c1f4974476_gamma0.5,196.74778610375424,7.267832276544582,23.652426531445983,299.0,0.0260939169321042,DeepLabV3Plus
c--32-_jpg.rf.ba4e2455307a29f2f386e5c1f4974476_gamma2.0,299.42378086204644,78.5700540136473,34.586146230281834,3970.0,0.0988056137147695,DeepLabV3Plus
c--32-_jpg.rf.ba4e2455307a29f2f386e5c1f4974476_noise15,1883.6057499661,29.77203131666948,33.65192624521595,3540.0,0.1298775183490942,LinkNet
c--32-_jpg.rf.ba4e2455307a29f2f386e5c1f4974476_noise50,12373.042667221294,39.55903628804192,37.80862594402066,5180.0,0.3628969573083805,UNet
c--33-_jpg.rf.060df43ce21c08b048fc7006cddde82c_blur5,15.393319966815334,24.89369598221817,27.84798093144089,1289.0,0.0186087433971375,UNet
c--33-_jpg.rf.060df43ce21c08b048fc7006cddde82c_blur9,4.610979243237994,24.88990874240485,27.184698907856923,248.0,0.0121588589989117,DeepLabV3Plus
c--33-_jpg.rf.060df43ce21c08b048fc7006cddde82c_bright0.5,46.920853654798805,11.84123030717988,14.422541073634902,784.0,0.0195249577449881,UNet
c--33-_jpg.rf.060df43ce21c08b048fc7006cddde82c_bright1.5,347.58265079574915,36.53538009664904,39.45696173019611,3468.0,0.057519738300075,DeepLabV3Plus
c--33-_jpg.rf.060df43ce21c08b048fc7006cddde82c_combo0,46.920853654798805,11.84123030717988,14.422541073634902,784.0,0.0195249577449881,UNet
c--33-_jpg.rf.060df43ce21c08b048fc7006cddde82c_combo1,1821.8123541258324,36.51876254833279,38.80755335640423,2869.0,0.0999897463376233,LinkNet
c--33-_jpg.rf.060df43ce21c08b048fc7006cddde82c_gamma0.5,149.06000707648576,5.343537381214629,20.10687822347107,225.0,0.0199880263684504,LinkNet
c--33-_jpg.rf.060df43ce21c08b048fc7006cddde82c_gamma2.0,278.4490005235558,72.8366591583397,31.089498791046704,3899.0,0.0870899775411717,DeepLabV3Plus
c--33-_jpg.rf.060df43ce21c08b048fc7006cddde82c_noise15,1760.594584323062,25.605799603745563,29.57714110764047,3615.0,0.1031683816743899,LinkNet
c--33-_jpg.rf.060df43ce21c08b048fc7006cddde82c_noise50,11888.280617865128,36.22424098091165,34.70196797596377,5157.0,0.3625496558407838,UNet
c--34-_jpg.rf.e852f0fb16bb5a7204a0cf1670a3da31_blur5,13.51327999703306,24.97570874306637,26.283871174391983,1518.0,0.0161677102248859,LinkNet
c--34-_jpg.rf.e852f0fb16bb5a7204a0cf1670a3da31_blur9,4.1516409695503205,24.970459529456125,25.668715910993747,267.0,0.0105877333121644,LinkNet
c--34-_jpg.rf.e852f0fb16bb5a7204a0cf1670a3da31_bright0.5,44.87056057565442,11.928842890738958,13.604917565759548,903.0,0.0163661682063698,LinkNet
c--34-_jpg.rf.e852f0fb16bb5a7204a0cf1670a3da31_bright1.5,342.40239034170685,36.87846433213928,37.80126039076471,3642.0,0.0668174947325944,DeepLabV3Plus
c--34-_jpg.rf.e852f0fb16bb5a7204a0cf1670a3da31_combo0,1645.5556771289653,25.587610929742567,27.34726545504665,3255.0,0.0727580036450115,LinkNet
c--34-_jpg.rf.e852f0fb16bb5a7204a0cf1670a3da31_combo1,8375.314918960352,23.04727269118946,25.213639910151883,5490.0,0.3517138500517645,UNet
c--34-_jpg.rf.e852f0fb16bb5a7204a0cf1670a3da31_gamma0.5,120.60799745694936,4.994787170353024,18.39656013780201,228.0,0.0182151350671945,LinkNet
c--34-_jpg.rf.e852f0fb16bb5a7204a0cf1670a3da31_gamma2.0,297.62958921617604,73.6607063119561,29.62617658939762,4075.0,0.1014847964648018,DeepLabV3Plus
c--34-_jpg.rf.e852f0fb16bb5a7204a0cf1670a3da31_noise15,1779.0225247247938,25.620564877567965,28.06335208162458,3602.0,0.112813439574506,LinkNet
c--34-_jpg.rf.e852f0fb16bb5a7204a0cf1670a3da31_noise50,11882.247665324014,36.11453671638039,33.70015254497038,5280.0,0.3632442587759773,LinkNet
c--35-_jpg.rf.11b7b9f40d845e49e3d656a8c5dc34c5_blur5,14.1790884529081,24.92960695396767,26.907301192209424,1285.0,0.0182548266634913,DeepLabV3Plus
c--35-_jpg.rf.11b7b9f40d845e49e3d656a8c5dc34c5_blur9,4.379150649351506,24.92683846512597,26.26409240744172,241.0,0.0113584118069268,UNet
c--35-_jpg.rf.11b7b9f40d845e49e3d656a8c5dc34c5_bright0.5,46.654804649119306,11.887808395434144,13.918510783860944,817.0,0.018000138920587,UNet
c--35-_jpg.rf.11b7b9f40d845e49e3d656a8c5dc34c5_bright1.5,357.2194494904168,36.75782503282826,38.89228408148004,3469.0,0.0605528377837535,UNet
c--35-_jpg.rf.11b7b9f40d845e49e3d656a8c5dc34c5_combo0,1768.682743311567,25.656561847776118,28.655626399892878,3616.0,0.1089435089355706,UNet
c--35-_jpg.rf.11b7b9f40d845e49e3d656a8c5dc34c5_combo1,2440.005040938305,88.17490101908173,37.871136756668186,3865.0,0.2950408658060205,LinkNet
c--35-_jpg.rf.11b7b9f40d845e49e3d656a8c5dc34c5_gamma0.5,130.94737700913615,5.120725297769663,18.50432157907912,242.0,0.0204147110286407,LinkNet
c--35-_jpg.rf.11b7b9f40d845e49e3d656a8c5dc34c5_gamma2.0,301.23653458208247,73.12140997780578,30.61544536216719,3938.0,0.0946181503054599,DeepLabV3Plus
c--35-_jpg.rf.11b7b9f40d845e49e3d656a8c5dc34c5_noise15,1760.889676825517,25.64738978139853,28.65370290929779,3666.0,0.1077229923494448,LinkNet
c--35-_jpg.rf.11b7b9f40d845e49e3d656a8c5dc34c5_noise50,11884.654122622456,36.12878930708396,34.03718539698631,5235.0,0.363025954996345,LinkNet
c--36-_jpg.rf.095669007899fc6932329c83b4d21c68_blur5,19.562663028461188,28.108986508164893,30.90501845912761,1440.0,0.0239704165302268,LinkNet
c--36-_jpg.rf.095669007899fc6932329c83b4d21c68_blur9,5.687583584055483,28.10871858988989,30.13596656005374,314.0,0.0160354049038967,LinkNet
c--36-_jpg.rf.095669007899fc6932329c83b4d21c68_bright0.5,59.79552726007953,13.401811259844342,16.044464946946444,941.0,0.0241324905484386,LinkNet
c--36-_jpg.rf.095669007899fc6932329c83b4d21c68_bright1.5,449.3784167338733,41.01296261382392,43.88504799558839,3523.0,0.0739355210018158,LinkNet
c--36-_jpg.rf.095669007899fc6932329c83b4d21c68_combo0,1312.1707299459993,15.697559959117656,16.96022215411616,3865.0,0.0502627914438148,LinkNet
c--36-_jpg.rf.095669007899fc6932329c83b4d21c68_combo1,6.174245643474487,13.405386811144076,15.523847362168285,356.0,0.0125094680995332,LinkNet
c--36-_jpg.rf.095669007899fc6932329c83b4d21c68_gamma0.5,187.29326492963912,6.748378432909625,22.641499755534927,296.0,0.0252041636484515,LinkNet
c--36-_jpg.rf.095669007899fc6932329c83b4d21c68_gamma2.0,338.6875030906821,76.95683869666028,33.913643010756125,3852.0,0.1048552745170028,LinkNet
c--36-_jpg.rf.095669007899fc6932329c83b4d21c68_noise15,1857.3807978105228,28.663815486999347,32.67424669018956,3531.0,0.1276614042225243,LinkNet
c--36-_jpg.rf.095669007899fc6932329c83b4d21c68_noise50,12240.022072726064,38.68770652033698,37.04039041335388,5186.0,0.3612100644657676,LinkNet
c--37-_jpg.rf.c56cab6f013e88f18752b5cc3d23d7ba_blur5,12.979247021765904,24.70269340557204,26.920069273342776,1272.0,0.0167002391418676,LinkNet
c--37-_jpg.rf.c56cab6f013e88f18752b5cc3d23d7ba_blur9,4.274440813503697,24.698158640695134,26.288849892837533,240.0,0.0111301851282203,LinkNet
c--37-_jpg.rf.c56cab6f013e88f18752b5cc3d23d7ba_bright0.5,31.540242643734597,11.731182048814048,13.894433033256693,736.0,0.0163397071421719,LinkNet
c--37-_jpg.rf.c56cab6f013e88f18752b5cc3d23d7ba_bright1.5,241.0760179815956,36.3134676893868,38.18695699342173,3407.0,0.0455626449156719,LinkNet
c--37-_jpg.rf.c56cab6f013e88f18752b5cc3d23d7ba_combo0,217.9970687318977,10.552401176194303,32.01702887902664,392.0,0.0251843178503031,DeepLabV3Plus
c--37-_jpg.rf.c56cab6f013e88f18752b5cc3d23d7ba_combo1,19035.981962202328,74.90450532694298,41.466093479679714,4189.0,0.3683843204964095,UNet
c--37-_jpg.rf.c56cab6f013e88f18752b5cc3d23d7ba_gamma0.5,88.2093623173777,5.069076608088486,19.170271991637183,227.0,0.0181125984434279,LinkNet
c--37-_jpg.rf.c56cab6f013e88f18752b5cc3d23d7ba_gamma2.0,204.05753783257816,72.90738958294055,30.07239204726619,3863.0,0.0720832465079664,LinkNet
c--37-_jpg.rf.c56cab6f013e88f18752b5cc3d23d7ba_noise15,1709.2664538535134,25.36159705752966,28.60411878940752,3510.0,0.0978794764678448,LinkNet
c--37-_jpg.rf.c56cab6f013e88f18752b5cc3d23d7ba_noise50,11776.911403018605,35.90907978341619,33.945820061591924,5125.0,0.3616962865204031,LinkNet
c--38-_jpg.rf.6f6d22e248524cc394c14c605ee83238_blur5,15.511998043847465,24.67933820878441,27.83879413779456,1231.0,0.0183904396175053,UNet
c--38-_jpg.rf.6f6d22e248524cc394c14c605ee83238_blur9,4.685635724556688,24.675587352934368,27.160832685918347,234.0,0.0130684580807128,UNet
c--38-_jpg.rf.6f6d22e248524cc394c14c605ee83238_bright0.5,46.82158949755629,11.69554891823862,14.430110891040233,751.0,0.0184102854156537,DeepLabV3Plus
c--38-_jpg.rf.6f6d22e248524cc394c14c605ee83238_bright1.5,344.88315453737755,36.15984136592014,39.55079744674788,3393.0,0.0562099156222815,UNet
c--38-_jpg.rf.6f6d22e248524cc394c14c605ee83238_combo0,344.88315453737755,36.15984136592014,39.55079744674788,3393.0,0.0562099156222815,UNet
c--38-_jpg.rf.6f6d22e248524cc394c14c605ee83238_combo1,46.82158949755629,11.69554891823862,14.430110891040233,751.0,0.0184102854156537,DeepLabV3Plus
c--38-_jpg.rf.6f6d22e248524cc394c14c605ee83238_gamma0.5,153.0275189820515,5.289146663755949,19.99349707704241,218.0,0.0194819585156666,LinkNet
c--38-_jpg.rf.6f6d22e248524cc394c14c605ee83238_gamma2.0,268.6101804229983,72.39645950961032,31.175818984292107,3847.0,0.0854063923315835,UNet
c--38-_jpg.rf.6f6d22e248524cc394c14c605ee83238_noise15,1759.3846475976088,25.43301877743268,29.56953943031849,3546.0,0.100386662300591,UNet
c--38-_jpg.rf.6f6d22e248524cc394c14c605ee83238_noise50,11777.748140339312,35.9671518964314,34.574454726470115,5108.0,0.3616863636213289,LinkNet
c--39-_jpg.rf.4133545d32cf99a24c0cdd0280ae10ab_blur5,16.677965532501847,25.76816800129659,28.86934798915764,1206.0,0.0205900155789515,DeepLabV3Plus
c--39-_jpg.rf.4133545d32cf99a24c0cdd0280ae10ab_blur9,5.019743238374657,25.76692433127929,28.152733584398806,216.0,0.0140045182267117,LinkNet
c--39-_jpg.rf.4133545d32cf99a24c0cdd0280ae10ab_bright0.5,50.09135349811918,12.37735462125948,14.915098666400484,772.0,0.0218303779632257,LinkNet
c--39-_jpg.rf.4133545d32cf99a24c0cdd0280ae10ab_bright1.5,368.2350418079489,37.88964743939589,41.086246830163226,3332.0,0.0574899696028525,UNet
c--39-_jpg.rf.4133545d32cf99a24c0cdd0280ae10ab_combo0,2284.1228104473803,73.34414929332421,33.67380278188301,3688.0,0.2654871647300475,LinkNet
c--39-_jpg.rf.4133545d32cf99a24c0cdd0280ae10ab_combo1,1625.9233942990566,26.47418888569151,29.08696393883072,3123.0,0.0657292834674578,LinkNet
c--39-_jpg.rf.4133545d32cf99a24c0cdd0280ae10ab_gamma0.5,162.90465987193895,5.760100684349273,20.61829177468271,242.0,0.0222868313206386,DeepLabV3Plus
c--39-_jpg.rf.4133545d32cf99a24c0cdd0280ae10ab_gamma2.0,284.1426846727207,73.8960278635006,32.22398587417471,3776.0,0.0872255904951857,UNet
c--39-_jpg.rf.4133545d32cf99a24c0cdd0280ae10ab_noise15,1775.8087418469745,26.53919379752655,30.567973089575403,3417.0,0.1053977263330588,UNet
c--39-_jpg.rf.4133545d32cf99a24c0cdd0280ae10ab_noise50,11876.829290249334,36.90612606712511,35.3354055404143,5183.0,0.3632177977117795,LinkNet
c--4-_jpg.rf.f69e65573d335931c14ee37a0cf9af6f_blur5,19.44468119722391,25.035606669511232,31.054992620687838,1112.0,0.0241953355759085,DeepLabV3Plus
c--4-_jpg.rf.f69e65573d335931c14ee37a0cf9af6f_blur9,5.664142865473078,25.03316232870596,30.27855380255144,334.0,0.0158601003535859,UNet
c--4-_jpg.rf.f69e65573d335931c14ee37a0cf9af6f_bright0.5,57.7625249331966,11.926001633970714,16.088027052469098,1161.0,0.0242846416675762,UNet
c--4-_jpg.rf.f69e65573d335931c14ee37a0cf9af6f_bright1.5,441.1085013881405,36.670741670553134,44.69959543060749,3679.0,0.0874405866417932,DeepLabV3Plus
c--4-_jpg.rf.f69e65573d335931c14ee37a0cf9af6f_combo0,226.48140836301968,25.03853392473812,32.103891404058935,2978.0,0.046201018089445,DeepLabV3Plus
c--4-_jpg.rf.f69e65573d335931c14ee37a0cf9af6f_combo1,9738.716486737603,27.082475829471672,24.975811847371475,5322.0,0.3566951453870096,LinkNet
c--4-_jpg.rf.f69e65573d335931c14ee37a0cf9af6f_gamma0.5,167.3909881208377,6.1912109575266845,21.537231905002372,290.0,0.0248601698138794,UNet
c--4-_jpg.rf.f69e65573d335931c14ee37a0cf9af6f_gamma2.0,444.59145109059017,70.53625992703361,36.47464260243294,4081.0,0.1625635478994876,DeepLabV3Plus
c--4-_jpg.rf.f69e65573d335931c14ee37a0cf9af6f_noise15,1732.6449354577844,26.157473100674427,32.493577016355715,3839.0,0.1204342260634867,UNet
c--4-_jpg.rf.f69e65573d335931c14ee37a0cf9af6f_noise50,11724.076107342236,36.82825777045689,36.54468572250707,5196.0,0.363555176280302,LinkNet
c--40-_jpg.rf.9f217f3f081c76f280a24c03f91fce7b_blur5,16.95535172136275,25.971216977418788,29.59353770887312,1121.0,0.0211721589913042,UNet
c--40-_jpg.rf.9f217f3f081c76f280a24c03f91fce7b_blur9,5.124012620727894,25.970409914960754,28.88346046561816,235.0,0.0146230456023365,LinkNet
c--40-_jpg.rf.9f217f3f081c76f280a24c03f91fce7b_bright0.5,48.56906333302334,12.369687527908154,15.324591941917898,702.0,0.0211853895234031,LinkNet
c--40-_jpg.rf.9f217f3f081c76f280a24c03f91fce7b_bright1.5,362.7142246592042,38.09429400226904,42.0411811001761,3301.0,0.0542584121376901,UNet
c--40-_jpg.rf.9f217f3f081c76f280a24c03f91fce7b_combo0,13.388157225461198,5.73811154000086,19.778270644108243,141.0,0.0159725598764268,LinkNet
c--40-_jpg.rf.9f217f3f081c76f280a24c03f91fce7b_combo1,5.124012620727894,25.970409914960754,28.88346046561816,235.0,0.0146230456023365,LinkNet
c--40-_jpg.rf.9f217f3f081c76f280a24c03f91fce7b_gamma0.5,158.45829636835498,5.96382110997549,21.210065424147448,243.0,0.0235172708058386,LinkNet
c--40-_jpg.rf.9f217f3f081c76f280a24c03f91fce7b_gamma2.0,260.72104912125144,73.920957493608,32.883104032612465,3731.0,0.0796908024648481,UNet
c--40-_jpg.rf.9f217f3f081c76f280a24c03f91fce7b_noise15,1776.3768779018162,26.70340123903933,31.257469992012734,3540.0,0.1044980501503319,LinkNet
c--40-_jpg.rf.9f217f3f081c76f280a24c03f91fce7b_noise50,11996.30040568903,37.15344440365031,35.927929718288524,5179.0,0.3610744515117536,UNet
c--41-_jpg.rf.5615879d294858630cf3ce62385553e2_blur5,14.855924878214354,25.884441225014967,27.43575368326911,1003.0,0.0214103085690848,UNet
c--41-_jpg.rf.5615879d294858630cf3ce62385553e2_blur9,4.699448192987387,25.880204147110287,26.739657105987614,256.0,0.014173207510973,UNet
c--41-_jpg.rf.5615879d294858630cf3ce62385553e2_bright0.5,42.07112585896618,12.33798055773308,14.199484469323432,682.0,0.0202460217443795,LinkNet
c--41-_jpg.rf.5615879d294858630cf3ce62385553e2_bright1.5,319.1810076529058,38.175529469356434,39.98686021295627,3188.0,0.0505340173518428,DeepLabV3Plus
c--41-_jpg.rf.5615879d294858630cf3ce62385553e2_combo0,16623.202515508863,55.90520985277725,34.85356463729001,4499.0,0.3683578594322117,UNet
c--41-_jpg.rf.5615879d294858630cf3ce62385553e2_combo1,1633.6430238849334,26.49545696604053,27.696201784014345,3123.0,0.0724437785076621,LinkNet
c--41-_jpg.rf.5615879d294858630cf3ce62385553e2_gamma0.5,123.02434624283308,5.431708954754888,18.429373450165052,280.0,0.0214003856700106,LinkNet
c--41-_jpg.rf.5615879d294858630cf3ce62385553e2_gamma2.0,227.476718685395,74.41453572409048,31.35476132349055,3701.0,0.067326870218403,DeepLabV3Plus
c--41-_jpg.rf.5615879d294858630cf3ce62385553e2_noise15,1777.1132355851682,26.570020937317047,29.198758399275437,3424.0,0.1048850432142254,LinkNet
c--41-_jpg.rf.5615879d294858630cf3ce62385553e2_noise50,11982.174631755295,36.839374725053005,34.43405145710082,5181.0,0.3623346596941763,LinkNet
c--42-_jpg.rf.6ac4e7861933cafe922f3abcf1384eed_blur5,19.820216841010268,29.81381995230393,32.66201051889875,935.0,0.0266264458490859,LinkNet
c--42-_jpg.rf.6ac4e7861933cafe922f3abcf1384eed_blur9,5.686006375781585,29.81016832544463,31.898027297283384,279.0,0.0168457749949558,LinkNet
c--42-_jpg.rf.6ac4e7861933cafe922f3abcf1384eed_bright0.5,62.34407297160482,14.32292090457148,16.885648530200253,989.0,0.0260046108404364,LinkNet
c--42-_jpg.rf.6ac4e7861933cafe922f3abcf1384eed_bright1.5,460.0151910320356,43.634351092015045,46.10510599589988,3506.0,0.0705881963807879,LinkNet
c--42-_jpg.rf.6ac4e7861933cafe922f3abcf1384eed_combo0,0.5427098040361064,1.5065606901045543,5.323611319614991,56.0,0.0,LinkNet
c--42-_jpg.rf.6ac4e7861933cafe922f3abcf1384eed_combo1,25.39408792933586,79.59794728294486,34.4057318296401,1403.0,0.0282901852605257,LinkNet
c--42-_jpg.rf.6ac4e7861933cafe922f3abcf1384eed_gamma0.5,209.29122206279044,7.596022240524459,24.256559648701312,377.0,0.0271655900321171,DeepLabV3Plus
c--42-_jpg.rf.6ac4e7861933cafe922f3abcf1384eed_gamma2.0,317.5729050703879,79.22363899170115,35.27884571968583,3850.0,0.0992289907419351,DeepLabV3Plus
c--42-_jpg.rf.6ac4e7861933cafe922f3abcf1384eed_noise15,1883.0622031702048,30.29300997912884,34.353888539036724,3555.0,0.1269866470854791,LinkNet
c--42-_jpg.rf.6ac4e7861933cafe922f3abcf1384eed_noise50,12474.100815290823,40.10303938398643,38.32662373531112,5076.0,0.3629432641707268,LinkNet
c--43-_jpg.rf.8c4959bd330ff5ac473ccc296ebfc27a_blur5,15.264015192665378,27.952965458388324,29.112497387813363,1365.0,0.0209273941474741,LinkNet
c--43-_jpg.rf.8c4959bd330ff5ac473ccc296ebfc27a_blur9,5.010749755242959,27.951374486903426,28.403058510501378,323.0,0.0139019816029451,LinkNet
c--43-_jpg.rf.8c4959bd330ff5ac473ccc296ebfc27a_bright0.5,32.69739441462897,13.418471807389912,15.006322222776026,884.0,0.0190387356903526,LinkNet
c--43-_jpg.rf.8c4959bd330ff5ac473ccc296ebfc27a_bright1.5,248.52152039728296,41.15700010915189,41.547465249080176,3392.0,0.0541624907799729,DeepLabV3Plus
c--43-_jpg.rf.8c4959bd330ff5ac473ccc296ebfc27a_combo0,12347.284132404766,38.41045410493796,34.938016752042586,5044.0,0.3628671886111579,UNet
c--43-_jpg.rf.8c4959bd330ff5ac473ccc296ebfc27a_combo1,3.3007862243262176,5.889594517267498,18.399694438269343,91.0,0.005708974600686,LinkNet
c--43-_jpg.rf.8c4959bd330ff5ac473ccc296ebfc27a_gamma0.5,99.99347554429748,6.2542709811431845,20.59181824651494,264.0,0.0209273941474741,LinkNet
c--43-_jpg.rf.8c4959bd330ff5ac473ccc296ebfc27a_gamma2.0,182.70163804061443,77.61542481584753,32.00403995814451,3784.0,0.0741637476805223,LinkNet
c--43-_jpg.rf.8c4959bd330ff5ac473ccc296ebfc27a_noise15,1772.185930957485,28.407384621491016,30.7905776914338,3401.0,0.1173250510202394,LinkNet
c--43-_jpg.rf.8c4959bd330ff5ac473ccc296ebfc27a_noise50,12213.544799346866,38.42205066632268,35.771236009164305,5112.0,0.3629829557670235,LinkNet
c--44-_jpg.rf.aae771386d128b9756e935a45d2d7c5c_blur5,10.399095373221742,26.5419556711022,29.196852862440355,711.0,0.0170508482424891,LinkNet
c--44-_jpg.rf.aae771386d128b9756e935a45d2d7c5c_blur9,4.2499048824005765,26.540824460607745,28.577036855633175,213.0,0.0133562221538644,LinkNet
c--44-_jpg.rf.aae771386d128b9756e935a45d2d7c5c_bright0.5,17.91017410422571,12.621491014814888,14.97934165967973,442.0,0.0143915112906053,LinkNet
c--44-_jpg.rf.aae771386d128b9756e935a45d2d7c5c_bright1.5,137.16906775050236,38.88988558897368,41.23743016158755,2346.0,0.0332185584673751,LinkNet
c--44-_jpg.rf.aae771386d128b9756e935a45d2d7c5c_combo0,8.088264175350817,75.5176677218016,31.25900325451714,745.0,0.0140971319514042,LinkNet
c--44-_jpg.rf.aae771386d128b9756e935a45d2d7c5c_combo1,10.399095373221742,26.5419556711022,29.196852862440355,711.0,0.0170508482424891,LinkNet
c--44-_jpg.rf.aae771386d128b9756e935a45d2d7c5c_gamma0.5,52.9370862464055,5.910210993910647,20.554991381435013,243.0,0.0172790749211956,LinkNet
c--44-_jpg.rf.aae771386d128b9756e935a45d2d7c5c_gamma2.0,90.88294807250648,75.15966936900284,32.13726145509524,2898.0,0.0341413880812751,LinkNet
c--44-_jpg.rf.aae771386d128b9756e935a45d2d7c5c_noise15,1687.0553001384085,27.12958644664292,30.632262674782,3341.0,0.0908838326205384,LinkNet
c--44-_jpg.rf.aae771386d128b9756e935a45d2d7c5c_noise50,12014.201044414958,37.4939420701152,35.49136765435775,5038.0,0.3623710436574482,LinkNet
c--45-_jpg.rf.a6a1d41b212d4b9ea7290a4474ed4473_blur5,17.72961693420776,27.49038636461362,29.996190511970937,802.0,0.0230045876870053,LinkNet
c--45-_jpg.rf.a6a1d41b212d4b9ea7290a4474ed4473_blur9,5.293429747048315,27.48636097522252,29.259703060649144,214.0,0.0151588821523429,LinkNet
c--45-_jpg.rf.a6a1d41b212d4b9ea7290a4474ed4473_bright0.5,51.49296943248056,13.12779701717654,15.53360311601775,835.0,0.021555844422173,LinkNet
c--45-_jpg.rf.a6a1d41b212d4b9ea7290a4474ed4473_bright1.5,381.4090298373108,40.267051675150746,42.97676320642325,3372.0,0.0602683813436266,LinkNet
c--45-_jpg.rf.a6a1d41b212d4b9ea7290a4474ed4473_combo0,12123.664999960756,38.13746853614085,35.81372916442097,5033.0,0.3619377437312085,LinkNet
c--45-_jpg.rf.a6a1d41b212d4b9ea7290a4474ed4473_combo1,200.6574145387785,27.492784398556548,30.969998588689744,2518.0,0.0388580727745418,LinkNet
c--45-_jpg.rf.a6a1d41b212d4b9ea7290a4474ed4473_gamma0.5,168.7938450755521,6.384419725400306,21.22810711761304,285.0,0.0234643486774429,LinkNet
c--45-_jpg.rf.a6a1d41b212d4b9ea7290a4474ed4473_gamma2.0,271.8091448568256,76.1945020523863,33.421979918632985,3847.0,0.086828674532218,DeepLabV3Plus
c--45-_jpg.rf.a6a1d41b212d4b9ea7290a4474ed4473_noise15,1820.9127611677695,28.103925829637053,31.70801170564982,3607.0,0.1154397001961426,LinkNet
c--45-_jpg.rf.a6a1d41b212d4b9ea7290a4474ed4473_noise50,12225.783067249537,38.2473712586536,36.260289882075845,5163.0,0.3627150374920203,LinkNet
c--46-_jpg.rf.dc818e8db1b49c87b872e0919f535125_blur5,18.176636803814848,28.27576728817091,30.117435304996064,1544.0,0.0227432846780515,LinkNet
c--46-_jpg.rf.dc818e8db1b49c87b872e0919f535125_blur9,5.321002211170679,28.271401212578265,29.382518381036142,384.0,0.0153077256384558,LinkNet
c--46-_jpg.rf.dc818e8db1b49c87b872e0919f535125_bright0.5,55.41422270772911,13.497180242846415,15.610874313772651,1015.0,0.0226572862194085,LinkNet
c--46-_jpg.rf.dc818e8db1b49c87b872e0919f535125_bright1.5,419.6489015225068,41.52522897089614,43.24683691259056,3685.0,0.0757877954956653,LinkNet
c--46-_jpg.rf.dc818e8db1b49c87b872e0919f535125_combo0,18.176636803814848,28.27576728817091,30.117435304996064,1544.0,0.0227432846780515,LinkNet
c--46-_jpg.rf.dc818e8db1b49c87b872e0919f535125_combo1,413.5088589164718,13.744561424399086,37.45318468319663,687.0,0.0345746880075149,LinkNet
c--46-_jpg.rf.dc818e8db1b49c87b872e0919f535125_gamma0.5,167.9777285891148,6.5892548233558585,21.506301694534688,320.0,0.0246286355021483,LinkNet
c--46-_jpg.rf.dc818e8db1b49c87b872e0919f535125_gamma2.0,318.4083372273401,77.6127456330975,33.2128146151235,4005.0,0.1089534318346448,UNet
c--46-_jpg.rf.dc818e8db1b49c87b872e0919f535125_noise15,1852.7523101564448,28.80301722284516,31.864685622551363,3564.0,0.128587541469449,LinkNet
c--46-_jpg.rf.dc818e8db1b49c87b872e0919f535125_noise50,12336.211880690704,38.85005837972289,36.6403268615128,5122.0,0.3642630097475945,LinkNet
c--47-_jpg.rf.641b989be2eb6c20fcbf9f591cac1f11_blur5,14.572221654431637,25.85019068504388,26.91965663049108,1514.0,0.0183143640579365,DeepLabV3Plus
c--47-_jpg.rf.641b989be2eb6c20fcbf9f591cac1f11_blur9,4.47564710101098,25.846618441377167,26.271972180569374,332.0,0.0120000926137246,DeepLabV3Plus
c--47-_jpg.rf.641b989be2eb6c20fcbf9f591cac1f11_bright0.5,45.6233014522382,12.416460766510877,13.945039851652318,931.0,0.0172889978202698,LinkNet
c--47-_jpg.rf.641b989be2eb6c20fcbf9f591cac1f11_bright1.5,348.00741640717143,37.99162176554836,38.873663314912335,3682.0,0.0669828763838309,DeepLabV3Plus
c--47-_jpg.rf.641b989be2eb6c20fcbf9f591cac1f11_combo0,443.7390295994314,90.56912787640036,36.45048827343903,4162.0,0.1607311192037865,DeepLabV3Plus
c--47-_jpg.rf.641b989be2eb6c20fcbf9f591cac1f11_combo1,2309.658154346732,74.03848431024275,31.97899445458035,3776.0,0.2812281902947431,LinkNet
c--47-_jpg.rf.641b989be2eb6c20fcbf9f591cac1f11_gamma0.5,122.45653760435148,5.358964181641976,18.6045133305875,254.0,0.0196539554329526,LinkNet
c--47-_jpg.rf.641b989be2eb6c20fcbf9f591cac1f11_gamma2.0,295.9675004974259,74.63949776900152,30.393510718316705,4033.0,0.103942367802177,DeepLabV3Plus
c--47-_jpg.rf.641b989be2eb6c20fcbf9f591cac1f11_noise15,1799.3554443353894,26.43632641045741,28.741677700465477,3554.0,0.1233284049601264,LinkNet
c--47-_jpg.rf.641b989be2eb6c20fcbf9f591cac1f11_noise50,12115.051066688737,36.82057413894043,34.29565885109337,5240.0,0.3637106350324644,LinkNet
c--48-_jpg.rf.27b501a811a3c5fff2e016aed54df53b_blur5,16.790507741343593,27.5121836662466,29.17805070452948,1357.0,0.0226539785863837,LinkNet
c--48-_jpg.rf.27b501a811a3c5fff2e016aed54df53b_blur9,5.156890957087027,27.51029500778948,28.44920496408345,334.0,0.0148281188498698,LinkNet
c--48-_jpg.rf.27b501a811a3c5fff2e016aed54df53b_bright0.5,43.69190716946636,13.147794966444064,15.105763575127426,870.0,0.0216815344771128,LinkNet
c--48-_jpg.rf.27b501a811a3c5fff2e016aed54df53b_bright1.5,327.08751289479653,40.47101355798777,41.8963207013008,3415.0,0.0618428146633987,DeepLabV3Plus
c--48-_jpg.rf.27b501a811a3c5fff2e016aed54df53b_combo0,246.3030783772525,76.66092130810271,32.53066138714288,3819.0,0.0860381502393072,LinkNet
c--48-_jpg.rf.27b501a811a3c5fff2e016aed54df53b_combo1,12182.854625003522,38.0722486281592,34.82081022524416,5187.0,0.3642729326466687,UNet
c--48-_jpg.rf.27b501a811a3c5fff2e016aed54df53b_gamma0.5,137.21623557616647,6.191091882737794,20.487462519938013,303.0,0.022134680201501,LinkNet
c--48-_jpg.rf.27b501a811a3c5fff2e016aed54df53b_gamma2.0,246.3030783772525,76.66092130810271,32.53066138714288,3819.0,0.0860381502393072,LinkNet
c--48-_jpg.rf.27b501a811a3c5fff2e016aed54df53b_noise15,1805.998709652721,28.105450648461453,30.929202502926515,3571.0,0.120073694063791,LinkNet
c--48-_jpg.rf.27b501a811a3c5fff2e016aed54df53b_noise50,12120.516519945922,38.13226893702598,35.77592706785733,5092.0,0.3617459010157741,LinkNet
c--49-_jpg.rf.c945f2e5ebfb7b16328e4bd970003cb0_blur5,18.56259843235125,28.012000092613725,30.434826264826377,887.0,0.0240001852274493,DeepLabV3Plus
c--49-_jpg.rf.c945f2e5ebfb7b16328e4bd970003cb0_blur9,5.591960453768055,28.011100416431,29.65830831288439,229.0,0.0164455513989633,DeepLabV3Plus
c--49-_jpg.rf.c945f2e5ebfb7b16328e4bd970003cb0_bright0.5,53.43621060259218,13.421402370249826,15.76534890414788,892.0,0.0238976486036827,LinkNet
c--49-_jpg.rf.c945f2e5ebfb7b16328e4bd970003cb0_bright1.5,399.198262646242,41.1273107951219,43.45108800656905,3434.0,0.0656664384399879,DeepLabV3Plus
c--49-_jpg.rf.c945f2e5ebfb7b16328e4bd970003cb0_combo0,1.1640718001026904,1.3386950064664225,4.9952219277940335,106.0,0.002669259850958,UNet
c--49-_jpg.rf.c945f2e5ebfb7b16328e4bd970003cb0_combo1,14.241129753812134,41.30990206098614,41.74755808964833,524.0,0.0198127218181397,DeepLabV3Plus
c--49-_jpg.rf.c945f2e5ebfb7b16328e4bd970003cb0_gamma0.5,168.86097260365958,6.629899017963755,21.795126526691234,303.0,0.0258557673543235,LinkNet
c--49-_jpg.rf.c945f2e5ebfb7b16328e4bd970003cb0_gamma2.0,286.9538809331626,77.01901558225919,33.62783401215841,3870.0,0.0941848503792201,DeepLabV3Plus
c--49-_jpg.rf.c945f2e5ebfb7b16328e4bd970003cb0_noise15,1828.003399551988,28.5976462883396,32.18761001931024,3518.0,0.1182908798634609,LinkNet
c--49-_jpg.rf.c945f2e5ebfb7b16328e4bd970003cb0_noise50,12258.969079932504,38.63138745282488,36.66151958535591,5100.0,0.3648286149948235,LinkNet
c--5-_jpg.rf.e987df9bff6061ef3010945913a35d59_blur5,17.394041487687343,22.97700533521207,29.915829904164983,1479.0,0.0219362222200171,UNet
c--5-_jpg.rf.e987df9bff6061ef3010945913a35d59_blur9,5.3403189733661,22.970611680575264,29.1634576968308,308.0,0.0142757441347397,LinkNet
c--5-_jpg.rf.e987df9bff6061ef3010945913a35d59_bright0.5,51.10208650208826,10.96364580542518,15.452880038051148,940.0,0.0228094373385461,LinkNet
c--5-_jpg.rf.e987df9bff6061ef3010945913a35d59_bright1.5,386.19047763545774,33.72475201021397,43.140239869266594,3532.0,0.0685374639054546,UNet
c--5-_jpg.rf.e987df9bff6061ef3010945913a35d59_combo0,813.6105425319963,9.919555057205514,17.797656671927886,4132.0,0.0267124443077289,LinkNet
c--5-_jpg.rf.e987df9bff6061ef3010945913a35d59_combo1,2049.593935219027,81.61357254135368,42.678981212535774,3380.0,0.2533812278595314,LinkNet
c--5-_jpg.rf.e987df9bff6061ef3010945913a35d59_gamma0.5,155.13095488026806,5.486175747773136,20.44797188724438,241.0,0.0233055822922558,LinkNet
c--5-_jpg.rf.e987df9bff6061ef3010945913a35d59_gamma2.0,393.7118257628487,67.21271718745349,35.66691263369599,3995.0,0.1420793765773275,UNet
c--5-_jpg.rf.e987df9bff6061ef3010945913a35d59_noise15,1644.656285974031,24.2993440963712,31.23509330192772,3813.0,0.1040581349580426,LinkNet
c--5-_jpg.rf.e987df9bff6061ef3010945913a35d59_noise50,11329.637678826875,35.215283910680675,35.45229806747416,5208.0,0.3610810667778031,LinkNet
c--50-_jpg.rf.b3f95f199205f73aaa53e00bfeb2a21d_blur5,18.698849078267106,27.67384753796336,29.856598910587422,1367.0,0.0235834234663332,UNet
c--50-_jpg.rf.b3f95f199205f73aaa53e00bfeb2a21d_blur9,5.43215530875493,27.672382256533403,29.09021393729413,320.0,0.0166043177841504,DeepLabV3Plus
c--50-_jpg.rf.b3f95f199205f73aaa53e00bfeb2a21d_bright0.5,57.64883190754839,13.187311258190526,15.5013404737874,905.0,0.024803940052459,UNet
c--50-_jpg.rf.b3f95f199205f73aaa53e00bfeb2a21d_bright1.5,437.9067124356792,40.61983719830252,43.01466492827649,3401.0,0.0697116736292341,UNet
c--50-_jpg.rf.b3f95f199205f73aaa53e00bfeb2a21d_combo0,437.9067124356792,40.61983719830252,43.01466492827649,3401.0,0.0697116736292341,UNet
c--50-_jpg.rf.b3f95f199205f73aaa53e00bfeb2a21d_combo1,10038.358775348706,27.777684061508744,25.05908900423634,5393.0,0.3576312055330085,UNet
c--50-_jpg.rf.b3f95f199205f73aaa53e00bfeb2a21d_gamma0.5,175.38356072301343,6.403127697788186,21.147271367273188,317.0,0.0257796917947547,UNet
c--50-_jpg.rf.b3f95f199205f73aaa53e00bfeb2a21d_gamma2.0,320.32125784819334,76.56710691262226,33.315449055089445,3765.0,0.0970227995144394,UNet
c--50-_jpg.rf.b3f95f199205f73aaa53e00bfeb2a21d_noise15,1844.523390770475,28.279137766223112,31.6712557623025,3553.0,0.1231134088135189,UNet
c--50-_jpg.rf.b3f95f199205f73aaa53e00bfeb2a21d_noise50,12299.742444192178,38.34223086616986,36.39985341154148,5172.0,0.3625298100426354,LinkNet
c--51-_jpg.rf.fd39da9ab3817fc910f73805615dd55c_blur5,12.958491703755415,25.641207815275312,26.98809917052481,1171.0,0.0175006863338526,UNet
c--51-_jpg.rf.fd39da9ab3817fc910f73805615dd55c_blur9,4.396307019600237,25.63778772272774,26.337761747067464,266.0,0.0128600772001547,UNet
c--51-_jpg.rf.fd39da9ab3817fc910f73805615dd55c_bright0.5,27.40683769219203,12.247877326506378,13.914044671420974,719.0,0.0168391597289063,DeepLabV3Plus
c--51-_jpg.rf.fd39da9ab3817fc910f73805615dd55c_bright1.5,210.95620204224,37.85637926643314,38.89555520279279,3351.0,0.045006962567517,DeepLabV3Plus
c--51-_jpg.rf.fd39da9ab3817fc910f73805615dd55c_combo0,0.7793245466619501,1.0238645722734354,4.289094299149043,65.0,0.0020606553744075,UNet
c--51-_jpg.rf.fd39da9ab3817fc910f73805615dd55c_combo1,210.95620204224,37.85637926643314,38.89555520279279,3351.0,0.045006962567517,DeepLabV3Plus
c--51-_jpg.rf.fd39da9ab3817fc910f73805615dd55c_gamma0.5,73.61157494575657,5.264415491630035,18.522549196890125,229.0,0.0180993679113289,UNet
c--51-_jpg.rf.fd39da9ab3817fc910f73805615dd55c_gamma2.0,164.23568207369783,74.49528496912325,30.31760166034677,3766.0,0.0598714653806589,UNet
c--51-_jpg.rf.fd39da9ab3817fc910f73805615dd55c_noise15,1725.825350305451,26.275509292794982,28.67756254218804,3475.0,0.1036942953253222,DeepLabV3Plus
c--51-_jpg.rf.fd39da9ab3817fc910f73805615dd55c_noise50,11908.040206953488,36.61578534784723,34.20028563448649,5222.0,0.3622817375657805,LinkNet
c--52-_jpg.rf.04dbfa2df074ab4c13ee61da878cce86_blur5,10.496019255077432,26.270448614267146,27.70729390963784,838.0,0.0171566924992805,DeepLabV3Plus
c--52-_jpg.rf.04dbfa2df074ab4c13ee61da878cce86_blur9,4.163542562462781,26.26716744230661,27.092671282142227,252.0,0.0121985505952085,LinkNet
c--52-_jpg.rf.04dbfa2df074ab4c13ee61da878cce86_bright0.5,18.400564241484656,12.531387783588189,14.21324835032472,515.0,0.0142393601714676,UNet
c--52-_jpg.rf.04dbfa2df074ab4c13ee61da878cce86_bright1.5,139.16742903402383,38.68472303534868,39.539006526082325,2722.0,0.0347003780624547,DeepLabV3Plus
c--52-_jpg.rf.04dbfa2df074ab4c13ee61da878cce86_combo0,13489.228479295443,46.70390730689211,43.34893806232289,4896.0,0.3652751454531622,LinkNet
c--52-_jpg.rf.04dbfa2df074ab4c13ee61da878cce86_combo1,152.57666924161308,91.42263942500108,36.83855623876308,3276.0,0.0542584121376901,DeepLabV3Plus
c--52-_jpg.rf.04dbfa2df074ab4c13ee61da878cce86_gamma0.5,53.304933736719605,5.502723835795866,19.146980088058037,215.0,0.0165282422245816,LinkNet
c--52-_jpg.rf.04dbfa2df074ab4c13ee61da878cce86_gamma2.0,100.62482829127978,75.32861664864006,30.76744474778963,3124.0,0.0353122901720299,DeepLabV3Plus
c--52-_jpg.rf.04dbfa2df074ab4c13ee61da878cce86_noise15,1702.977749182243,26.85164273594173,29.27608421128129,3370.0,0.0915949737208556,LinkNet
c--52-_jpg.rf.04dbfa2df074ab4c13ee61da878cce86_noise50,12014.737335656824,37.09086398682239,34.545972224097035,5193.0,0.362804343583688,LinkNet
c--53-_jpg.rf.08a6885937f0e85045ad0ca2f94c05f8_blur5,15.593511438275812,26.3193122769415,27.783899312027355,1458.0,0.0190751196536246,DeepLabV3Plus
c--53-_jpg.rf.08a6885937f0e85045ad0ca2f94c05f8_blur9,4.726987686551642,26.311982562158693,27.096211913899133,301.0,0.0126450810535472,DeepLabV3Plus
c--53-_jpg.rf.08a6885937f0e85045ad0ca2f94c05f8_bright0.5,47.45797726879376,12.575670374523288,14.383162968930176,915.0,0.0190255051582537,UNet
c--53-_jpg.rf.08a6885937f0e85045ad0ca2f94c05f8_bright1.5,362.9650731723905,38.748537199294816,40.13160654556374,3614.0,0.0652298308807234,DeepLabV3Plus
c--53-_jpg.rf.08a6885937f0e85045ad0ca2f94c05f8_combo0,19134.268287099814,76.75873793954308,42.65182678468823,4288.0,0.3701671346967397,UNet
c--53-_jpg.rf.08a6885937f0e85045ad0ca2f94c05f8_combo1,5.243110959038479,12.57841901756684,13.922437036298613,314.0,0.0112426446510612,LinkNet
c--53-_jpg.rf.08a6885937f0e85045ad0ca2f94c05f8_gamma0.5,136.25802305534208,5.588781831833321,19.420983814007325,243.0,0.0215591520551977,LinkNet
c--53-_jpg.rf.08a6885937f0e85045ad0ca2f94c05f8_gamma2.0,286.74178027754925,75.23817273121182,31.15598433751753,3948.0,0.0996424448700265,UNet
c--53-_jpg.rf.08a6885937f0e85045ad0ca2f94c05f8_noise15,1801.6633770493129,26.899219729369467,29.6194398930331,3550.0,0.1203151512745963,LinkNet
c--53-_jpg.rf.08a6885937f0e85045ad0ca2f94c05f8_noise50,12070.9110178486,37.19106872930662,34.85399222089242,5173.0,0.3639520922432698,LinkNet
c--54-_jpg.rf.dcda4d5fd6da39d739cd613b414c731e_blur5,15.951913609905771,26.793120784835164,28.83616841568173,1296.0,0.01993179660703,UNet
c--54-_jpg.rf.dcda4d5fd6da39d739cd613b414c731e_blur9,4.941726112169379,26.788787785572765,28.140445957153418,294.0,0.0144080494557289,UNet
c--54-_jpg.rf.dcda4d5fd6da39d739cd613b414c731e_bright0.5,45.85545974260335,12.76708309766448,14.919087373432346,797.0,0.0208447033218558,LinkNet
c--54-_jpg.rf.dcda4d5fd6da39d739cd613b414c731e_bright1.5,345.010657138455,39.30025038781997,41.38767903164181,3432.0,0.0622628840575395,UNet
c--54-_jpg.rf.dcda4d5fd6da39d739cd613b414c731e_combo0,138.69418284740854,5.936698519172695,20.276068345834545,263.0,0.0227895915403977,LinkNet
c--54-_jpg.rf.dcda4d5fd6da39d739cd613b414c731e_combo1,146.44282221914187,52.145023169969335,23.106345599114988,3492.0,0.041500871561302,UNet
c--54-_jpg.rf.dcda4d5fd6da39d739cd613b414c731e_gamma0.5,138.69418284740854,5.936698519172695,20.276068345834545,263.0,0.0227895915403977,LinkNet
c--54-_jpg.rf.dcda4d5fd6da39d739cd613b414c731e_gamma2.0,264.7171637363055,75.53292583294468,32.259889757725354,3840.0,0.0898220824195997,UNet
c--54-_jpg.rf.dcda4d5fd6da39d739cd613b414c731e_noise15,1782.471593663525,27.400524590597723,30.55127760469797,3562.0,0.1126943647856157,LinkNet
c--54-_jpg.rf.dcda4d5fd6da39d739cd613b414c731e_noise50,12131.771903351704,37.58087328127119,35.477562340600855,5177.0,0.3633170267025214,LinkNet
c--55-_jpg.rf.fe4f8cfb75f3da70e30f98dfcced9d2c_blur5,16.946541885290664,26.81244728459867,28.508174568140262,1435.0,0.0209009330832762,DeepLabV3Plus
c--55-_jpg.rf.fe4f8cfb75f3da70e30f98dfcced9d2c_blur9,5.124753648157004,26.80960933546345,27.776462168486955,349.0,0.0132040710347268,UNet
c--55-_jpg.rf.fe4f8cfb75f3da70e30f98dfcced9d2c_bright0.5,51.74466275512421,12.76991443153365,14.804160165966469,929.0,0.0213805398718622,UNet
c--55-_jpg.rf.fe4f8cfb75f3da70e30f98dfcced9d2c_bright1.5,394.9593451907074,39.41117186130433,41.249430643713126,3596.0,0.0681868548048331,UNet
c--55-_jpg.rf.fe4f8cfb75f3da70e30f98dfcced9d2c_combo0,844.2568424080796,10.236806678772604,18.43491621174736,4083.0,0.0273706632796504,LinkNet
c--55-_jpg.rf.fe4f8cfb75f3da70e30f98dfcced9d2c_combo1,8420.975985625257,23.325090711835703,24.79440674995136,5462.0,0.3528913674085687,LinkNet
c--55-_jpg.rf.fe4f8cfb75f3da70e30f98dfcced9d2c_gamma0.5,151.6326848737633,5.899557107937989,19.874243592659663,287.0,0.0225745953937902,LinkNet
c--55-_jpg.rf.fe4f8cfb75f3da70e30f98dfcced9d2c_gamma2.0,307.41168545661486,75.66853547932564,31.994190611556903,3938.0,0.0996722135672491,UNet
c--55-_jpg.rf.fe4f8cfb75f3da70e30f98dfcced9d2c_noise15,1832.052156432274,27.37379560812487,30.328485393008258,3560.0,0.1219987364841845,UNet
c--55-_jpg.rf.fe4f8cfb75f3da70e30f98dfcced9d2c_noise50,12132.780893422152,37.5671532194846,35.29403102530324,5090.0,0.3648021539306257,LinkNet
c--56-_jpg.rf.327e9572816d254e294e1bd2dd41918a_blur5,16.44895792208791,26.706060575991216,28.223379557736937,1405.0,0.02177745583483,UNet
c--56-_jpg.rf.327e9572816d254e294e1bd2dd41918a_blur9,4.989150803499955,26.70139350579332,27.505444886551043,364.0,0.0136009869976945,UNet
c--56-_jpg.rf.327e9572816d254e294e1bd2dd41918a_bright0.5,48.27978936983052,12.81466339872524,14.61031889548523,937.0,0.0208612414869795,LinkNet
c--56-_jpg.rf.327e9572816d254e294e1bd2dd41918a_bright1.5,365.4830764912528,39.36147136747472,40.73088128314315,3516.0,0.0668737244940148,UNet
c--56-_jpg.rf.327e9572816d254e294e1bd2dd41918a_combo0,9945.875411376344,27.44682814531093,24.7279660869166,5361.0,0.3589972579722225,UNet
c--56-_jpg.rf.327e9572816d254e294e1bd2dd41918a_combo1,4.989150803499955,26.70139350579332,27.505444886551043,364.0,0.0136009869976945,UNet
c--56-_jpg.rf.327e9572816d254e294e1bd2dd41918a_gamma0.5,139.32207712309932,5.801082257525692,19.68328369399349,306.0,0.0224621358709493,LinkNet
c--56-_jpg.rf.327e9572816d254e294e1bd2dd41918a_gamma2.0,289.0783143166896,75.71262291991228,31.69429137884028,3865.0,0.0963645805425179,UNet
c--56-_jpg.rf.327e9572816d254e294e1bd2dd41918a_noise15,1820.7460531611057,27.355239786856128,30.06013618126417,3585.0,0.1204011497332394,LinkNet
c--56-_jpg.rf.327e9572816d254e294e1bd2dd41918a_noise50,12169.348037510115,37.55095243292947,35.18561400662068,5149.0,0.3635353304821536,LinkNet
c--57-_jpg.rf.124bdf17a8e81f82372621c8ef41915c_blur5,15.856696522618352,26.1565601939596,28.007475820003528,1358.0,0.019587802772458,UNet
c--57-_jpg.rf.124bdf17a8e81f82372621c8ef41915c_blur9,4.7345558161084,26.154605382841986,27.324576188351465,312.0,0.0120596300081698,LinkNet
c--57-_jpg.rf.124bdf17a8e81f82372621c8ef41915c_bright0.5,49.102167655312144,12.42742556998786,14.52328478867521,890.0,0.0198061065520902,LinkNet
c--57-_jpg.rf.124bdf17a8e81f82372621c8ef41915c_bright1.5,370.6630911107391,38.439696888509616,40.44600943650217,3475.0,0.0627094145158782,UNet
c--57-_jpg.rf.124bdf17a8e81f82372621c8ef41915c_combo0,370.6630911107391,38.439696888509616,40.44600943650217,3475.0,0.0627094145158782,UNet
c--57-_jpg.rf.124bdf17a8e81f82372621c8ef41915c_combo1,4.7345558161084,26.154605382841986,27.324576188351465,312.0,0.0120596300081698,LinkNet
c--57-_jpg.rf.124bdf17a8e81f82372621c8ef41915c_gamma0.5,144.21258545465645,5.627659750406012,19.486863331251048,292.0,0.0211324673950074,LinkNet
c--57-_jpg.rf.124bdf17a8e81f82372621c8ef41915c_gamma2.0,290.1319306334107,74.80004366075593,31.502361681646853,3868.0,0.0921936552983319,UNet
c--57-_jpg.rf.124bdf17a8e81f82372621c8ef41915c_noise15,1803.759517111755,26.77879873383808,29.790269736142303,3539.0,0.1154496230952168,LinkNet
c--57-_jpg.rf.124bdf17a8e81f82372621c8ef41915c_noise50,12081.109724943686,37.172466601175536,34.91995486233978,5202.0,0.3634460243904859,LinkNet
c--58-_jpg.rf.996d121726d06f8d58bdb6909d35bd47_blur5,14.963735110980766,25.817001895273723,27.351828811958978,1422.0,0.0193033463323311,UNet
c--58-_jpg.rf.996d121726d06f8d58bdb6909d35bd47_blur9,4.604698115724985,25.81409779347801,26.68141373626688,334.0,0.0121787047970601,UNet
c--58-_jpg.rf.996d121726d06f8d58bdb6909d35bd47_bright0.5,41.429095495756485,12.282544628238586,14.16408442170922,890.0,0.0196572630659773,UNet
c--58-_jpg.rf.996d121726d06f8d58bdb6909d35bd47_bright1.5,318.88884872919505,37.998733176551525,39.44747904979977,3548.0,0.0601029996923901,UNet
c--58-_jpg.rf.996d121726d06f8d58bdb6909d35bd47_combo0,258.02397587225227,74.49402806857385,30.804579342087933,3966.0,0.0888794070075513,DeepLabV3Plus
c--58-_jpg.rf.996d121726d06f8d58bdb6909d35bd47_combo1,9.97595324844682,5.217053494348909,17.800255361894163,162.0,0.0131048420439849,LinkNet
c--58-_jpg.rf.996d121726d06f8d58bdb6909d35bd47_gamma0.5,111.91172231935896,5.4167816069142765,18.973061646343147,255.0,0.020904240716301,LinkNet
c--58-_jpg.rf.996d121726d06f8d58bdb6909d35bd47_gamma2.0,258.02397587225227,74.49402806857385,30.804579342087933,3966.0,0.0888794070075513,DeepLabV3Plus
c--58-_jpg.rf.996d121726d06f8d58bdb6909d35bd47_noise15,1774.271218900569,26.439845731995728,29.11899851668881,3639.0,0.1155852360492308,UNet
c--58-_jpg.rf.996d121726d06f8d58bdb6909d35bd47_noise50,11993.3581900191,36.8154208466879,34.45044209267764,5146.0,0.3627249603910945,LinkNet
c--59-_jpg.rf.4a86418df2cc6824dd52d53f6f9e20d5_blur5,7.493416140666282,26.54478700497137,28.20130647724835,469.0,0.0130519199155892,LinkNet
c--59-_jpg.rf.4a86418df2cc6824dd52d53f6f9e20d5_blur9,3.559208284073025,26.544165169962724,27.670128388261336,165.0,0.0112922591464322,LinkNet
c--59-_jpg.rf.4a86418df2cc6824dd52d53f6f9e20d5_bright0.5,13.863817948212397,12.676890560346113,14.377263960884765,312.0,0.0095094449461021,LinkNet
c--59-_jpg.rf.4a86418df2cc6824dd52d53f6f9e20d5_bright1.5,98.55736320918489,39.08320350873712,39.82659938925464,2043.0,0.0290079416268923,DeepLabV3Plus
c--59-_jpg.rf.4a86418df2cc6824dd52d53f6f9e20d5_combo0,107.65885016427433,11.878133568836803,33.52987816067023,259.0,0.0219329145869924,LinkNet
c--59-_jpg.rf.4a86418df2cc6824dd52d53f6f9e20d5_combo1,835.0146950724456,10.127558867598758,18.752894044174568,4113.0,0.0256275406756171,LinkNet
c--59-_jpg.rf.4a86418df2cc6824dd52d53f6f9e20d5_gamma0.5,43.69229726220748,5.654087738273614,19.481799163435294,177.0,0.0117321743387214,LinkNet
c--59-_jpg.rf.4a86418df2cc6824dd52d53f6f9e20d5_gamma2.0,66.45346263744848,75.67006029815003,31.011585443745968,2594.0,0.0256143101435182,DeepLabV3Plus
c--59-_jpg.rf.4a86418df2cc6824dd52d53f6f9e20d5_noise15,1688.2990726979872,27.091313824913755,29.608530851375384,3244.0,0.0876456598893266,LinkNet
c--59-_jpg.rf.4a86418df2cc6824dd52d53f6f9e20d5_noise50,12013.475901483056,37.34785053467888,34.8558576723749,5043.0,0.3630094168312214,LinkNet
c--6-_jpg.rf.9ff82a58a37f91f8e6f57c4b9f09ee81_blur5,14.729063168919422,21.668985317417004,27.871657070178912,1509.0,0.0181886740029967,LinkNet
c--6-_jpg.rf.9ff82a58a37f91f8e6f57c4b9f09ee81_blur9,4.584402083704013,21.66680889488673,27.198799940383417,361.0,0.0116990980084741,LinkNet
c--6-_jpg.rf.9ff82a58a37f91f8e6f57c4b9f09ee81_bright0.5,45.2751543178914,10.261792538641425,14.41378685964584,951.0,0.018258134296516,LinkNet
c--6-_jpg.rf.9ff82a58a37f91f8e6f57c4b9f09ee81_bright1.5,351.5801069177501,31.831552172949515,40.30078703938712,3574.0,0.0705385818854169,UNet
c--6-_jpg.rf.9ff82a58a37f91f8e6f57c4b9f09ee81_combo0,220.3256429999244,44.810667778031366,24.35203455667649,3787.0,0.0797966467216395,LinkNet
c--6-_jpg.rf.9ff82a58a37f91f8e6f57c4b9f09ee81_combo1,30.36999473962416,66.37360707304246,32.42277976640812,3094.0,0.021899838256745,UNet
c--6-_jpg.rf.9ff82a58a37f91f8e6f57c4b9f09ee81_gamma0.5,117.1259179654399,4.787282812546514,18.87772216294476,241.0,0.0196142638366558,LinkNet
c--6-_jpg.rf.9ff82a58a37f91f8e6f57c4b9f09ee81_gamma2.0,383.4843260039007,65.7840578703474,33.59090938692656,4087.0,0.1456020057486662,LinkNet
c--6-_jpg.rf.9ff82a58a37f91f8e6f57c4b9f09ee81_noise15,1615.9397766920174,22.98352467990381,29.2207131108675,3756.0,0.0997251356956448,UNet
c--6-_jpg.rf.9ff82a58a37f91f8e6f57c4b9f09ee81_noise50,11340.32312433928,34.16360545230228,34.041741735844305,5257.0,0.3606179981543407,UNet
c--60-_jpg.rf.8a696cfbdfe586ebb9ce57daebb8da17_blur5,14.11431479984991,25.43940581680344,26.772900687974367,1257.0,0.0186715884246074,LinkNet
c--60-_jpg.rf.8a696cfbdfe586ebb9ce57daebb8da17_blur9,4.429872938350994,25.43751385071329,26.115875598390467,312.0,0.0114973323939655,LinkNet
c--60-_jpg.rf.8a696cfbdfe586ebb9ce57daebb8da17_bright0.5,43.16048303254813,12.27468899980485,13.8244903777562,827.0,0.0182118274341698,LinkNet
c--60-_jpg.rf.8a696cfbdfe586ebb9ce57daebb8da17_bright1.5,328.75074669776143,37.61343692839967,38.85577348190296,3486.0,0.0607413728661632,UNet
c--60-_jpg.rf.8a696cfbdfe586ebb9ce57daebb8da17_combo0,14.11431479984991,25.43940581680344,26.772900687974367,1257.0,0.0186715884246074,LinkNet
c--60-_jpg.rf.8a696cfbdfe586ebb9ce57daebb8da17_combo1,8496.279703246211,23.15755248386702,25.18175390250013,5445.0,0.3537811206922214,UNet
c--60-_jpg.rf.8a696cfbdfe586ebb9ce57daebb8da17_gamma0.5,115.52441529247184,5.212485653141755,18.145315391769145,271.0,0.0203088667718493,LinkNet
c--60-_jpg.rf.8a696cfbdfe586ebb9ce57daebb8da17_gamma2.0,266.5486333313347,74.06972490416133,30.505756226662054,3860.0,0.0849730924053438,UNet
c--60-_jpg.rf.8a696cfbdfe586ebb9ce57daebb8da17_noise15,1772.2287885299072,26.13817306197512,28.541937854779786,3617.0,0.1086623601284684,LinkNet
c--60-_jpg.rf.8a696cfbdfe586ebb9ce57daebb8da17_noise50,11978.87011268796,36.64700609596766,34.14933422897349,5114.0,0.3623015833639289,LinkNet
c--61-_jpg.rf.6bdcdbae7ebb1515ee203cf9a79eade0_blur5,17.583820379495474,27.530127575405764,29.68437587420263,1400.0,0.0231964304024397,DeepLabV3Plus
c--61-_jpg.rf.6bdcdbae7ebb1515ee203cf9a79eade0_blur9,5.208493271801642,27.527114321720237,28.940148864175843,310.0,0.0153011103724064,DeepLabV3Plus
c--61-_jpg.rf.6bdcdbae7ebb1515ee203cf9a79eade0_bright0.5,53.2993662186772,13.165070733732234,15.370764133118488,855.0,0.0243342561629472,DeepLabV3Plus
c--61-_jpg.rf.6bdcdbae7ebb1515ee203cf9a79eade0_bright1.5,399.50253235549326,40.48755833837748,42.776724353376274,3525.0,0.0657855132288782,DeepLabV3Plus
c--61-_jpg.rf.6bdcdbae7ebb1515ee203cf9a79eade0_combo0,13854.568235966364,48.335261683386754,46.28624086279144,4856.0,0.3642993937108665,LinkNet
c--61-_jpg.rf.6bdcdbae7ebb1515ee203cf9a79eade0_combo1,5.734185369754112,13.170389407636002,14.88086284859732,320.0,0.0123176253840988,DeepLabV3Plus
c--61-_jpg.rf.6bdcdbae7ebb1515ee203cf9a79eade0_gamma0.5,166.53979776943947,6.324485414992178,21.104375875646657,288.0,0.0242449500712794,LinkNet
c--61-_jpg.rf.6bdcdbae7ebb1515ee203cf9a79eade0_gamma2.0,294.68107575399785,76.59257899454572,32.74424281485108,3847.0,0.0905001471896696,DeepLabV3Plus
c--61-_jpg.rf.6bdcdbae7ebb1515ee203cf9a79eade0_noise15,1836.5322921987631,28.105093424094783,31.43586654966918,3580.0,0.1242710803721748,LinkNet
c--61-_jpg.rf.6bdcdbae7ebb1515ee203cf9a79eade0_noise50,12227.840345752003,38.26506709533591,36.24154608957094,5089.0,0.3634559472895601,LinkNet
c--62-_jpg.rf.d14c9bc47d5073872883622ac6fef3b1_blur5,18.688920417280887,28.222355630087552,30.46304633965198,1607.0,0.0237157287873225,UNet
c--62-_jpg.rf.d14c9bc47d5073872883622ac6fef3b1_blur9,5.441955993288203,28.219441605392763,29.69734428495333,374.0,0.0150828065927741,UNet
c--62-_jpg.rf.d14c9bc47d5073872883622ac6fef3b1_bright0.5,57.47163160289015,13.519314923047917,15.79168530340994,1031.0,0.0241225676493644,LinkNet
c--62-_jpg.rf.d14c9bc47d5073872883622ac6fef3b1_bright1.5,439.6551651442279,41.43319408198299,43.49054814124652,3670.0,0.0759167931836298,LinkNet
c--62-_jpg.rf.d14c9bc47d5073872883622ac6fef3b1_combo0,19935.727065657848,95.10875166622012,47.55328458271009,3928.0,0.3698562171924149,LinkNet
c--62-_jpg.rf.d14c9bc47d5073872883622ac6fef3b1_combo1,181.449551858098,53.62763990460786,23.66543345972565,3646.0,0.0522936781209998,LinkNet
c--62-_jpg.rf.d14c9bc47d5073872883622ac6fef3b1_gamma0.5,171.6275100795494,6.679496975169599,22.37389667214885,272.0,0.0245525599425794,LinkNet
c--62-_jpg.rf.d14c9bc47d5073872883622ac6fef3b1_gamma2.0,333.14182862342005,77.60196274943688,33.08221787941779,3970.0,0.1106932468056534,LinkNet
c--62-_jpg.rf.d14c9bc47d5073872883622ac6fef3b1_noise15,1865.8609942651,28.72293942731642,32.295178447968624,3593.0,0.1338102940154995,LinkNet
c--62-_jpg.rf.d14c9bc47d5073872883622ac6fef3b1_noise50,12264.809950854593,38.72008163238305,36.87637980191836,5123.0,0.3643986227016085,LinkNet
c--63-_jpg.rf.3d66391c67ed0068cfd7847189eed6e0_blur5,16.914738765026172,27.02809172727904,29.79263012499337,1513.0,0.0201633309187612,UNet
c--63-_jpg.rf.3d66391c67ed0068cfd7847189eed6e0_blur9,4.993351206775853,27.0249428606395,29.09426215705414,329.0,0.0139714418964644,LinkNet
c--63-_jpg.rf.3d66391c67ed0068cfd7847189eed6e0_bright0.5,51.19912235145348,12.927929984024132,15.399293643753529,935.0,0.0213739246058128,LinkNet
c--63-_jpg.rf.3d66391c67ed0068cfd7847189eed6e0_bright1.5,382.4991161519097,39.66548914930986,42.36882394020622,3595.0,0.0699134392437427,UNet
c--63-_jpg.rf.3d66391c67ed0068cfd7847189eed6e0_combo0,3.31951034411966,5.851867654987414,19.48402557372041,79.0,0.0096384426340666,LinkNet
c--63-_jpg.rf.3d66391c67ed0068cfd7847189eed6e0_combo1,39.01583645056576,39.77807436220567,41.58754813970712,2497.0,0.024287949300601,UNet
c--63-_jpg.rf.3d66391c67ed0068cfd7847189eed6e0_gamma0.5,160.5915368373751,6.242333733556929,21.80488549254884,260.0,0.0219229916879182,LinkNet
c--63-_jpg.rf.3d66391c67ed0068cfd7847189eed6e0_gamma2.0,301.8138616036606,75.88119312938468,32.40125274260697,3997.0,0.1022984741888856,UNet
c--63-_jpg.rf.3d66391c67ed0068cfd7847189eed6e0_noise15,1816.6699967385264,27.597523905917686,31.521643729236114,3534.0,0.1191905560461877,LinkNet
c--63-_jpg.rf.3d66391c67ed0068cfd7847189eed6e0_noise50,12170.31802359263,37.81136899623261,36.150961273899405,5138.0,0.3621990467401623,UNet
c--64-_jpg.rf.eaa73a88b5baa9db91ba9aa42a204611_blur5,18.511449135303224,28.132947001796044,29.875562702313847,1628.0,0.0227532075771257,DeepLabV3Plus
c--64-_jpg.rf.eaa73a88b5baa9db91ba9aa42a204611_blur9,5.372429467068123,28.13120387919201,29.1289923865925,282.0,0.0150662684276504,DeepLabV3Plus
c--64-_jpg.rf.eaa73a88b5baa9db91ba9aa42a204611_bright0.5,59.785139041759095,13.545160767503168,15.469028539867788,1018.0,0.0236991906221988,LinkNet
c--64-_jpg.rf.eaa73a88b5baa9db91ba9aa42a204611_bright1.5,450.98539346872354,41.41704952518928,42.92403732022594,3717.0,0.075668720706775,LinkNet
c--64-_jpg.rf.eaa73a88b5baa9db91ba9aa42a204611_combo0,59.785139041759095,13.545160767503168,15.469028539867788,1018.0,0.0236991906221988,LinkNet
c--64-_jpg.rf.eaa73a88b5baa9db91ba9aa42a204611_combo1,726.5612752281634,6.56714329658553,7.045716427491119,4206.0,0.00547413265593,LinkNet
c--64-_jpg.rf.eaa73a88b5baa9db91ba9aa42a204611_gamma0.5,176.0236561906927,6.52759392850882,21.445765474060703,285.0,0.0245690981077031,LinkNet
c--64-_jpg.rf.eaa73a88b5baa9db91ba9aa42a204611_gamma2.0,341.89022447921514,77.6111414310805,32.821467942821016,4058.0,0.1109644727136813,LinkNet
c--64-_jpg.rf.eaa73a88b5baa9db91ba9aa42a204611_noise15,1875.3159252604505,28.674181608898856,31.73827071545742,3582.0,0.13109803493522,UNet
c--64-_jpg.rf.eaa73a88b5baa9db91ba9aa42a204611_noise50,12309.707035534968,38.69425232609292,36.48431508973812,5077.0,0.3634361014914117,LinkNet
c--65-_jpg.rf.991c343f81438255490fe97e5e285ad5_blur5,13.653041618794257,26.48066853878696,27.72426684616303,1441.0,0.0174146878752096,UNet
c--65-_jpg.rf.991c343f81438255490fe97e5e285ad5_blur9,4.524405191024872,26.47713267908352,27.06381077184572,322.0,0.0125359291637311,LinkNet
c--65-_jpg.rf.991c343f81438255490fe97e5e285ad5_bright0.5,30.90685753832386,12.604387244444004,14.30582142314514,855.0,0.0170806169397117,LinkNet
c--65-_jpg.rf.991c343f81438255490fe97e5e285ad5_bright1.5,237.20440254806184,38.97492483403951,39.94533100015567,3524.0,0.0537291908537331,UNet
c--65-_jpg.rf.991c343f81438255490fe97e5e285ad5_combo0,13.653041618794257,26.48066853878696,27.72426684616303,1441.0,0.0174146878752096,UNet
c--65-_jpg.rf.991c343f81438255490fe97e5e285ad5_combo1,280.4061080897183,91.88574112479368,36.72253322492547,3956.0,0.1199182353116286,UNet
c--65-_jpg.rf.991c343f81438255490fe97e5e285ad5_gamma0.5,84.9107499284968,5.591977005335212,19.400157873996772,218.0,0.0187807403144235,LinkNet
c--65-_jpg.rf.991c343f81438255490fe97e5e285ad5_gamma2.0,186.09926912308464,75.70411568777267,30.633521659742986,3901.0,0.0723809334801922,UNet
c--65-_jpg.rf.991c343f81438255490fe97e5e285ad5_noise15,1748.73105001498,27.02014679275364,29.461568611974723,3543.0,0.1124992144371566,LinkNet
c--65-_jpg.rf.991c343f81438255490fe97e5e285ad5_noise50,12079.236227159216,37.28617310166672,34.82358044099526,5094.0,0.3631781061154827,UNet
c--66-_jpg.rf.a6c86839628f180ad5e8b8421ed20873_blur5,19.29151581989232,28.391345908954094,30.426645698909645,1599.0,0.0240729531539934,LinkNet
c--66-_jpg.rf.a6c86839628f180ad5e8b8421ed20873_blur9,5.632186868891695,28.39199089739392,29.65088904380456,349.0,0.0166473170134719,UNet
c--66-_jpg.rf.a6c86839628f180ad5e8b8421ed20873_bright0.5,60.61880787841,13.79009099298451,15.719648167030163,1101.0,0.0242714111354773,LinkNet
c--66-_jpg.rf.a6c86839628f180ad5e8b8421ed20873_bright1.5,451.2075514200184,41.79273048413825,43.38752520314009,3551.0,0.079274040703732,LinkNet
c--66-_jpg.rf.a6c86839628f180ad5e8b8421ed20873_combo0,2255.613245936281,41.54774402889548,43.98550392458653,3522.0,0.2162563547899487,UNet
c--66-_jpg.rf.a6c86839628f180ad5e8b8421ed20873_combo1,19137.784009273564,79.57853809235573,43.55708913027405,4094.0,0.3703126705498278,LinkNet
c--66-_jpg.rf.a6c86839628f180ad5e8b8421ed20873_gamma0.5,185.80419750377808,6.716109165120348,22.173315269129745,321.0,0.0245360217774558,LinkNet
c--66-_jpg.rf.a6c86839628f180ad5e8b8421ed20873_gamma2.0,335.99286815156177,77.91241387750512,33.26035125683254,3974.0,0.1104451743287985,UNet
c--66-_jpg.rf.a6c86839628f180ad5e8b8421ed20873_noise15,1868.7696542108624,28.96228306061899,32.21734431977446,3591.0,0.1394001938272952,LinkNet
c--66-_jpg.rf.a6c86839628f180ad5e8b8421ed20873_noise50,12336.59097477323,38.91054506484615,36.83892895677175,5030.0,0.3627282680241193,LinkNet
c--67-_jpg.rf.03c27a6e809cbfcf3ac36e52a83b6ee5_blur5,18.313179252433056,28.526456102748316,29.912358249365575,1647.0,0.0226374404212601,UNet
c--67-_jpg.rf.03c27a6e809cbfcf3ac36e52a83b6ee5_blur9,5.497365323081292,28.52555973419861,29.145452931562765,392.0,0.0151423439872193,LinkNet
c--67-_jpg.rf.03c27a6e809cbfcf3ac36e52a83b6ee5_bright0.5,55.29340945172952,13.79207557279935,15.456618764500554,1131.0,0.0227035930817547,LinkNet
c--67-_jpg.rf.03c27a6e809cbfcf3ac36e52a83b6ee5_bright1.5,418.62745992065794,42.02784696243521,42.86494044805537,3632.0,0.0828462843704416,DeepLabV3Plus
c--67-_jpg.rf.03c27a6e809cbfcf3ac36e52a83b6ee5_combo0,2324.9571034365085,77.7333419331792,34.1523301138696,3785.0,0.2848632789889227,LinkNet
c--67-_jpg.rf.03c27a6e809cbfcf3ac36e52a83b6ee5_combo1,7815.121067809549,20.47700698902858,20.031614913242567,5615.0,0.350476795300515,UNet
c--67-_jpg.rf.03c27a6e809cbfcf3ac36e52a83b6ee5_gamma0.5,159.25747355686767,6.622162464318909,21.506508599139707,320.0,0.0238414188422622,LinkNet
c--67-_jpg.rf.03c27a6e809cbfcf3ac36e52a83b6ee5_gamma2.0,321.2317510933789,78.33801032643031,32.69960097749937,3961.0,0.1123801396482663,DeepLabV3Plus
c--67-_jpg.rf.03c27a6e809cbfcf3ac36e52a83b6ee5_noise15,1866.2366168176763,29.063394094552,31.782298849219767,3608.0,0.1403428692393436,LinkNet
c--67-_jpg.rf.03c27a6e809cbfcf3ac36e52a83b6ee5_noise50,12346.463484263675,38.95001504973026,36.458217257784334,5113.0,0.3639256311790719,LinkNet
c--68-_jpg.rf.f08b69d4c04cc2b51516b5e1d71e6cef_blur5,16.502624596291366,26.731803883822696,28.18115081575067,1615.0,0.0191214265159709,DeepLabV3Plus
c--68-_jpg.rf.f08b69d4c04cc2b51516b5e1d71e6cef_blur9,4.890738664040082,26.72940915751279,27.48070953842398,330.0,0.0129824596220698,DeepLabV3Plus
c--68-_jpg.rf.f08b69d4c04cc2b51516b5e1d71e6cef_bright0.5,50.42321818358468,12.711121254519052,14.621555206217334,947.0,0.0206297071752483,DeepLabV3Plus
c--68-_jpg.rf.f08b69d4c04cc2b51516b5e1d71e6cef_bright1.5,381.84157661527775,39.25782668664477,40.72149936002249,3679.0,0.070168126986647,DeepLabV3Plus
c--68-_jpg.rf.f08b69d4c04cc2b51516b5e1d71e6cef_combo0,1827.7683697177995,27.27917084255336,30.039991262570464,3622.0,0.1237484743542673,LinkNet
c--68-_jpg.rf.f08b69d4c04cc2b51516b5e1d71e6cef_combo1,16.502624596291366,26.731803883822696,28.18115081575067,1615.0,0.0191214265159709,DeepLabV3Plus
c--68-_jpg.rf.f08b69d4c04cc2b51516b5e1d71e6cef_gamma0.5,144.57704634801266,5.7879674925826325,20.00357092168652,259.0,0.0210861605326612,LinkNet
c--68-_jpg.rf.f08b69d4c04cc2b51516b5e1d71e6cef_gamma2.0,310.21119559721745,75.8760596829303,31.18412792157738,4058.0,0.0992322983749598,DeepLabV3Plus
c--68-_jpg.rf.f08b69d4c04cc2b51516b5e1d71e6cef_noise15,1827.5490340011472,27.302929570570004,30.071562454304367,3651.0,0.1252567550135447,LinkNet
c--68-_jpg.rf.f08b69d4c04cc2b51516b5e1d71e6cef_noise50,12073.437318605906,37.569594252656856,35.24872052167385,5193.0,0.362410735253745,LinkNet
c--69-_jpg.rf.3957a3460762ebdef8b08e044289b229_blur5,17.14958090902931,28.3746291316471,28.750658617995967,1387.0,0.0217807634678547,LinkNet
c--69-_jpg.rf.3957a3460762ebdef8b08e044289b229_blur9,5.213487794168048,28.379127512560736,28.000940512386865,333.0,0.0150629607946257,LinkNet
c--69-_jpg.rf.3957a3460762ebdef8b08e044289b229_bright0.5,50.92836534170421,13.91184827225789,14.813861366907023,974.0,0.0221412954675504,LinkNet
c--69-_jpg.rf.3957a3460762ebdef8b08e044289b229_bright1.5,379.7092516636888,41.80650677568625,41.5597092009867,3427.0,0.0692882966020685,LinkNet
c--69-_jpg.rf.3957a3460762ebdef8b08e044289b229_combo0,272.7897582375927,78.36731595502943,31.74259725374481,3844.0,0.0925541872980276,LinkNet
c--69-_jpg.rf.3957a3460762ebdef8b08e044289b229_combo1,196.66426720354173,28.362956494702825,29.747909058140056,2666.0,0.0385372323711428,LinkNet
c--69-_jpg.rf.3957a3460762ebdef8b08e044289b229_gamma0.5,154.4756003811253,6.198878050878011,20.329284609153092,255.0,0.0235437318700364,LinkNet
c--69-_jpg.rf.3957a3460762ebdef8b08e044289b229_gamma2.0,272.7897582375927,78.36731595502943,31.74259725374481,3844.0,0.0925541872980276,LinkNet
c--69-_jpg.rf.3957a3460762ebdef8b08e044289b229_noise15,1847.2530551570849,28.82027975960123,30.66224982624428,3556.0,0.1249590680413189,LinkNet
c--69-_jpg.rf.3957a3460762ebdef8b08e044289b229_noise50,12279.40921314408,38.73799908047802,35.7301600747895,5126.0,0.3623776589234977,LinkNet
c--7-_jpg.rf.c6ffcb2b7210f2a9803ecade4423dbac_blur5,19.080514248160487,25.30324048807433,32.083233263676284,1687.0,0.0233816578518246,LinkNet
c--7-_jpg.rf.c6ffcb2b7210f2a9803ecade4423dbac_blur9,5.700917205543714,25.30287003317556,31.321764515764016,427.0,0.0158766385187096,LinkNet
c--7-_jpg.rf.c6ffcb2b7210f2a9803ecade4423dbac_bright0.5,59.84322928779245,12.155974742914225,16.529153191951654,1168.0,0.0232063533015139,LinkNet
c--7-_jpg.rf.c6ffcb2b7210f2a9803ecade4423dbac_bright1.5,458.8272671494036,37.01476858145543,45.43287970296924,3769.0,0.0918794301609825,LinkNet
c--7-_jpg.rf.c6ffcb2b7210f2a9803ecade4423dbac_combo0,19528.451686930275,86.84916862643924,51.05668752503099,4421.0,0.3724460938507794,LinkNet
c--7-_jpg.rf.c6ffcb2b7210f2a9803ecade4423dbac_combo1,11650.285956772252,36.8477728053028,36.167285766336256,5185.0,0.3623247367951021,LinkNet
c--7-_jpg.rf.c6ffcb2b7210f2a9803ecade4423dbac_gamma0.5,165.6649285411288,6.497031399360304,23.08038823426549,273.0,0.0248304011166569,LinkNet
c--7-_jpg.rf.c6ffcb2b7210f2a9803ecade4423dbac_gamma2.0,465.2182353607808,70.95575379302817,36.76794782624168,4133.0,0.163383840889621,LinkNet
c--7-_jpg.rf.c6ffcb2b7210f2a9803ecade4423dbac_noise15,1731.41920993987,26.437718923960823,33.450739057515314,3805.0,0.1229083355659856,LinkNet
c--7-_jpg.rf.c6ffcb2b7210f2a9803ecade4423dbac_noise50,11725.094919091302,36.98807929057887,37.2788792637191,5230.0,0.3612563713281139,LinkNet
c--70-_jpg.rf.050e808aa9f90f3d0097f57e61887b5f_blur5,20.566561141259044,29.14437487389649,31.143681165947264,1372.0,0.0273574327475515,LinkNet
c--70-_jpg.rf.050e808aa9f90f3d0097f57e61887b5f_blur9,5.982082551368951,29.1424233704119,30.32060122057915,338.0,0.0166440093804472,LinkNet
c--70-_jpg.rf.050e808aa9f90f3d0097f57e61887b5f_bright0.5,61.293538044829226,13.932391980974495,16.175146578623554,958.0,0.0269902854818063,LinkNet
c--70-_jpg.rf.050e808aa9f90f3d0097f57e61887b5f_bright1.5,452.145994005539,42.65647254168445,44.73048667535486,3382.0,0.0725000082690825,LinkNet
c--70-_jpg.rf.050e808aa9f90f3d0097f57e61887b5f_combo0,7806.475252678811,20.52590042040016,20.08805775880777,5516.0,0.3510820921440408,UNet
c--70-_jpg.rf.050e808aa9f90f3d0097f57e61887b5f_combo1,61.293538044829226,13.932391980974495,16.175146578623554,958.0,0.0269902854818063,LinkNet
c--70-_jpg.rf.050e808aa9f90f3d0097f57e61887b5f_gamma0.5,204.7865166022681,7.065636669742766,22.586793559203706,316.0,0.0276617349858267,LinkNet
c--70-_jpg.rf.050e808aa9f90f3d0097f57e61887b5f_gamma2.0,311.623288519111,78.57449947243254,34.102407631831326,3763.0,0.0970128766153652,LinkNet
c--70-_jpg.rf.050e808aa9f90f3d0097f57e61887b5f_noise15,1879.4672856211157,29.60631559449742,32.99848719936495,3610.0,0.1307738868987963,LinkNet
c--70-_jpg.rf.050e808aa9f90f3d0097f57e61887b5f_noise50,12404.405750632384,39.49390899378496,37.48649028622121,5116.0,0.3647393089031558,LinkNet
c--71-_jpg.rf.b1cc381d982d258583014caf2cdc3a35_blur5,15.512003507348153,26.881027747733444,27.73754286305048,1425.0,0.0189924288280063,UNet
c--71-_jpg.rf.b1cc381d982d258583014caf2cdc3a35_blur9,4.771448757247038,26.878246028359644,27.024260709699742,342.0,0.0134124519152849,UNet
c--71-_jpg.rf.b1cc381d982d258583014caf2cdc3a35_bright0.5,48.69141365359794,12.8987963523423,14.36367200449043,928.0,0.0197829531209171,LinkNet
c--71-_jpg.rf.b1cc381d982d258583014caf2cdc3a35_bright1.5,375.5755467546615,39.72227790071148,40.24181471347778,3532.0,0.0689145340702739,LinkNet
c--71-_jpg.rf.b1cc381d982d258583014caf2cdc3a35_combo0,722.0047225374548,6.491292656062395,6.949607998836907,4234.0,0.0046736854639451,UNet
c--71-_jpg.rf.b1cc381d982d258583014caf2cdc3a35_combo1,17.093893341055594,52.990950316044334,21.52239750827614,2446.0,0.0164554742980375,UNet
c--71-_jpg.rf.b1cc381d982d258583014caf2cdc3a35_gamma0.5,132.08424129500654,5.732101570794923,19.397940690910115,252.0,0.0212019276885268,LinkNet
c--71-_jpg.rf.b1cc381d982d258583014caf2cdc3a35_gamma2.0,285.4851582971052,76.32552070412892,30.986285967660105,3973.0,0.0968938018264749,LinkNet
c--71-_jpg.rf.b1cc381d982d258583014caf2cdc3a35_noise15,1821.276847804316,27.468661830907184,29.62564376946368,3561.0,0.1221674257684458,LinkNet
c--71-_jpg.rf.b1cc381d982d258583014caf2cdc3a35_noise50,12142.296753091994,37.59146432221638,34.91351547173012,5138.0,0.3623148138960279,LinkNet
c--72-_jpg.rf.e3cdcdf20310e9432bf6fb7e91576872_blur5,18.954103096400004,29.648782294901945,30.917923360425885,1592.0,0.0244434080527633,DeepLabV3Plus
c--72-_jpg.rf.e3cdcdf20310e9432bf6fb7e91576872_blur9,5.609242740319947,29.64290132338397,30.146872312504623,390.0,0.0157939476930913,LinkNet
c--72-_jpg.rf.e3cdcdf20310e9432bf6fb7e91576872_bright0.5,57.14955127887083,14.289067280563357,15.987800442478656,1074.0,0.0243177179978235,LinkNet
c--72-_jpg.rf.e3cdcdf20310e9432bf6fb7e91576872_bright1.5,432.6011553403421,43.53484756773206,44.17136498549922,3637.0,0.0828065927741449,DeepLabV3Plus
c--72-_jpg.rf.e3cdcdf20310e9432bf6fb7e91576872_combo0,222.4482668054978,29.65482534043813,31.948891482717347,2907.0,0.0441436703480622,DeepLabV3Plus
c--72-_jpg.rf.e3cdcdf20310e9432bf6fb7e91576872_combo1,14.539510905709536,43.72866494008223,42.51864029327184,886.0,0.0201864843499343,DeepLabV3Plus
c--72-_jpg.rf.e3cdcdf20310e9432bf6fb7e91576872_gamma0.5,170.81300626537893,7.087847425503835,22.55794268004144,310.0,0.0258226910240762,LinkNet
c--72-_jpg.rf.e3cdcdf20310e9432bf6fb7e91576872_gamma2.0,317.8572354516796,79.64143934958705,33.68803293975885,3989.0,0.1101044881272512,LinkNet
c--72-_jpg.rf.e3cdcdf20310e9432bf6fb7e91576872_noise15,1896.2999766517275,30.06926183553787,32.737305645315985,3567.0,0.1423902940816522,LinkNet
c--72-_jpg.rf.e3cdcdf20310e9432bf6fb7e91576872_noise50,12407.56103181349,39.80366882655103,37.24440444910813,5036.0,0.3641902418210504,LinkNet
c--73-_jpg.rf.82225c2e474e6f517e8e668051b99970_blur5,17.982110481514926,28.638588169919725,30.98540622081505,1446.0,0.0229748189897827,LinkNet
c--73-_jpg.rf.82225c2e474e6f517e8e668051b99970_blur9,5.457534533124191,28.63816148525953,30.238716023217968,361.0,0.0154135698952472,LinkNet
c--73-_jpg.rf.82225c2e474e6f517e8e668051b99970_bright0.5,52.128192791734726,13.677687699905071,16.036552996441944,931.0,0.0237256516863966,LinkNet
c--73-_jpg.rf.82225c2e474e6f517e8e668051b99970_bright1.5,390.752251384947,41.91584720058479,43.85371177417382,3456.0,0.0699862071702868,LinkNet
c--73-_jpg.rf.82225c2e474e6f517e8e668051b99970_combo0,203.0887193967604,28.63899170114874,31.963613547313685,2616.0,0.0399694374708514,LinkNet
c--73-_jpg.rf.82225c2e474e6f517e8e668051b99970_combo1,1.1618160044450254,1.3947296175383934,5.2922034079554665,113.0,0.0028875636305903,LinkNet
c--73-_jpg.rf.82225c2e474e6f517e8e668051b99970_gamma0.5,167.85045852051073,6.889551518038177,22.885237145783982,304.0,0.0246650194654203,LinkNet
c--73-_jpg.rf.82225c2e474e6f517e8e668051b99970_gamma2.0,280.0806276727939,77.94903268272192,33.72453960389741,3829.0,0.096351350010419,LinkNet
c--73-_jpg.rf.82225c2e474e6f517e8e668051b99970_noise15,1845.392546563944,29.1476791992882,32.66705918006196,3515.0,0.1242611574731006,LinkNet
c--73-_jpg.rf.82225c2e474e6f517e8e668051b99970_noise50,12339.65962561712,39.10486519741608,37.12661973291232,5106.0,0.36351879231703,LinkNet
c--74-_jpg.rf.1e1e220f9d653d2eb7348d9b13a19c2f_blur5,20.565803531520142,30.76479090797834,32.5101645628808,1084.0,0.0251810102172784,DeepLabV3Plus
c--74-_jpg.rf.1e1e220f9d653d2eb7348d9b13a19c2f_blur9,5.914176845371219,30.76114258875206,31.718468353773364,301.0,0.017298920719344,DeepLabV3Plus
c--74-_jpg.rf.1e1e220f9d653d2eb7348d9b13a19c2f_bright0.5,65.21894357622243,14.746688232433987,16.846651893621157,1170.0,0.025984765042288,LinkNet
c--74-_jpg.rf.1e1e220f9d653d2eb7348d9b13a19c2f_bright1.5,486.9295961804278,44.960642474638725,45.98868875803519,3739.0,0.0943568472965061,DeepLabV3Plus
c--74-_jpg.rf.1e1e220f9d653d2eb7348d9b13a19c2f_combo0,12658.159954029974,40.75540384545416,38.50165105806736,5084.0,0.363690789234316,LinkNet
c--74-_jpg.rf.1e1e220f9d653d2eb7348d9b13a19c2f_combo1,7904.641460396634,20.651633474569262,20.19908727741128,5459.0,0.3505164868968117,UNet
c--74-_jpg.rf.1e1e220f9d653d2eb7348d9b13a19c2f_gamma0.5,207.34863439009763,7.795022673824384,24.38624058228346,338.0,0.0274599693713181,LinkNet
c--74-_jpg.rf.1e1e220f9d653d2eb7348d9b13a19c2f_gamma2.0,354.4805939790029,80.88097482560505,34.823904153832714,4049.0,0.1203151512745963,DeepLabV3Plus
c--74-_jpg.rf.1e1e220f9d653d2eb7348d9b13a19c2f_noise15,1916.088034139398,31.16900350939864,34.31092374731603,3634.0,0.15010700192835,UNet
c--74-_jpg.rf.1e1e220f9d653d2eb7348d9b13a19c2f_noise50,12622.193139327032,40.72352487836179,38.53215723298625,5071.0,0.3639421693441956,LinkNet
c--75-_jpg.rf.0c182238125f83ccaacc8677f3f16f00_blur5,19.01907465538527,29.487813026120374,31.464345856425705,1510.0,0.0253926987308612,UNet
c--75-_jpg.rf.0c182238125f83ccaacc8677f3f16f00_blur9,5.592588782647673,29.485735832580847,30.6985714919522,330.0,0.0164323208668644,LinkNet
c--75-_jpg.rf.0c182238125f83ccaacc8677f3f16f00_bright0.5,58.07145471342512,14.111017394842078,16.29725508506766,975.0,0.0259516887120407,UNet
c--75-_jpg.rf.0c182238125f83ccaacc8677f3f16f00_bright1.5,443.1370412472951,43.21821116590756,44.84090663559494,3550.0,0.0762541717521524,UNet
c--75-_jpg.rf.0c182238125f83ccaacc8677f3f16f00_combo0,180.87566584457767,7.208030271457442,23.013654683858142,311.0,0.0271821281972407,LinkNet
c--75-_jpg.rf.0c182238125f83ccaacc8677f3f16f00_combo1,17.926262811722612,55.02407626078702,23.82420013371553,2504.0,0.0206363224412977,UNet
c--75-_jpg.rf.0c182238125f83ccaacc8677f3f16f00_gamma0.5,180.87566584457767,7.208030271457442,23.013654683858142,311.0,0.0271821281972407,LinkNet
c--75-_jpg.rf.0c182238125f83ccaacc8677f3f16f00_gamma2.0,307.3782740604322,79.13904627709366,34.22671224150625,3907.0,0.1020074024827093,UNet
c--75-_jpg.rf.0c182238125f83ccaacc8677f3f16f00_noise15,1890.4778368850084,29.970505836318477,33.230209581172254,3531.0,0.1356162616470028,LinkNet
c--75-_jpg.rf.0c182238125f83ccaacc8677f3f16f00_noise50,12468.184469320282,39.77399274305314,37.69452477489667,5079.0,0.3627216527580698,LinkNet
c--76-_jpg.rf.79ebbcca309c298a16fc362a78234fb0_blur5,17.195980117934788,27.980650346805323,29.82782183019248,1582.0,0.0216517657798902,UNet
c--76-_jpg.rf.79ebbcca309c298a16fc362a78234fb0_blur9,5.176518434126131,27.977379097743864,29.103672842726372,333.0,0.0142261296393687,UNet
c--76-_jpg.rf.79ebbcca309c298a16fc362a78234fb0_bright0.5,53.13358882359225,13.362311506263003,15.455025028943908,942.0,0.0222901389536633,LinkNet
c--76-_jpg.rf.79ebbcca309c298a16fc362a78234fb0_bright1.5,406.0437155201399,41.12191935329159,42.80056820633845,3665.0,0.0734592218462546,UNet
c--76-_jpg.rf.79ebbcca309c298a16fc362a78234fb0_combo0,3.507771213772814,6.0582507251985405,19.12716362949673,88.0,0.0080011642868247,LinkNet
c--76-_jpg.rf.79ebbcca309c298a16fc362a78234fb0_combo1,5.176518434126131,27.977379097743864,29.103672842726372,333.0,0.0142261296393687,UNet
c--76-_jpg.rf.79ebbcca309c298a16fc362a78234fb0_gamma0.5,158.04805015843277,6.464097297333056,21.504839391233244,283.0,0.0235205784388633,LinkNet
c--76-_jpg.rf.79ebbcca309c298a16fc362a78234fb0_gamma2.0,301.47849877222114,77.35063225405268,32.68269885598644,4042.0,0.1003833546675663,UNet
c--76-_jpg.rf.79ebbcca309c298a16fc362a78234fb0_noise15,1852.318542954744,28.494768978371383,31.616189077970848,3562.0,0.1288521521114275,LinkNet
c--76-_jpg.rf.79ebbcca309c298a16fc362a78234fb0_noise50,12218.502056990335,38.51189259454042,36.33213526721025,5141.0,0.3632707198401751,LinkNet
c--77-_jpg.rf.d0757ba2fd080cc2bf7eabe8c1ede585_blur5,16.661521823756793,27.56785443768585,29.106382954417608,1568.0,0.0216517657798902,UNet
c--77-_jpg.rf.d0757ba2fd080cc2bf7eabe8c1ede585_blur9,5.06693891210957,27.563187367487952,28.38870127083002,351.0,0.0135943717316451,UNet
c--77-_jpg.rf.d0757ba2fd080cc2bf7eabe8c1ede585_bright0.5,50.261756130510726,13.166608783088734,15.08106204955193,1001.0,0.0216749192110633,LinkNet
c--77-_jpg.rf.d0757ba2fd080cc2bf7eabe8c1ede585_bright1.5,387.56371609706497,40.55324793024864,41.73038040730516,3711.0,0.0713555672425255,UNet
c--77-_jpg.rf.d0757ba2fd080cc2bf7eabe8c1ede585_combo0,24.420822935415973,77.3656422927189,31.02455670822165,2998.0,0.0235205784388633,UNet
c--77-_jpg.rf.d0757ba2fd080cc2bf7eabe8c1ede585_combo1,8528.457543938497,23.90716466389487,26.77448328367053,5469.0,0.3548494861592096,UNet
c--77-_jpg.rf.d0757ba2fd080cc2bf7eabe8c1ede585_gamma0.5,141.5903263848525,6.192239631397376,21.004463887679005,280.0,0.0228325907697192,DeepLabV3Plus
c--77-_jpg.rf.d0757ba2fd080cc2bf7eabe8c1ede585_gamma2.0,304.703158682435,77.00141235930155,31.95059007677036,4098.0,0.1015476414922717,UNet
c--77-_jpg.rf.d0757ba2fd080cc2bf7eabe8c1ede585_noise15,1843.2947079190656,28.07746145780618,30.887612134226263,3488.0,0.127148721103691,DeepLabV3Plus
c--77-_jpg.rf.d0757ba2fd080cc2bf7eabe8c1ede585_noise50,12209.35208739815,38.19451859055142,35.87038886941439,5046.0,0.3637701724269095,LinkNet
c--78-_jpg.rf.ebbe97357e52c519aed13647cdefae27_blur5,16.476550071402816,27.25508135123424,28.47012957151631,1596.0,0.0208281651567321,UNet
c--78-_jpg.rf.ebbe97357e52c519aed13647cdefae27_blur9,4.96548807036076,27.25281893024533,27.75310298807468,364.0,0.013693600722387,DeepLabV3Plus
c--78-_jpg.rf.ebbe97357e52c519aed13647cdefae27_bright0.5,51.33266864008476,13.0018324286957,14.765154494144594,1000.0,0.0209108559823504,DeepLabV3Plus
c--78-_jpg.rf.ebbe97357e52c519aed13647cdefae27_bright1.5,397.2903767892616,40.13576841276614,41.16088727827842,3685.0,0.0723875487462417,UNet
c--78-_jpg.rf.ebbe97357e52c519aed13647cdefae27_combo0,20005.03567138085,93.72265827850931,46.62313178402436,3989.0,0.3707062788797708,LinkNet
c--78-_jpg.rf.ebbe97357e52c519aed13647cdefae27_combo1,4.96548807036076,27.25281893024533,27.75310298807468,364.0,0.013693600722387,DeepLabV3Plus
c--78-_jpg.rf.ebbe97357e52c519aed13647cdefae27_gamma0.5,138.41911539365964,5.982069321372932,20.219127447979474,283.0,0.0221412954675504,LinkNet
c--78-_jpg.rf.ebbe97357e52c519aed13647cdefae27_gamma2.0,312.5581808950472,76.67330177851427,31.464649705337003,4009.0,0.107732915248519,UNet
c--78-_jpg.rf.ebbe97357e52c519aed13647cdefae27_noise15,1845.09984845952,27.751725757530654,30.292082997360357,3576.0,0.1294508336889039,UNet
c--78-_jpg.rf.ebbe97357e52c519aed13647cdefae27_noise50,12117.508484694934,37.88891645249743,35.485448678989115,5123.0,0.3614812903737956,LinkNet
c--79-_jpg.rf.a989da0905327fd55ae0bf5e6bb0f9cf_blur5,19.23547482429904,28.28909704926058,31.19617024736564,967.0,0.0238844180715837,UNet
c--79-_jpg.rf.a989da0905327fd55ae0bf5e6bb0f9cf_blur9,5.578100357482976,28.286321945152828,30.440842931951984,343.0,0.0157774095279676,LinkNet
c--79-_jpg.rf.a989da0905327fd55ae0bf5e6bb0f9cf_bright0.5,63.32824569271307,13.486708276690118,16.18158129561904,951.0,0.0252901621070945,LinkNet
c--79-_jpg.rf.a989da0905327fd55ae0bf5e6bb0f9cf_bright1.5,484.7893646140228,41.37380222339092,44.41819948953937,3369.0,0.0764162457703642,UNet
c--79-_jpg.rf.a989da0905327fd55ae0bf5e6bb0f9cf_combo0,1032.0574391169123,11.384393264336108,22.591416713347044,4123.0,0.034597841438688,DeepLabV3Plus
c--79-_jpg.rf.a989da0905327fd55ae0bf5e6bb0f9cf_combo1,14.557698110991792,41.589307745484255,42.83775436725624,555.0,0.0195183424789386,UNet
c--79-_jpg.rf.a989da0905327fd55ae0bf5e6bb0f9cf_gamma0.5,191.77198101856092,6.870089405320659,22.90192007424612,334.0,0.0253232384373418,LinkNet
c--79-_jpg.rf.a989da0905327fd55ae0bf5e6bb0f9cf_gamma2.0,355.4484587311964,77.2193258382369,34.090989225133704,3761.0,0.1040052128296469,UNet
c--79-_jpg.rf.a989da0905327fd55ae0bf5e6bb0f9cf_noise15,1885.6292595523216,28.86519741607708,32.959013025616706,3599.0,0.1311013425682447,LinkNet
c--79-_jpg.rf.a989da0905327fd55ae0bf5e6bb0f9cf_noise50,12244.838016530384,38.84677059249631,37.28307803998147,5031.0,0.363346795399744,LinkNet
c--8-_jpg.rf.6a58234f1d1bc7051816e00949215841_blur5,16.049073678603104,23.228216755807377,28.6640812538289,1674.0,0.0204808636891354,UNet
c--8-_jpg.rf.6a58234f1d1bc7051816e00949215841_blur9,4.837042680933117,23.22441628546196,27.96918743544441,420.0,0.0128534619341053,DeepLabV3Plus
c--8-_jpg.rf.6a58234f1d1bc7051816e00949215841_bright0.5,50.02423931736581,11.071626793150552,14.816315034794489,1167.0,0.021827070330201,DeepLabV3Plus
c--8-_jpg.rf.6a58234f1d1bc7051816e00949215841_bright1.5,400.40000308202593,34.16023166661705,41.49648412199221,3806.0,0.0832828919297061,DeepLabV3Plus
c--8-_jpg.rf.6a58234f1d1bc7051816e00949215841_combo0,19224.105386556552,84.81261597388293,48.09329533226061,4119.0,0.3722906350986171,LinkNet
c--8-_jpg.rf.6a58234f1d1bc7051816e00949215841_combo1,10.153824172109612,5.022121449669402,18.353812656265365,159.0,0.014050825089058,LinkNet
c--8-_jpg.rf.6a58234f1d1bc7051816e00949215841_gamma0.5,115.9651048775449,5.246716347314698,19.55324149926816,289.0,0.0218932229906956,UNet
c--8-_jpg.rf.6a58234f1d1bc7051816e00949215841_gamma2.0,429.8847884226359,68.5612689403336,33.93874991404815,4117.0,0.1559615123821242,LinkNet
c--8-_jpg.rf.6a58234f1d1bc7051816e00949215841_noise15,1685.5896165159388,24.387019524957743,30.13037480559725,3878.0,0.1142357217751404,LinkNet
c--8-_jpg.rf.6a58234f1d1bc7051816e00949215841_noise50,11493.401611269492,35.223321458930776,34.93870607115583,5241.0,0.3644383142979053,LinkNet
c--80-_jpg.rf.c1d42d212a2a712ec9d6ee142c288344_blur5,18.03174995600236,26.63063992776129,29.56330834576787,729.0,0.0222835236876139,UNet
c--80-_jpg.rf.c1d42d212a2a712ec9d6ee142c288344_blur9,5.292923980134111,26.628810806698617,28.809121292661395,206.0,0.0156881034362999,UNet
c--80-_jpg.rf.c1d42d212a2a712ec9d6ee142c288344_bright0.5,58.18825060076279,12.66281658182588,15.360088751071116,784.0,0.0230773556135493,LinkNet
c--80-_jpg.rf.c1d42d212a2a712ec9d6ee142c288344_bright1.5,436.7158809265275,39.13359860550192,42.7816909540818,3327.0,0.0631857136714395,LinkNet
c--80-_jpg.rf.c1d42d212a2a712ec9d6ee142c288344_combo0,1833.3115630543368,27.297657203528583,31.34018947524297,3501.0,0.114315104967734,LinkNet
c--80-_jpg.rf.c1d42d212a2a712ec9d6ee142c288344_combo1,2332.335478394545,74.38186954033824,34.41952976088775,3715.0,0.268520264213726,LinkNet
c--80-_jpg.rf.c1d42d212a2a712ec9d6ee142c288344_gamma0.5,183.4382413999954,6.119501473550512,20.89242457646197,267.0,0.0237719585487429,LinkNet
c--80-_jpg.rf.c1d42d212a2a712ec9d6ee142c288344_gamma2.0,316.1582933918156,74.98927003846777,32.93889103863946,3754.0,0.0878606560359341,UNet
c--80-_jpg.rf.c1d42d212a2a712ec9d6ee142c288344_noise15,1830.9873566217384,27.30268149809315,31.34926072573349,3561.0,0.110537788053491,DeepLabV3Plus
c--80-_jpg.rf.c1d42d212a2a712ec9d6ee142c288344_noise50,11996.448071840625,37.55145188551621,35.93781775730746,5134.0,0.3642530868485203,LinkNet
c--81-_jpg.rf.e52081310dbb8e3fff8e5ea663abba98_blur5,14.253586130162748,26.448359579401384,27.25975700427158,1309.0,0.0176826061502128,UNet
c--81-_jpg.rf.e52081310dbb8e3fff8e5ea663abba98_blur9,4.431771652567848,26.440857867701293,26.617277200562548,271.0,0.0120497071090956,LinkNet
c--81-_jpg.rf.e52081310dbb8e3fff8e5ea663abba98_bright0.5,46.12583543325059,12.65360151621898,14.095807082613709,847.0,0.0183143640579365,UNet
c--81-_jpg.rf.e52081310dbb8e3fff8e5ea663abba98_bright1.5,355.3905486170605,39.005884279151,39.40620431926107,3620.0,0.0612209796547492,DeepLabV3Plus
c--81-_jpg.rf.e52081310dbb8e3fff8e5ea663abba98_combo0,12036.74300993917,37.14764281532493,34.063017610274976,5107.0,0.3642034723531493,LinkNet
c--81-_jpg.rf.e52081310dbb8e3fff8e5ea663abba98_combo1,276.36373377095896,75.6567603057576,30.68786349762121,3979.0,0.0871528225686416,UNet
c--81-_jpg.rf.e52081310dbb8e3fff8e5ea663abba98_gamma0.5,126.33732705160573,5.48501807621448,18.869452018344848,232.0,0.0198127218181397,LinkNet
c--81-_jpg.rf.e52081310dbb8e3fff8e5ea663abba98_gamma2.0,276.36373377095896,75.6567603057576,30.68786349762121,3979.0,0.0871528225686416,UNet
c--81-_jpg.rf.e52081310dbb8e3fff8e5ea663abba98_noise15,1805.5810593097904,26.98949826514648,29.056825044364658,3506.0,0.116197148158806,LinkNet
c--81-_jpg.rf.e52081310dbb8e3fff8e5ea663abba98_noise50,12115.24128990844,37.18950752651895,34.492690296478315,5247.0,0.3620998177494203,LinkNet
c--82-_jpg.rf.98a655b37dc393a91af5501459685878_blur5,16.881699170969476,30.526925786637825,29.839510473337555,1443.0,0.0216815344771128,UNet
c--82-_jpg.rf.98a655b37dc393a91af5501459685878_blur9,5.178979327800477,30.525635809758175,29.1187918559134,341.0,0.0150993447578978,UNet
c--82-_jpg.rf.98a655b37dc393a91af5501459685878_bright0.5,48.94290943861337,14.928002751950675,15.333991520479584,997.0,0.0207024751017924,LinkNet
c--82-_jpg.rf.98a655b37dc393a91af5501459685878_bright1.5,373.06099824554553,44.922436005570056,42.87057222789832,3615.0,0.0738561378092223,UNet
c--82-_jpg.rf.98a655b37dc393a91af5501459685878_combo0,22.49153411047245,81.7437742077392,31.7080503971661,2935.0,0.02239267557743,UNet
c--82-_jpg.rf.98a655b37dc393a91af5501459685878_combo1,12595.449219497426,40.26218945460439,36.10453805556512,5091.0,0.3631086458219633,LinkNet
c--82-_jpg.rf.98a655b37dc393a91af5501459685878_gamma0.5,146.9057705622668,6.932339058846099,21.37644326931781,322.0,0.0239472630990536,LinkNet
c--82-_jpg.rf.98a655b37dc393a91af5501459685878_gamma2.0,257.72955855159825,81.41751590144577,32.54037074569583,3913.0,0.0910558295378244,UNet
c--82-_jpg.rf.98a655b37dc393a91af5501459685878_noise15,1882.0775618025136,30.75834433121314,31.71312066025296,3530.0,0.1350638869318726,LinkNet
c--82-_jpg.rf.98a655b37dc393a91af5501459685878_noise50,12694.22323991359,40.24082545289765,36.70011086184976,5120.0,0.3650237653432827,LinkNet
c--83-_jpg.rf.9f541a40b42ccd5070759c68df1338e8_blur5,11.178893331967538,27.767337785407385,28.40122297954828,1122.0,0.0159460988122289,UNet
c--83-_jpg.rf.9f541a40b42ccd5070759c68df1338e8_blur9,4.261676764647785,27.7662297283441,27.788184956860647,270.0,0.0125822360260773,LinkNet
c--83-_jpg.rf.9f541a40b42ccd5070759c68df1338e8_bright0.5,20.823838772341983,13.326393919247447,14.552782720283188,660.0,0.0146329685014107,LinkNet
c--83-_jpg.rf.9f541a40b42ccd5070759c68df1338e8_bright1.5,156.9496875924854,40.96575938292799,40.28955168573771,3039.0,0.0379054744634192,UNet
c--83-_jpg.rf.9f541a40b42ccd5070759c68df1338e8_combo0,1295.5250641159832,15.470401645878193,15.821286299646994,3780.0,0.0410874174332106,LinkNet
c--83-_jpg.rf.9f541a40b42ccd5070759c68df1338e8_combo1,8.210464657461333,78.11018056368682,30.13551629216407,1042.0,0.0121588589989117,UNet
c--83-_jpg.rf.9f541a40b42ccd5070759c68df1338e8_gamma0.5,60.78819240680358,5.992107987602991,19.9952196649459,177.0,0.0170045413801429,LinkNet
c--83-_jpg.rf.9f541a40b42ccd5070759c68df1338e8_gamma2.0,112.31945450199976,77.74424389162871,31.094854910738167,3454.0,0.0407401159656138,UNet
c--83-_jpg.rf.9f541a40b42ccd5070759c68df1338e8_noise15,1748.4944219739257,28.247460564745264,29.97099265643121,3376.0,0.103069152683648,LinkNet
c--83-_jpg.rf.9f541a40b42ccd5070759c68df1338e8_noise50,12171.373448563603,38.21989475111715,35.281814877560414,5103.0,0.3621957391071375,LinkNet
c--84-_jpg.rf.57fb8761bfbe6030b7b4b2b46be0787a_blur5,17.047138747330276,28.67543520181523,29.55207498987252,1513.0,0.0201732538178354,UNet
c--84-_jpg.rf.57fb8761bfbe6030b7b4b2b46be0787a_blur9,5.208396312382515,28.673616003651627,28.81839461983644,343.0,0.0148446570149935,LinkNet
c--84-_jpg.rf.57fb8761bfbe6030b7b4b2b46be0787a_bright0.5,49.555876603619375,13.72917762320106,15.297925542758197,958.0,0.0210067773400676,LinkNet
c--84-_jpg.rf.57fb8761bfbe6030b7b4b2b46be0787a_bright1.5,375.4073668498245,42.20133562221539,42.37028704984707,3631.0,0.069860517115347,DeepLabV3Plus
c--84-_jpg.rf.57fb8761bfbe6030b7b4b2b46be0787a_combo0,20320.99167179678,95.44855142211682,48.36618113868467,4255.0,0.3720458702547869,LinkNet
c--84-_jpg.rf.57fb8761bfbe6030b7b4b2b46be0787a_combo1,151.10710445967865,6.539501407397852,21.018622065416697,260.0,0.0233882731178741,LinkNet
c--84-_jpg.rf.57fb8761bfbe6030b7b4b2b46be0787a_gamma0.5,151.10710445967865,6.539501407397852,21.018622065416697,260.0,0.0233882731178741,LinkNet
c--84-_jpg.rf.57fb8761bfbe6030b7b4b2b46be0787a_gamma2.0,280.2330206306244,78.54274619539511,32.661901251114884,3970.0,0.0932322520680975,LinkNet
c--84-_jpg.rf.57fb8761bfbe6030b7b4b2b46be0787a_noise15,1843.8030767328885,29.15249842060523,31.318104248897253,3521.0,0.1294177573586565,LinkNet
c--84-_jpg.rf.57fb8761bfbe6030b7b4b2b46be0787a_noise50,12436.815268383098,39.06136320787481,36.3144693410436,5075.0,0.3639686304083934,LinkNet
c--85-_jpg.rf.f6838c602dceccd3b68d69db59154172_blur5,16.637259862576276,28.85264825638125,29.697126498867203,1640.0,0.0200475637628956,LinkNet
c--85-_jpg.rf.f6838c602dceccd3b68d69db59154172_blur9,5.030527814280076,28.84773642133953,29.00660309148156,359.0,0.014259205969616,LinkNet
c--85-_jpg.rf.f6838c602dceccd3b68d69db59154172_bright0.5,50.958507591807,13.805676559797044,15.345426968702498,1037.0,0.020054179028945,LinkNet
c--85-_jpg.rf.f6838c602dceccd3b68d69db59154172_bright1.5,391.719336961745,42.33888023391581,42.52557834698522,3699.0,0.0801604863543599,UNet
c--85-_jpg.rf.f6838c602dceccd3b68d69db59154172_combo0,12381.958230670143,39.111741766474495,35.431386645310845,5089.0,0.3644383142979053,LinkNet
c--85-_jpg.rf.f6838c602dceccd3b68d69db59154172_combo1,14141.76261287496,49.78718027592274,46.25893647070393,4870.0,0.3648120768296999,LinkNet
c--85-_jpg.rf.f6838c602dceccd3b68d69db59154172_gamma0.5,144.90822560051026,6.578617475548323,21.25562954172643,275.0,0.0239274173009053,LinkNet
c--85-_jpg.rf.f6838c602dceccd3b68d69db59154172_gamma2.0,320.3036543420316,78.75188783154887,32.6746799070239,4026.0,0.1085796693028501,UNet
c--85-_jpg.rf.f6838c602dceccd3b68d69db59154172_noise15,1864.6304589084848,29.31935527617082,31.510615302730947,3599.0,0.1369591606550436,LinkNet
c--85-_jpg.rf.f6838c602dceccd3b68d69db59154172_noise50,12414.32138602407,39.05465532810066,36.32911487961499,5120.0,0.3638164792892558,LinkNet
c--86-_jpg.rf.4ec983fac5ca777574451d5549033606_blur5,15.803364518525267,27.430273442022155,28.30394272132992,1551.0,0.0182614419295408,LinkNet
c--86-_jpg.rf.4ec983fac5ca777574451d5549033606_blur9,4.765508662495775,27.42517307189802,27.62925533462449,304.0,0.0129659214569461,LinkNet
c--86-_jpg.rf.4ec983fac5ca777574451d5549033606_bright0.5,51.35922802399182,13.14704413374745,14.644433534779736,934.0,0.0185922052320139,LinkNet
c--86-_jpg.rf.4ec983fac5ca777574451d5549033606_bright1.5,391.2761789429583,40.42682688841038,40.61559529772695,3756.0,0.0727745418101352,DeepLabV3Plus
c--86-_jpg.rf.4ec983fac5ca777574451d5549033606_combo0,9.05382166978131,77.57479385177173,30.071738566402637,1232.0,0.0131511489063311,LinkNet
c--86-_jpg.rf.4ec983fac5ca777574451d5549033606_combo1,976.618246472901,10.489919988357132,19.913720843307512,4111.0,0.0290972477185601,UNet
c--86-_jpg.rf.4ec983fac5ca777574451d5549033606_gamma0.5,146.6443532970861,5.959170577942718,20.04950658532902,257.0,0.0215293833579752,LinkNet
c--86-_jpg.rf.4ec983fac5ca777574451d5549033606_gamma2.0,318.9350130479413,77.02562092540957,31.494548275488945,4055.0,0.105616030112691,LinkNet
c--86-_jpg.rf.4ec983fac5ca777574451d5549033606_noise15,1842.63477768448,27.95441089402013,30.098138181026734,3577.0,0.1295434474135963,LinkNet
c--86-_jpg.rf.4ec983fac5ca777574451d5549033606_noise50,12224.334623276043,38.06055283778375,35.2739978000237,5098.0,0.364785615765502,UNet
c--87-_jpg.rf.c7180b1074e47bceb0985944a0dc085e_blur5,15.41909003691216,27.70205172476524,27.55385419079311,1798.0,0.0165083964264332,DeepLabV3Plus
c--87-_jpg.rf.c7180b1074e47bceb0985944a0dc085e_blur9,4.596455400752268,27.700034068620155,26.894348055745912,368.0,0.0118380185955128,LinkNet
c--87-_jpg.rf.c7180b1074e47bceb0985944a0dc085e_bright0.5,52.92180406276896,13.265235784620169,14.28686194663536,1053.0,0.0180232923517601,LinkNet
c--87-_jpg.rf.c7180b1074e47bceb0985944a0dc085e_bright1.5,410.6548380605332,40.77888803992975,39.39769041224343,3953.0,0.0807790137299846,DeepLabV3Plus
c--87-_jpg.rf.c7180b1074e47bceb0985944a0dc085e_combo0,12304.31950687516,38.09975821202589,34.88511968115761,5154.0,0.3632707198401751,LinkNet
c--87-_jpg.rf.c7180b1074e47bceb0985944a0dc085e_combo1,339.0819795373035,77.78222874928473,30.519030543385604,4205.0,0.1134749661794523,DeepLabV3Plus
c--87-_jpg.rf.c7180b1074e47bceb0985944a0dc085e_gamma0.5,138.6994092066554,5.863904131564412,19.81352585096884,230.0,0.0197531844236945,LinkNet
c--87-_jpg.rf.c7180b1074e47bceb0985944a0dc085e_gamma2.0,339.0819795373035,77.78222874928473,30.519030543385604,4205.0,0.1134749661794523,DeepLabV3Plus
c--87-_jpg.rf.c7180b1074e47bceb0985944a0dc085e_noise15,1868.794413185032,28.177732352950905,29.466755195654112,3608.0,0.1385137481766672,LinkNet
c--87-_jpg.rf.c7180b1074e47bceb0985944a0dc085e_noise50,12288.433956570958,38.07409759502003,34.94944615579855,5083.0,0.3629267260056031,LinkNet
c--88-_jpg.rf.34d7d608352ba8b74f1b82d433e7c1c7_blur5,17.501598931784585,28.983154225005045,29.48343175574248,1591.0,0.0205238629184569,DeepLabV3Plus
c--88-_jpg.rf.34d7d608352ba8b74f1b82d433e7c1c7_blur9,5.2679971524741545,28.979684517962102,28.745167690523655,357.0,0.0144609715841246,LinkNet
c--88-_jpg.rf.34d7d608352ba8b74f1b82d433e7c1c7_bright0.5,49.188683855877,13.877379428507163,15.267008560533458,1032.0,0.0207223208999407,LinkNet
c--88-_jpg.rf.34d7d608352ba8b74f1b82d433e7c1c7_bright1.5,373.7287868935953,42.55680363575022,42.20559514061165,3772.0,0.0735749890021201,UNet
c--88-_jpg.rf.34d7d608352ba8b74f1b82d433e7c1c7_combo0,191.21565086442104,28.98489073234303,30.46020013727065,2944.0,0.0391458368476934,DeepLabV3Plus
c--88-_jpg.rf.34d7d608352ba8b74f1b82d433e7c1c7_combo1,9.705700042897476,1.3704912827331632,5.198764471661711,222.0,0.0054708250229053,UNet
c--88-_jpg.rf.34d7d608352ba8b74f1b82d433e7c1c7_gamma0.5,150.90233220625825,6.575941600431316,21.154581585878063,283.0,0.0227763610082988,LinkNet
c--88-_jpg.rf.34d7d608352ba8b74f1b82d433e7c1c7_gamma2.0,278.43605785146667,79.0225481343296,32.53939763774412,4055.0,0.0987989984487201,UNet
c--88-_jpg.rf.34d7d608352ba8b74f1b82d433e7c1c7_noise15,1855.1183831623557,29.417684590730023,31.27517798640955,3589.0,0.1347595846935974,LinkNet
c--88-_jpg.rf.34d7d608352ba8b74f1b82d433e7c1c7_noise50,12371.710489149977,39.06575905216468,36.19607366341397,5093.0,0.3622155849052859,UNet
c--89-_jpg.rf.285c476d489dcc60e2c2087e9d0a38a3_blur5,16.8812261458051,27.77599716866613,29.028055451042192,1329.0,0.0202261759462311,LinkNet
c--89-_jpg.rf.285c476d489dcc60e2c2087e9d0a38a3_blur9,5.136456295363336,27.77299053024665,28.302110453921724,315.0,0.0144080494557289,LinkNet
c--89-_jpg.rf.285c476d489dcc60e2c2087e9d0a38a3_bright0.5,53.51843837402838,13.419351637774492,14.987931031857688,896.0,0.020017795065673,LinkNet
c--89-_jpg.rf.285c476d489dcc60e2c2087e9d0a38a3_bright1.5,398.2803152792037,40.95114956785775,41.72473118096457,3577.0,0.0637810876158911,DeepLabV3Plus
c--89-_jpg.rf.285c476d489dcc60e2c2087e9d0a38a3_combo0,12.750611063046936,5.983772752380669,19.005914292781032,149.0,0.0151787279504913,LinkNet
c--89-_jpg.rf.285c476d489dcc60e2c2087e9d0a38a3_combo1,12172.611645752644,38.3257720842388,35.229503052177215,5143.0,0.3627646519873913,LinkNet
c--89-_jpg.rf.285c476d489dcc60e2c2087e9d0a38a3_gamma0.5,166.01437165865468,6.218842923815289,20.44963912257976,257.0,0.0227333617789773,LinkNet
c--89-_jpg.rf.285c476d489dcc60e2c2087e9d0a38a3_gamma2.0,290.90544444195416,77.22062243038259,32.395460297794926,3971.0,0.0904571479603481,LinkNet
c--89-_jpg.rf.285c476d489dcc60e2c2087e9d0a38a3_noise15,1844.7599919271356,28.34530034961681,30.79228932509665,3469.0,0.1218399700989974,LinkNet
c--89-_jpg.rf.285c476d489dcc60e2c2087e9d0a38a3_noise50,12293.027220801578,38.37354422801499,35.702905038249966,5108.0,0.362509964244487,UNet
c--9-_jpg.rf.9e6a6e449de3217a6737923d26a276d0_blur5,15.840727219523805,24.12849823537778,28.83073300863384,1917.0,0.0186318968283106,UNet
c--9-_jpg.rf.9e6a6e449de3217a6737923d26a276d0_blur9,4.759637436477703,24.120414380265338,28.1435290129781,496.0,0.013028766484416,UNet
c--9-_jpg.rf.9e6a6e449de3217a6737923d26a276d0_bright0.5,53.31452441631926,11.541330528460527,14.893802670341678,1240.0,0.0193794218918999,LinkNet
c--9-_jpg.rf.9e6a6e449de3217a6737923d26a276d0_bright1.5,427.72893268022506,35.40671317198699,41.68666680429919,3854.0,0.0903810724007792,UNet
c--9-_jpg.rf.9e6a6e449de3217a6737923d26a276d0_combo0,9067.380604212543,28.347318005761892,36.51706059557234,5291.0,0.3525407583079472,LinkNet
c--9-_jpg.rf.9e6a6e449de3217a6737923d26a276d0_combo1,19.603143542524396,86.20445802779074,38.46261740589439,2003.0,0.0159890980415504,UNet
c--9-_jpg.rf.9e6a6e449de3217a6737923d26a276d0_gamma0.5,115.63681912798909,5.412852138880895,19.953872356297207,268.0,0.0205073247533332,LinkNet
c--9-_jpg.rf.9e6a6e449de3217a6737923d26a276d0_gamma2.0,494.9973199898795,70.09392685500329,33.87260598669733,4142.0,0.168957202536293,UNet
c--9-_jpg.rf.9e6a6e449de3217a6737923d26a276d0_noise15,1716.4422244155453,25.100429661529912,30.34096162894579,3875.0,0.1286272330657458,LinkNet
c--9-_jpg.rf.9e6a6e449de3217a6737923d26a276d0_noise50,11617.505278634646,35.81331719208417,35.04178290914762,5169.0,0.3615077514379934,LinkNet
c--90-_jpg.rf.7341660982749acd4f79f3b7fd004e0b_blur5,16.503782276514848,28.745315564728724,29.11666958573324,1554.0,0.0184598999110246,DeepLabV3Plus
c--90-_jpg.rf.7341660982749acd4f79f3b7fd004e0b_blur9,4.942007230791818,28.735012287856687,28.42658834311364,347.0,0.0127674634754623,UNet
c--90-_jpg.rf.7341660982749acd4f79f3b7fd004e0b_bright0.5,52.89923270713372,13.820828826683336,15.04076328151176,1012.0,0.0190023517270805,UNet
c--90-_jpg.rf.7341660982749acd4f79f3b7fd004e0b_bright1.5,396.81028234213073,42.25302731112589,41.70973232113351,3811.0,0.0708065001604202,UNet
c--90-_jpg.rf.7341660982749acd4f79f3b7fd004e0b_combo0,1311.6053762248696,15.840988849969074,15.859461602718069,3659.0,0.0395791367739332,LinkNet
c--90-_jpg.rf.7341660982749acd4f79f3b7fd004e0b_combo1,862.2883612162302,10.504734876674902,18.580149763574468,4083.0,0.0260608406018569,DeepLabV3Plus
c--90-_jpg.rf.7341660982749acd4f79f3b7fd004e0b_gamma0.5,161.44706628437493,6.410321799616976,20.90672553877526,239.0,0.021592228385445,LinkNet
c--90-_jpg.rf.7341660982749acd4f79f3b7fd004e0b_gamma2.0,296.77143382810283,78.8790696289828,31.98527400963157,4116.0,0.1026027764271609,DeepLabV3Plus
c--90-_jpg.rf.7341660982749acd4f79f3b7fd004e0b_noise15,1872.173002437332,29.13700546751739,30.95276938389608,3510.0,0.1323847041818404,UNet
c--90-_jpg.rf.7341660982749acd4f79f3b7fd004e0b_noise50,12466.629232800164,38.91688248972153,36.07880842852247,5185.0,0.3627216527580698,LinkNet
c--91-_jpg.rf.fd4615a24ba1bf4c59222cf13db5c464_blur5,15.615136924165132,27.339584759750075,27.83420420372696,1660.0,0.0160056362066741,DeepLabV3Plus
c--91-_jpg.rf.fd4615a24ba1bf4c59222cf13db5c464_blur9,4.6298692474176,27.335757828340466,27.17443981970291,335.0,0.0123540093473709,LinkNet
c--91-_jpg.rf.fd4615a24ba1bf4c59222cf13db5c464_bright0.5,53.76328030224662,13.11036909876923,14.41821641207746,1019.0,0.017199691728602,LinkNet
c--91-_jpg.rf.fd4615a24ba1bf4c59222cf13db5c464_bright1.5,408.9443820154216,40.28406283179694,39.8379538695094,3870.0,0.0770645418432115,DeepLabV3Plus
c--91-_jpg.rf.fd4615a24ba1bf4c59222cf13db5c464_combo0,12.144725454541035,40.42229212353348,38.240106451938274,860.0,0.0142988975659128,LinkNet
c--91-_jpg.rf.fd4615a24ba1bf4c59222cf13db5c464_combo1,19281.18815621774,78.60334534004122,42.04314645648086,4100.0,0.3703556697791493,UNet
c--91-_jpg.rf.fd4615a24ba1bf4c59222cf13db5c464_gamma0.5,152.4085416255846,5.843191733563544,19.92231490269577,263.0,0.0198755668456096,UNet
c--91-_jpg.rf.fd4615a24ba1bf4c59222cf13db5c464_gamma2.0,330.67953857542346,77.08866110322792,30.92081963818256,4121.0,0.1113283123464018,DeepLabV3Plus
c--91-_jpg.rf.fd4615a24ba1bf4c59222cf13db5c464_noise15,1850.4388319068355,27.837039536137542,29.7037165376469,3560.0,0.1357617975000909,LinkNet
c--91-_jpg.rf.fd4615a24ba1bf4c59222cf13db5c464_noise50,12266.558315880666,37.87354257419848,34.98330789018182,5163.0,0.3637337884636375,LinkNet
c--92-_jpg.rf.1bc5c02d6bd4041847097d4f58804260_blur5,10.876697977059418,28.674426373742687,29.77552352097184,714.0,0.0176263763887924,UNet
c--92-_jpg.rf.1bc5c02d6bd4041847097d4f58804260_blur9,4.490260438146793,28.671194816277524,29.12236407835301,195.0,0.0140673632541816,UNet
c--92-_jpg.rf.1bc5c02d6bd4041847097d4f58804260_bright0.5,19.001114668784638,13.857831317331003,15.19971809409909,443.0,0.013607602263744,UNet
c--92-_jpg.rf.1bc5c02d6bd4041847097d4f58804260_bright1.5,136.7939178396714,42.19181956200323,41.83846670432886,2431.0,0.0322428067250794,UNet
c--92-_jpg.rf.1bc5c02d6bd4041847097d4f58804260_combo0,136.7939178396714,42.19181956200323,41.83846670432886,2431.0,0.0322428067250794,UNet
c--92-_jpg.rf.1bc5c02d6bd4041847097d4f58804260_combo1,163.63131782431122,13.507076680856413,35.68541274016055,355.0,0.0236694219249762,UNet
c--92-_jpg.rf.1bc5c02d6bd4041847097d4f58804260_gamma0.5,66.68185847538562,6.504559572124592,21.242974537252632,179.0,0.0164885506282848,UNet
c--92-_jpg.rf.1bc5c02d6bd4041847097d4f58804260_gamma2.0,87.92533967845691,78.7212393039417,32.34126230591716,2910.0,0.0297786201216547,UNet
c--92-_jpg.rf.1bc5c02d6bd4041847097d4f58804260_noise15,1738.6453548071554,29.193099615983805,31.25179028616505,3328.0,0.0986468473295824,LinkNet
c--92-_jpg.rf.1bc5c02d6bd4041847097d4f58804260_noise50,12323.279117607955,39.01907511965362,36.19139955981687,5037.0,0.3628440351799848,LinkNet
c--93-_jpg.rf.6b75dd24411c3ff857686011d4adbb68_blur5,18.07154011637392,29.60474116117765,30.04112890314087,1176.0,0.0214665383305053,UNet
c--93-_jpg.rf.6b75dd24411c3ff857686011d4adbb68_blur9,5.265774857022998,29.601072996153224,29.32034797387555,338.0,0.0147255822261031,UNet
c--93-_jpg.rf.6b75dd24411c3ff857686011d4adbb68_bright0.5,59.94929017736503,14.182630957460532,15.55761498724094,1162.0,0.0222306015592182,UNet
c--93-_jpg.rf.6b75dd24411c3ff857686011d4adbb68_bright1.5,456.0608589012024,43.468926441549165,42.87755238133037,3875.0,0.086643447082833,LinkNet
c--93-_jpg.rf.6b75dd24411c3ff857686011d4adbb68_combo0,1.130813572193402,1.3631516450512848,5.049033334284871,88.0,0.0024443408052763,UNet
c--93-_jpg.rf.6b75dd24411c3ff857686011d4adbb68_combo1,59.94929017736503,14.182630957460532,15.55761498724094,1162.0,0.0222306015592182,UNet
c--93-_jpg.rf.6b75dd24411c3ff857686011d4adbb68_gamma0.5,172.53344875406904,6.864989035196523,21.942087792815972,297.0,0.02393072493393,LinkNet
c--93-_jpg.rf.6b75dd24411c3ff857686011d4adbb68_gamma2.0,350.5245930744839,79.94982982228088,32.76873310708809,4103.0,0.1201762306875576,LinkNet
c--93-_jpg.rf.6b75dd24411c3ff857686011d4adbb68_noise15,1914.120949385944,29.99343434844591,31.916789080618244,3695.0,0.150907449120335,UNet
c--93-_jpg.rf.6b75dd24411c3ff857686011d4adbb68_noise50,12515.32702234217,39.682675610506365,36.73332496625347,5115.0,0.3633037961704224,LinkNet
c--94-_jpg.rf.c627b1f3c4503b49d23df4995bdf2797_blur5,16.322001016206336,26.70372207944273,28.4163196354919,1357.0,0.0197994912860407,UNet
c--94-_jpg.rf.c627b1f3c4503b49d23df4995bdf2797_blur9,4.835044800217292,26.703133320764326,27.71745179738594,288.0,0.0142426678044924,UNet
c--94-_jpg.rf.c627b1f3c4503b49d23df4995bdf2797_bright0.5,54.090129576223816,12.863963668958856,14.684516995907437,865.0,0.0208976254502515,LinkNet
c--94-_jpg.rf.c627b1f3c4503b49d23df4995bdf2797_bright1.5,402.2804104366455,39.3764747908749,40.98839980652308,3449.0,0.0630964075797718,DeepLabV3Plus
c--94-_jpg.rf.c627b1f3c4503b49d23df4995bdf2797_combo0,1648.7734350228295,27.269254558745217,28.68804544239108,3125.0,0.0707800390962223,UNet
c--94-_jpg.rf.c627b1f3c4503b49d23df4995bdf2797_combo1,162.54695681066016,5.849717693521339,19.83545245451817,274.0,0.0226672091184827,LinkNet
c--94-_jpg.rf.c627b1f3c4503b49d23df4995bdf2797_gamma0.5,162.54695681066016,5.849717693521339,19.83545245451817,274.0,0.0226672091184827,LinkNet
c--94-_jpg.rf.c627b1f3c4503b49d23df4995bdf2797_gamma2.0,305.34112553799054,75.62764321224088,31.936052529078093,3815.0,0.0897460068600309,UNet
c--94-_jpg.rf.c627b1f3c4503b49d23df4995bdf2797_noise15,1821.8119943849244,27.374295060711603,30.256168992738203,3583.0,0.1157109261041706,UNet
c--94-_jpg.rf.c627b1f3c4503b49d23df4995bdf2797_noise50,12148.321805972844,37.52316500788871,35.23686926925957,5190.0,0.3625331176756601,UNet
c--95-_jpg.rf.040898b558cf72633e939a31415b00cf_blur5,15.964531646890215,26.91474906642058,28.06207799070496,1401.0,0.0184830533421977,LinkNet
c--95-_jpg.rf.040898b558cf72633e939a31415b00cf_blur9,4.7768733715083895,26.91399161845792,27.37629483836253,278.0,0.0131346107412074,LinkNet
c--95-_jpg.rf.040898b558cf72633e939a31415b00cf_bright0.5,51.23147801540815,12.901310153441097,14.529968992119295,851.0,0.0193231921304795,LinkNet
c--95-_jpg.rf.040898b558cf72633e939a31415b00cf_bright1.5,386.9863218860668,39.66312419169718,40.47916770706955,3610.0,0.067498867135689,UNet
c--95-_jpg.rf.040898b558cf72633e939a31415b00cf_combo0,13873.836317966756,47.54684104507973,44.55817180970887,4953.0,0.3637966334911074,LinkNet
c--95-_jpg.rf.040898b558cf72633e939a31415b00cf_combo1,51.23147801540815,12.901310153441097,14.529968992119295,851.0,0.0193231921304795,LinkNet
c--95-_jpg.rf.040898b558cf72633e939a31415b00cf_gamma0.5,151.20256237557223,5.81119699931532,19.615197489354383,233.0,0.0214500001653816,LinkNet
c--95-_jpg.rf.040898b558cf72633e939a31415b00cf_gamma2.0,300.2008586526518,76.14108708666991,31.47549225540761,3962.0,0.0956236707449781,UNet
c--95-_jpg.rf.040898b558cf72633e939a31415b00cf_noise15,1833.9211735408244,27.49472267150904,29.8929274120337,3523.0,0.119359245330449,LinkNet
c--95-_jpg.rf.040898b558cf72633e939a31415b00cf_noise50,12160.158736729754,37.62424296549146,35.00711734388341,5196.0,0.3638528632525278,LinkNet
c--96-_jpg.rf.8d2da905c6aef356ed00ffaee5d88216_blur5,14.719128984960312,26.734466528407605,27.421811717851785,1593.0,0.0166737780776698,DeepLabV3Plus
c--96-_jpg.rf.8d2da905c6aef356ed00ffaee5d88216_blur9,4.429324147799356,26.731754269327325,26.782217245044087,338.0,0.0115667926874849,LinkNet
c--96-_jpg.rf.8d2da905c6aef356ed00ffaee5d88216_bright0.5,50.18996055162503,12.78197406154182,14.187296239952094,1007.0,0.0176660679850891,LinkNet
c--96-_jpg.rf.8d2da905c6aef356ed00ffaee5d88216_bright1.5,383.3719488770735,39.34459251614952,39.4763460318303,3700.0,0.0702442025462159,DeepLabV3Plus
c--96-_jpg.rf.8d2da905c6aef356ed00ffaee5d88216_combo0,8.53618715052977,52.98763276012053,20.963106996578663,880.0,0.0087817656806612,LinkNet
c--96-_jpg.rf.8d2da905c6aef356ed00ffaee5d88216_combo1,707.2103823609509,6.449021106006331,6.922976191331155,4261.0,0.0049151426747505,UNet
c--96-_jpg.rf.8d2da905c6aef356ed00ffaee5d88216_gamma0.5,136.34155546301102,5.614505293866656,19.32297818905405,205.0,0.0196804164971504,LinkNet
c--96-_jpg.rf.8d2da905c6aef356ed00ffaee5d88216_gamma2.0,309.8396591716467,76.09335463449001,30.7132227806373,4061.0,0.1028872328672878,LinkNet
c--96-_jpg.rf.8d2da905c6aef356ed00ffaee5d88216_noise15,1836.5515955371527,27.260641482348817,29.218302217513266,3574.0,0.1248003016561318,LinkNet
c--96-_jpg.rf.8d2da905c6aef356ed00ffaee5d88216_noise50,12163.25484241285,37.45011593253752,34.69574626778116,5154.0,0.3624768879142397,LinkNet
c--97-_jpg.rf.7d8a55ef0acaba6d85161d5327dc2ab1_blur5,16.363369860213382,27.511753673953383,28.981029993852555,1111.0,0.0191908868094902,UNet
c--97-_jpg.rf.7d8a55ef0acaba6d85161d5327dc2ab1_blur9,4.940022685067379,27.504966410986636,28.293279371672934,306.0,0.0133099152915182,LinkNet
c--97-_jpg.rf.7d8a55ef0acaba6d85161d5327dc2ab1_bright0.5,48.55914860035025,13.197773301447752,14.992086775673636,978.0,0.0203386354690719,LinkNet
c--97-_jpg.rf.7d8a55ef0acaba6d85161d5327dc2ab1_bright1.5,364.3501637015684,40.32607638647708,41.17908968110465,3721.0,0.0706642719403567,DeepLabV3Plus
c--97-_jpg.rf.7d8a55ef0acaba6d85161d5327dc2ab1_combo0,1834.2885508948616,27.990533554283218,30.744042495191323,3640.0,0.126619499819734,LinkNet
c--97-_jpg.rf.7d8a55ef0acaba6d85161d5327dc2ab1_combo1,0.4484488756466598,1.15872007832475,4.6510325820235,33.0,0.0,UNet
c--97-_jpg.rf.7d8a55ef0acaba6d85161d5327dc2ab1_gamma0.5,147.7646155948507,6.103426377050319,21.16371825684116,240.0,0.0221082191373031,LinkNet
c--97-_jpg.rf.7d8a55ef0acaba6d85161d5327dc2ab1_gamma2.0,295.7269607920821,76.88493736996868,31.891161454403424,4019.0,0.1050801935626846,LinkNet
c--97-_jpg.rf.7d8a55ef0acaba6d85161d5327dc2ab1_noise15,1819.777567728798,28.02867056305837,30.7949237419286,3557.0,0.1242413116749522,LinkNet
c--97-_jpg.rf.7d8a55ef0acaba6d85161d5327dc2ab1_noise50,12326.966468742376,38.147173131435416,35.798484170769626,5121.0,0.3633203343355461,UNet
c--98-_jpg.rf.dc4bb77820fa1868fd06673f8f9acb94_blur5,19.66428651169402,30.18894853653777,31.33241312830037,1924.0,0.0219163764218687,UNet
c--98-_jpg.rf.dc4bb77820fa1868fd06673f8f9acb94_blur9,5.599329206084116,30.18395731830345,30.58933047588449,331.0,0.0150728836936999,UNet
c--98-_jpg.rf.dc4bb77820fa1868fd06673f8f9acb94_bright0.5,64.71009248182341,14.553165239423016,16.212067810217775,1321.0,0.0244037164564665,LinkNet
c--98-_jpg.rf.dc4bb77820fa1868fd06673f8f9acb94_bright1.5,490.646055533431,44.22796868333052,44.22437371929884,3772.0,0.0948166082869437,UNet
c--98-_jpg.rf.dc4bb77820fa1868fd06673f8f9acb94_combo0,7883.12202902763,20.52007237101058,20.04841533480318,5491.0,0.3503378747134762,UNet
c--98-_jpg.rf.dc4bb77820fa1868fd06673f8f9acb94_combo1,252.8737881140081,30.19211063370941,32.38621732956332,3125.0,0.0445472015770794,UNet
c--98-_jpg.rf.dc4bb77820fa1868fd06673f8f9acb94_gamma0.5,189.7410379109123,7.340477820666752,23.420399548363623,307.0,0.0251710873182042,UNet
c--98-_jpg.rf.dc4bb77820fa1868fd06673f8f9acb94_gamma2.0,371.9876821095072,80.42889415905084,33.81384462466787,4085.0,0.1290175337626641,UNet
c--98-_jpg.rf.dc4bb77820fa1868fd06673f8f9acb94_noise15,1933.295600008603,30.615272664728398,33.17310761617801,3627.0,0.1507486827351479,LinkNet
c--98-_jpg.rf.dc4bb77820fa1868fd06673f8f9acb94_noise50,12654.401230198768,40.12980144278953,37.67771050183973,5055.0,0.3625893474370805,UNet
c--99-_jpg.rf.8e62e693e2d2ec6c58d64e9673e410b7_blur5,16.159047531532597,27.94323770966259,28.33824442574136,1904.0,0.0190255051582537,UNet
c--99-_jpg.rf.8e62e693e2d2ec6c58d64e9673e410b7_blur9,4.710605255189894,27.937756961740607,27.67390802323983,395.0,0.0125094680995332,UNet
c--99-_jpg.rf.8e62e693e2d2ec6c58d64e9673e410b7_bright0.5,55.51643397467244,13.377255392268738,14.67527546037296,1211.0,0.020461017890987,UNet
c--99-_jpg.rf.8e62e693e2d2ec6c58d64e9673e410b7_bright1.5,425.4641700053498,40.99335827288634,40.47919895334094,3902.0,0.0828132080401943,UNet
c--99-_jpg.rf.8e62e693e2d2ec6c58d64e9673e410b7_combo0,216.45792853859197,27.947236637989487,29.294731817624136,3206.0,0.0402009717825826,DeepLabV3Plus
c--99-_jpg.rf.8e62e693e2d2ec6c58d64e9673e410b7_combo1,425.4641700053498,40.99335827288634,40.47919895334094,3902.0,0.0828132080401943,UNet
c--99-_jpg.rf.8e62e693e2d2ec6c58d64e9673e410b7_gamma0.5,149.79249894965145,6.062897949598288,20.622847631788677,270.0,0.0214797688626042,UNet
c--99-_jpg.rf.8e62e693e2d2ec6c58d64e9673e410b7_gamma2.0,345.5167049377474,77.86707945926815,31.24236977568779,4116.0,0.1193427071653254,DeepLabV3Plus
c--99-_jpg.rf.8e62e693e2d2ec6c58d64e9673e410b7_noise15,1877.1569094008903,28.39662819889459,30.245394518623726,3635.0,0.1433925068881457,UNet
c--99-_jpg.rf.8e62e693e2d2ec6c58d64e9673e410b7_noise50,12319.578414191905,38.323870195249576,35.33420722066952,5121.0,0.3635121770509805,LinkNet
d--14-_jpg.rf.721fb3ecbe01cf8e0ea25aba8aadf5ff_blur5,13.07070051372172,24.521408654752573,33.738308530089895,703.0,0.0231137395768214,UNet
d--14-_jpg.rf.721fb3ecbe01cf8e0ea25aba8aadf5ff_blur9,4.314655076034539,24.51603044345436,33.26966246008173,298.0,0.011404718669273,UNet
d--14-_jpg.rf.721fb3ecbe01cf8e0ea25aba8aadf5ff_bright0.5,33.656161525442684,11.646470259417658,17.224408554707924,653.0,0.0189891211949816,UNet
d--14-_jpg.rf.721fb3ecbe01cf8e0ea25aba8aadf5ff_bright1.5,284.3987177467576,36.21205566084854,50.85327990678649,2240.0,0.048390671151817,UNet
d--14-_jpg.rf.721fb3ecbe01cf8e0ea25aba8aadf5ff_combo0,1472.6980886886945,25.8400693279882,34.022433480130765,3434.0,0.0730920745805094,DeepLabV3Plus
d--14-_jpg.rf.721fb3ecbe01cf8e0ea25aba8aadf5ff_combo1,18590.39537596005,84.31027913115096,53.078076261449,4049.0,0.37028620948563,LinkNet
d--14-_jpg.rf.721fb3ecbe01cf8e0ea25aba8aadf5ff_gamma0.5,57.77396605196627,6.659826481571523,20.84179971754244,325.0,0.0159295606471053,UNet
d--14-_jpg.rf.721fb3ecbe01cf8e0ea25aba8aadf5ff_gamma2.0,264.68069071451293,68.02990100254357,39.19693449135881,2904.0,0.0680677800159428,UNet
d--14-_jpg.rf.721fb3ecbe01cf8e0ea25aba8aadf5ff_noise15,1570.8461021740402,25.891933013815983,34.56646946126395,3608.0,0.0833556598562502,DeepLabV3Plus
d--14-_jpg.rf.721fb3ecbe01cf8e0ea25aba8aadf5ff_noise50,11512.383339844411,36.85083898111672,38.13884473517323,5128.0,0.3610612209796547,DeepLabV3Plus
d--17-_jpg.rf.22ba2f8b8b408084198875024de87813_blur5,16.09978796408271,23.04411390165084,30.65409249397008,665.0,0.0250156285660418,UNet
d--17-_jpg.rf.22ba2f8b8b408084198875024de87813_blur9,5.287836840191981,23.042503084367794,29.99126028219169,286.0,0.0135083732730021,DeepLabV3Plus
d--17-_jpg.rf.22ba2f8b8b408084198875024de87813_bright0.5,41.25812076086615,10.91100151820356,15.792341546851985,610.0,0.0222769084215644,UNet
d--17-_jpg.rf.22ba2f8b8b408084198875024de87813_bright1.5,336.7143823462279,33.98794698525788,45.74180549606134,2073.0,0.0467567004375998,UNet
d--17-_jpg.rf.22ba2f8b8b408084198875024de87813_combo0,11396.218090040466,35.574922849459696,35.72190349786,5123.0,0.3594537113296354,LinkNet
d--17-_jpg.rf.22ba2f8b8b408084198875024de87813_combo1,336.7143823462279,33.98794698525788,45.74180549606134,2073.0,0.0467567004375998,UNet
d--17-_jpg.rf.22ba2f8b8b408084198875024de87813_gamma0.5,103.956848434666,5.671687653598209,18.381382960434458,336.0,0.0180398305168838,UNet
d--17-_jpg.rf.22ba2f8b8b408084198875024de87813_gamma2.0,286.45612167250994,66.16451835901711,37.581387470680255,2908.0,0.0677700930437169,UNet
d--17-_jpg.rf.22ba2f8b8b408084198875024de87813_noise15,1570.7384316121124,24.55309908676252,31.706250274638823,3655.0,0.0832895071957556,UNet
d--17-_jpg.rf.22ba2f8b8b408084198875024de87813_noise50,11428.157407026052,35.58585788423946,35.79011986646406,5196.0,0.3614779827407708,LinkNet
d--18-_jpg.rf.56f9d9426478a463e3d2342346b02fc6_blur5,10.643572663483631,22.22338099632522,24.89438978538986,683.0,0.0210100849730924,UNet
d--18-_jpg.rf.56f9d9426478a463e3d2342346b02fc6_blur9,3.7457356089161,22.21679549897298,24.43059690429651,270.0,0.0115965613847074,UNet
d--18-_jpg.rf.56f9d9426478a463e3d2342346b02fc6_bright0.5,25.898610868788243,10.556783789952071,12.79404472974718,636.0,0.0167035467748924,UNet
d--18-_jpg.rf.56f9d9426478a463e3d2342346b02fc6_bright1.5,217.08101868528652,32.99528662293976,37.6873069619489,2124.0,0.0439815963298503,UNet
d--18-_jpg.rf.56f9d9426478a463e3d2342346b02fc6_combo0,25.898610868788243,10.556783789952071,12.79404472974718,636.0,0.0167035467748924,UNet
d--18-_jpg.rf.56f9d9426478a463e3d2342346b02fc6_combo1,2.087381041851613,10.548233558583142,12.253738768885556,205.0,0.0,DeepLabV3Plus
d--18-_jpg.rf.56f9d9426478a463e3d2342346b02fc6_gamma0.5,38.52912824994449,4.446103773678518,12.278509786901372,370.0,0.0129361527597236,DeepLabV3Plus
d--18-_jpg.rf.56f9d9426478a463e3d2342346b02fc6_gamma2.0,211.80092809291773,66.1078916816337,33.87174226467098,2975.0,0.0565803705210514,UNet
d--18-_jpg.rf.56f9d9426478a463e3d2342346b02fc6_noise15,1544.635838669146,23.640688516890428,25.94749419766464,3707.0,0.0834846575442147,DeepLabV3Plus
d--18-_jpg.rf.56f9d9426478a463e3d2342346b02fc6_noise50,11323.560781847496,34.585659426257976,31.60248214633542,5259.0,0.3616698254562053,UNet
d--42-_jpg.rf.0811848782d8f404779d8317f549fcd1_blur5,15.518265527170485,23.58797476937529,24.247555171334717,793.0,0.0296165461034429,UNet
d--42-_jpg.rf.0811848782d8f404779d8317f549fcd1_blur9,4.631413574998129,23.58595380559718,23.597723744762504,268.0,0.015096037124873,UNet
d--42-_jpg.rf.0811848782d8f404779d8317f549fcd1_bright0.5,44.21713225783144,11.187519639071084,12.64404427044624,757.0,0.0247874018873354,DeepLabV3Plus
d--42-_jpg.rf.0811848782d8f404779d8317f549fcd1_bright1.5,378.82398604196976,34.71650608108332,35.24356786534855,2597.0,0.0519794529836503,DeepLabV3Plus
d--42-_jpg.rf.0811848782d8f404779d8317f549fcd1_combo0,1.8099531993146984,4.028075189113919,14.918384468489531,134.0,0.0036681650244268,LinkNet
d--42-_jpg.rf.0811848782d8f404779d8317f549fcd1_combo1,44.21713225783144,11.187519639071084,12.64404427044624,757.0,0.0247874018873354,DeepLabV3Plus
d--42-_jpg.rf.0811848782d8f404779d8317f549fcd1_gamma0.5,71.77159385138,4.345244119855391,16.31155118586093,403.0,0.0207884735604354,UNet
d--42-_jpg.rf.0811848782d8f404779d8317f549fcd1_gamma2.0,266.93682617665723,71.10095226754783,29.546496992671525,3176.0,0.0571955902636514,DeepLabV3Plus
d--42-_jpg.rf.0811848782d8f404779d8317f549fcd1_noise15,1728.1625206896597,24.421455292378223,26.08536076387491,3543.0,0.095514518855162,DeepLabV3Plus
d--42-_jpg.rf.0811848782d8f404779d8317f549fcd1_noise50,11747.761276278105,35.00654249812292,32.14196360843471,5198.0,0.3623346596941763,LinkNet
d--43-_jpg.rf.614289e8894cf559ab218b2fcdc0b02e_blur5,16.541174946781624,22.728909704926057,28.023348575199176,741.0,0.0272912800870569,DeepLabV3Plus
d--43-_jpg.rf.614289e8894cf559ab218b2fcdc0b02e_blur9,4.831380087414697,22.72342895700408,27.431774730307037,240.0,0.0106803470368569,DeepLabV3Plus
d--43-_jpg.rf.614289e8894cf559ab218b2fcdc0b02e_bright0.5,44.886256628466384,10.82695456304514,14.478604705490218,689.0,0.0232923517601569,LinkNet
d--43-_jpg.rf.614289e8894cf559ab218b2fcdc0b02e_bright1.5,378.6920868173698,33.55915536283081,41.70648516108509,2529.0,0.0529618199919955,DeepLabV3Plus
d--43-_jpg.rf.614289e8894cf559ab218b2fcdc0b02e_combo0,1499.208420224763,23.95748037746708,28.559831099936808,3595.0,0.0779013729984685,UNet
d--43-_jpg.rf.614289e8894cf559ab218b2fcdc0b02e_combo1,11459.084650234305,34.966821133128924,34.12464179289648,5214.0,0.36044269360403,LinkNet
d--43-_jpg.rf.614289e8894cf559ab218b2fcdc0b02e_gamma0.5,78.22996951772345,4.969136476246233,17.436822464518052,322.0,0.0191578104792429,LinkNet
d--43-_jpg.rf.614289e8894cf559ab218b2fcdc0b02e_gamma2.0,334.8408100078287,67.19649324746717,34.64853955495952,3257.0,0.0716995610770976,DeepLabV3Plus
d--43-_jpg.rf.614289e8894cf559ab218b2fcdc0b02e_noise15,1629.9891805599002,24.052806361239835,29.33015516177928,3666.0,0.087123053871419,DeepLabV3Plus
d--43-_jpg.rf.614289e8894cf559ab218b2fcdc0b02e_noise50,11433.95124711225,35.00367147265745,34.11715501638721,5264.0,0.3604096172737827,LinkNet
d--45-_jpg.rf.467252ef1218f9dec3cfc63de01c3eec_blur5,16.473606741578966,27.169420271159755,27.824656695733143,910.0,0.0267785969682235,DeepLabV3Plus
d--45-_jpg.rf.467252ef1218f9dec3cfc63de01c3eec_blur9,5.0767833917123175,27.162785159312143,27.197783460442377,276.0,0.0156517194730279,DeepLabV3Plus
d--45-_jpg.rf.467252ef1218f9dec3cfc63de01c3eec_bright0.5,39.27206603997847,13.101011804942264,14.350878265284765,726.0,0.0230972014116977,UNet
d--45-_jpg.rf.467252ef1218f9dec3cfc63de01c3eec_bright1.5,330.6239153750249,40.23291028706947,41.28036032365299,2704.0,0.0504744799573976,UNet
d--45-_jpg.rf.467252ef1218f9dec3cfc63de01c3eec_combo0,39.27206603997847,13.101011804942264,14.350878265284765,726.0,0.0230972014116977,UNet
d--45-_jpg.rf.467252ef1218f9dec3cfc63de01c3eec_combo1,8534.569928318766,23.498569448716804,24.37479393083761,5482.0,0.3534834337199956,LinkNet
d--45-_jpg.rf.467252ef1218f9dec3cfc63de01c3eec_gamma0.5,73.99689076504691,5.848682404384598,16.709485749722596,415.0,0.0198987202767827,UNet
d--45-_jpg.rf.467252ef1218f9dec3cfc63de01c3eec_gamma2.0,233.6303355899775,75.50075579414614,33.68234337072506,3162.0,0.0565902934201256,DeepLabV3Plus
d--45-_jpg.rf.467252ef1218f9dec3cfc63de01c3eec_noise15,1750.5503767524488,27.91268179578012,29.409202820712164,3465.0,0.0993480655308254,UNet
d--45-_jpg.rf.467252ef1218f9dec3cfc63de01c3eec_noise50,12178.460923429882,38.05243590634106,34.57977315881683,5157.0,0.3630788771247407,LinkNet
d--54-_jpg.rf.b2c223f16454ffe9a2b3c013d01ff5a6_blur5,9.329367073816371,23.50131478412733,23.40940591319027,547.0,0.0187939708465225,UNet
d--54-_jpg.rf.b2c223f16454ffe9a2b3c013d01ff5a6_blur9,3.465701450238432,23.496386410920483,22.989529231457944,239.0,0.0069989514803311,DeepLabV3Plus
d--54-_jpg.rf.b2c223f16454ffe9a2b3c013d01ff5a6_bright0.5,21.69531793452622,11.189408297528203,12.013559660238109,507.0,0.0141235930156021,UNet
d--54-_jpg.rf.b2c223f16454ffe9a2b3c013d01ff5a6_bright1.5,181.7707028344432,34.87130661427376,35.74856122517322,1903.0,0.0405218121859815,UNet
d--54-_jpg.rf.b2c223f16454ffe9a2b3c013d01ff5a6_combo0,855.0610663538309,9.350096417502671,10.16305261872204,4203.0,0.0149372707396859,LinkNet
d--54-_jpg.rf.b2c223f16454ffe9a2b3c013d01ff5a6_combo1,1189.2488171896905,13.996920593653975,12.873764358166236,3952.0,0.0414578723319805,UNet
d--54-_jpg.rf.b2c223f16454ffe9a2b3c013d01ff5a6_gamma0.5,25.41646019778324,4.718751963907108,9.391863980479268,279.0,0.0091059137170849,DeepLabV3Plus
d--54-_jpg.rf.b2c223f16454ffe9a2b3c013d01ff5a6_gamma2.0,192.8023600549428,67.94789154932839,33.73811524295657,2591.0,0.0523697536805686,UNet
d--54-_jpg.rf.b2c223f16454ffe9a2b3c013d01ff5a6_noise15,1537.349837244126,24.844068256315097,24.36711201116293,3561.0,0.08348134991119,UNet
d--54-_jpg.rf.b2c223f16454ffe9a2b3c013d01ff5a6_noise50,11634.284981478466,35.60682166235021,30.63054888706924,5146.0,0.3619575895293569,UNet
d--57-_jpg.rf.c05a10a639d08e6bc69a5feb78856959_blur5,12.64489887762624,23.143015436723328,30.00606427944745,705.0,0.0255680032811719,DeepLabV3Plus
d--57-_jpg.rf.c05a10a639d08e6bc69a5feb78856959_blur9,4.32557285796518,23.1430650512187,29.501151720976,293.0,0.0125226986316322,DeepLabV3Plus
d--57-_jpg.rf.c05a10a639d08e6bc69a5feb78856959_bright0.5,29.99726127876148,11.122491573804869,15.287286162363785,619.0,0.0218502237613741,DeepLabV3Plus
d--57-_jpg.rf.c05a10a639d08e6bc69a5feb78856959_bright1.5,257.2531033865104,34.358987335073145,45.31214867384202,2094.0,0.0483245184913224,DeepLabV3Plus
d--57-_jpg.rf.c05a10a639d08e6bc69a5feb78856959_combo0,29.42460033621054,34.360531999695695,44.40492705137149,1268.0,0.0327852585411353,DeepLabV3Plus
d--57-_jpg.rf.c05a10a639d08e6bc69a5feb78856959_combo1,2248.394219114739,65.99328881259282,38.697550222479705,3447.0,0.2456479818477099,DeepLabV3Plus
d--57-_jpg.rf.c05a10a639d08e6bc69a5feb78856959_gamma0.5,36.50112962664204,5.50162900926468,16.55358376914442,332.0,0.0162206323532816,DeepLabV3Plus
d--57-_jpg.rf.c05a10a639d08e6bc69a5feb78856959_gamma2.0,263.2433024565832,66.49262232453833,37.46203815705,2868.0,0.0620875795072288,DeepLabV3Plus
d--57-_jpg.rf.c05a10a639d08e6bc69a5feb78856959_noise15,1529.3124484373868,24.659968709791585,30.88342966736861,3731.0,0.0879631926597007,DeepLabV3Plus
d--57-_jpg.rf.c05a10a639d08e6bc69a5feb78856959_noise50,11437.74062030046,35.63571383682123,35.08741832819793,5210.0,0.3612729094932375,LinkNet
d--58-_jpg.rf.bd3fa7b2def684beeae6eb2bc61289e5_blur5,17.720832137643345,24.308691467299084,33.7258387243708,839.0,0.0251843178503031,UNet
d--58-_jpg.rf.bd3fa7b2def684beeae6eb2bc61289e5_blur9,5.167736578722952,24.30851285511575,33.18739142131772,292.0,0.0133926061171365,UNet
d--58-_jpg.rf.bd3fa7b2def684beeae6eb2bc61289e5_bright0.5,47.876793342030304,11.574886465496428,17.295345581345103,648.0,0.0226672091184827,UNet
d--58-_jpg.rf.bd3fa7b2def684beeae6eb2bc61289e5_bright1.5,410.6772413485745,36.13408151992353,51.46897060956642,2523.0,0.0478515269687858,DeepLabV3Plus
d--58-_jpg.rf.bd3fa7b2def684beeae6eb2bc61289e5_combo0,8603.96057413854,24.28710585417969,25.792196208653056,5377.0,0.3531361322523988,LinkNet
d--58-_jpg.rf.bd3fa7b2def684beeae6eb2bc61289e5_combo1,11415.931948189422,36.79981543407722,38.20022477939887,5156.0,0.3619575895293569,LinkNet
d--58-_jpg.rf.bd3fa7b2def684beeae6eb2bc61289e5_gamma0.5,80.6157125596918,6.701668039334372,20.551945844018995,298.0,0.0177454511776827,LinkNet
d--58-_jpg.rf.bd3fa7b2def684beeae6eb2bc61289e5_gamma2.0,407.82918500515,67.25398652470305,39.94290087643945,3346.0,0.0814703090321535,UNet
d--58-_jpg.rf.bd3fa7b2def684beeae6eb2bc61289e5_noise15,1616.2490199374058,25.831773784362174,34.692065645693454,3664.0,0.0876555827884008,UNet
d--58-_jpg.rf.bd3fa7b2def684beeae6eb2bc61289e5_noise50,11498.36433434045,36.77813720723313,38.195403927231794,5144.0,0.3609752225210117,LinkNet
d--59-_jpg.rf.4a27f3dc984023509fec8c6a4de30a76_blur5,18.96647713189861,26.99470778716043,34.85110633514432,916.0,0.0295338552778246,UNet
d--59-_jpg.rf.4a27f3dc984023509fec8c6a4de30a76_blur9,5.521977561845335,26.9919889128141,34.236380945779025,304.0,0.0180265999847848,UNet
d--59-_jpg.rf.4a27f3dc984023509fec8c6a4de30a76_bright0.5,50.79936554389844,12.922932150523764,17.86739794212818,773.0,0.0263519123080332,UNet
d--59-_jpg.rf.4a27f3dc984023509fec8c6a4de30a76_bright1.5,436.5677484840247,40.040707039635365,52.60822984313935,2630.0,0.0552473944120847,UNet
d--59-_jpg.rf.4a27f3dc984023509fec8c6a4de30a76_combo0,1686.219698275838,28.20988254595129,35.90905863916325,3537.0,0.0983425450913072,UNet
d--59-_jpg.rf.4a27f3dc984023509fec8c6a4de30a76_combo1,1296.141035256736,20.830384578491785,45.60728143247361,3910.0,0.0532297382669987,UNet
d--59-_jpg.rf.4a27f3dc984023509fec8c6a4de30a76_gamma0.5,84.94928065226021,7.557610698208255,22.012018708885257,395.0,0.0231600464391676,LinkNet
d--59-_jpg.rf.4a27f3dc984023509fec8c6a4de30a76_gamma2.0,395.57600111664505,71.84944315998028,40.53683502621927,3218.0,0.0791218895845943,UNet
d--59-_jpg.rf.4a27f3dc984023509fec8c6a4de30a76_noise15,1679.645259223726,28.21587266935908,35.93021435056639,3595.0,0.1016038712536921,UNet
d--59-_jpg.rf.4a27f3dc984023509fec8c6a4de30a76_noise50,11855.456192084555,38.7068610231832,39.27154006877332,5159.0,0.3631582603173343,LinkNet
d--6-_jpg.rf.3c64d69dbe8bbddcfb7691cacc2bccbb_blur5,12.211020339809489,19.46684924800963,21.939764510415145,799.0,0.0218303779632257,DeepLabV3Plus
d--6-_jpg.rf.3c64d69dbe8bbddcfb7691cacc2bccbb_blur9,3.973049401738316,19.46575111384542,21.36464383179089,284.0,0.0117454048708203,LinkNet
d--6-_jpg.rf.3c64d69dbe8bbddcfb7691cacc2bccbb_bright0.5,34.49023734743714,9.278466316719092,11.351032160680049,667.0,0.0191875791764655,DeepLabV3Plus
d--6-_jpg.rf.3c64d69dbe8bbddcfb7691cacc2bccbb_bright1.5,290.5288933503984,28.87151499515432,33.32129888503043,2255.0,0.0456089517780181,DeepLabV3Plus
d--6-_jpg.rf.3c64d69dbe8bbddcfb7691cacc2bccbb_combo0,2305.7241758380046,61.99084447178755,32.97181533290228,3532.0,0.2585543659102109,DeepLabV3Plus
d--6-_jpg.rf.3c64d69dbe8bbddcfb7691cacc2bccbb_combo1,2294.45883898244,61.98275400140905,32.96106920261828,3574.0,0.258382368992925,LinkNet
d--6-_jpg.rf.3c64d69dbe8bbddcfb7691cacc2bccbb_gamma0.5,51.374324106803954,3.2469445739934044,10.751087952761893,226.0,0.0142029762081956,DeepLabV3Plus
d--6-_jpg.rf.3c64d69dbe8bbddcfb7691cacc2bccbb_gamma2.0,313.2665518108097,62.45346325715855,31.495171811508,3018.0,0.0752585742117083,DeepLabV3Plus
d--6-_jpg.rf.3c64d69dbe8bbddcfb7691cacc2bccbb_noise15,1529.174672765052,21.057790964208102,23.27015708903805,3814.0,0.0843016429013233,DeepLabV3Plus
d--6-_jpg.rf.3c64d69dbe8bbddcfb7691cacc2bccbb_noise50,11053.662471989515,32.33106760471139,29.68776274436926,5204.0,0.3598506272926031,LinkNet
d--68-_jpg.rf.a939856757dd8a36ffb6c48b364522ba_blur5,16.68442822710061,25.263863116914905,30.622782592537952,749.0,0.0271556671330429,UNet
d--68-_jpg.rf.a939856757dd8a36ffb6c48b364522ba_blur9,5.031104873737356,25.25893805134108,30.02496698301691,218.0,0.0195977256715321,UNet
d--68-_jpg.rf.a939856757dd8a36ffb6c48b364522ba_bright0.5,44.636582254646,12.147619661893753,15.69239202744933,773.0,0.0226771320175569,UNet
d--68-_jpg.rf.a939856757dd8a36ffb6c48b364522ba_bright1.5,374.0561917836216,37.24385193711528,44.879065425242246,2521.0,0.0538350351105245,UNet
d--68-_jpg.rf.a939856757dd8a36ffb6c48b364522ba_combo0,48.64997288261192,85.50099394372393,44.6449310851977,2023.0,0.0368900311248267,UNet
d--68-_jpg.rf.a939856757dd8a36ffb6c48b364522ba_combo1,9816.647023665082,27.150100386662302,24.78710889793113,5335.0,0.358167042083015,LinkNet
d--68-_jpg.rf.a939856757dd8a36ffb6c48b364522ba_gamma0.5,81.94842265247678,6.212131736408109,18.89636340930377,426.0,0.0220751428070558,UNet
d--68-_jpg.rf.a939856757dd8a36ffb6c48b364522ba_gamma2.0,339.1770610326534,70.02252498089842,37.76987342064698,3244.0,0.0738362920110739,UNet
d--68-_jpg.rf.a939856757dd8a36ffb6c48b364522ba_noise15,1643.3281193122727,26.569997783885874,31.71947768746776,3648.0,0.0981540100088975,UNet
d--68-_jpg.rf.a939856757dd8a36ffb6c48b364522ba_noise50,11654.227379901502,37.12753571416759,35.885380158276696,5183.0,0.3614713674747214,LinkNet
d--69-_jpg.rf.cba7e7baf07068e9390dd49595bb4cde_blur5,17.65558216869072,22.041659637946488,26.607885293833693,789.0,0.0297223903602343,LinkNet
d--69-_jpg.rf.cba7e7baf07068e9390dd49595bb4cde_blur9,5.0061551888804185,22.03908629945325,25.9439374577643,291.0,0.0160618659680945,LinkNet
d--69-_jpg.rf.cba7e7baf07068e9390dd49595bb4cde_bright0.5,49.672959658634205,10.50533355825238,13.80786351582454,766.0,0.0257300772993837,LinkNet
d--69-_jpg.rf.cba7e7baf07068e9390dd49595bb4cde_bright1.5,426.3761613407034,32.61531566395772,40.08427778916673,2339.0,0.057532968832174,LinkNet
d--69-_jpg.rf.cba7e7baf07068e9390dd49595bb4cde_combo0,623.665361466925,79.25570649387592,42.74831967604862,3260.0,0.1215918976221426,LinkNet
d--69-_jpg.rf.cba7e7baf07068e9390dd49595bb4cde_combo1,11324.91365702281,34.38179346477867,32.04725435690779,5192.0,0.3611836034015698,LinkNet
d--69-_jpg.rf.cba7e7baf07068e9390dd49595bb4cde_gamma0.5,81.20673570730759,4.7825065904588016,15.714204759376436,369.0,0.0188568158739924,LinkNet
d--69-_jpg.rf.cba7e7baf07068e9390dd49595bb4cde_gamma2.0,409.4974649953567,65.42349610195448,35.014782954678275,3161.0,0.084281797103175,LinkNet
d--69-_jpg.rf.cba7e7baf07068e9390dd49595bb4cde_noise15,1616.6529822298069,23.55069112992052,27.94152270393376,3748.0,0.0973304093857394,LinkNet
d--69-_jpg.rf.cba7e7baf07068e9390dd49595bb4cde_noise50,11334.9387357565,34.46250632584816,33.04010237082608,5231.0,0.3623710436574482,LinkNet
d--75-_jpg.rf.3b1bf5766e57e9f1de9a1df32f069cb0_blur5,18.52648586460776,24.295993464117142,29.874949663872773,757.0,0.0280354975176214,UNet
d--75-_jpg.rf.3b1bf5766e57e9f1de9a1df32f069cb0_blur9,5.230131874004903,24.29538155200757,29.265508085816293,261.0,0.0165712414539031,UNet
d--75-_jpg.rf.3b1bf5766e57e9f1de9a1df32f069cb0_bright0.5,56.41039783837292,11.616519642378718,15.433883799125004,662.0,0.02639160390433,DeepLabV3Plus
d--75-_jpg.rf.3b1bf5766e57e9f1de9a1df32f069cb0_bright1.5,478.6609335075096,35.9643040243971,45.19043050698911,2448.0,0.05093754858086,UNet
d--75-_jpg.rf.3b1bf5766e57e9f1de9a1df32f069cb0_combo0,34.060254845693706,68.76660018324287,37.157215852338375,1894.0,0.0347665307229493,DeepLabV3Plus
d--75-_jpg.rf.3b1bf5766e57e9f1de9a1df32f069cb0_combo1,2.400481591193354,11.61712163158922,14.664891510262995,203.0,0.0016042020169946,DeepLabV3Plus
d--75-_jpg.rf.3b1bf5766e57e9f1de9a1df32f069cb0_gamma0.5,106.3629066070904,5.749813945642359,16.555032278187156,334.0,0.0217675329357558,DeepLabV3Plus
d--75-_jpg.rf.3b1bf5766e57e9f1de9a1df32f069cb0_gamma2.0,437.7497341716464,68.15588874445558,38.237389409005765,3221.0,0.0801770245194836,DeepLabV3Plus
d--75-_jpg.rf.3b1bf5766e57e9f1de9a1df32f069cb0_noise15,1662.719491384044,25.70832630461316,31.014212128961432,3657.0,0.0944064617918771,DeepLabV3Plus
d--75-_jpg.rf.3b1bf5766e57e9f1de9a1df32f069cb0_noise50,11644.045428438483,36.37321677234554,35.23870174982946,5156.0,0.3608164561358246,LinkNet
d--77-_jpg.rf.84995c9e1346e58c80469258e984e259_blur5,16.736301553334464,22.631847213815323,30.43820277652418,821.0,0.0228689747329913,UNet
d--77-_jpg.rf.84995c9e1346e58c80469258e984e259_blur9,5.062987146285593,22.625066566114626,29.85025354800013,272.0,0.0134885274748537,UNet
d--77-_jpg.rf.84995c9e1346e58c80469258e984e259_bright0.5,46.97090682582158,10.862184162391552,15.60630968834315,675.0,0.0203386354690719,DeepLabV3Plus
d--77-_jpg.rf.84995c9e1346e58c80469258e984e259_bright1.5,389.7352547873081,33.46609841531302,45.18801823226727,2554.0,0.0466277027496353,DeepLabV3Plus
d--77-_jpg.rf.84995c9e1346e58c80469258e984e259_combo0,1443.9296558318106,24.07215270680149,30.736403099391804,3544.0,0.0679387823279782,UNet
d--77-_jpg.rf.84995c9e1346e58c80469258e984e259_combo1,7769.350895199407,20.42463392771499,19.925247999093926,5568.0,0.35275244682153,UNet
d--77-_jpg.rf.84995c9e1346e58c80469258e984e259_gamma0.5,98.54793540950875,5.536987606299056,19.075455361927634,242.0,0.016733315472115,DeepLabV3Plus
d--77-_jpg.rf.84995c9e1346e58c80469258e984e259_gamma2.0,374.64497290899817,65.64677125402291,37.33940196258854,3322.0,0.0769653128524696,UNet
d--77-_jpg.rf.84995c9e1346e58c80469258e984e259_noise15,1579.8175004612146,24.1264673487006,31.49488056358924,3661.0,0.0837790368834158,DeepLabV3Plus
d--77-_jpg.rf.84995c9e1346e58c80469258e984e259_noise50,11258.268573199624,35.21272049508651,35.647476793125165,5216.0,0.3603136959160655,LinkNet
d--81-_jpg.rf.cd6b045374185d67cc7a38a6378265cf_blur5,16.478015574212503,25.10527203627812,31.172080937935927,884.0,0.0273607403805762,UNet
d--81-_jpg.rf.cd6b045374185d67cc7a38a6378265cf_blur9,4.997218192008668,25.1051893454525,30.611882019012224,309.0,0.0165150116924827,UNet
d--81-_jpg.rf.cd6b045374185d67cc7a38a6378265cf_bright0.5,43.478365925173534,12.02235629161416,15.99780398344831,696.0,0.0236032692644816,UNet
d--81-_jpg.rf.cd6b045374185d67cc7a38a6378265cf_bright1.5,369.7524247059743,37.1941679814508,46.7759032491141,2597.0,0.0509706249111073,DeepLabV3Plus
d--81-_jpg.rf.cd6b045374185d67cc7a38a6378265cf_combo0,1650.4587821322132,37.75284704512604,45.28859359873971,3173.0,0.1026457756564824,DeepLabV3Plus
d--81-_jpg.rf.cd6b045374185d67cc7a38a6378265cf_combo1,43.478365925173534,12.02235629161416,15.99780398344831,696.0,0.0236032692644816,UNet
d--81-_jpg.rf.cd6b045374185d67cc7a38a6378265cf_gamma0.5,75.52509332721043,6.215452599964939,17.26481027167777,414.0,0.0197730302218429,UNet
d--81-_jpg.rf.cd6b045374185d67cc7a38a6378265cf_gamma2.0,362.5295776591926,69.08953762597947,39.29179806693941,3312.0,0.0763963999722158,DeepLabV3Plus
d--81-_jpg.rf.cd6b045374185d67cc7a38a6378265cf_noise15,1607.4541265446817,26.515444992408984,32.120610700604125,3748.0,0.0885850276683502,DeepLabV3Plus
d--81-_jpg.rf.cd6b045374185d67cc7a38a6378265cf_noise50,11710.580128790363,37.204067727093815,36.119404695833005,5200.0,0.3609289156586655,LinkNet
d--85-_jpg.rf.306207ac8094d1cf2db43ab3740bcc16_blur5,14.516268384682474,22.363277335106226,28.58052959956056,716.0,0.0276551197197773,DeepLabV3Plus
d--85-_jpg.rf.306207ac8094d1cf2db43ab3740bcc16_blur9,4.695988781343492,22.360826379034897,28.027557262224853,259.0,0.0116858674763752,DeepLabV3Plus
d--85-_jpg.rf.306207ac8094d1cf2db43ab3740bcc16_bright0.5,28.597814438435403,10.66937561811392,14.635363513119492,601.0,0.023451118145344,DeepLabV3Plus
d--85-_jpg.rf.306207ac8094d1cf2db43ab3740bcc16_bright1.5,243.28095595728675,33.073105305112605,42.93095901119717,2339.0,0.0492010412428761,DeepLabV3Plus
d--85-_jpg.rf.306207ac8094d1cf2db43ab3740bcc16_combo0,1534.562840347124,23.85493713843437,29.577187986320705,3688.0,0.0867823676698717,DeepLabV3Plus
d--85-_jpg.rf.306207ac8094d1cf2db43ab3740bcc16_combo1,14.516268384682474,22.363277335106226,28.58052959956056,716.0,0.0276551197197773,DeepLabV3Plus
d--85-_jpg.rf.306207ac8094d1cf2db43ab3740bcc16_gamma0.5,40.834558491459696,5.031233978652536,16.390491257111314,311.0,0.018615358663187,DeepLabV3Plus
d--85-_jpg.rf.306207ac8094d1cf2db43ab3740bcc16_gamma2.0,259.8097538090768,65.52285078275135,36.37927182834734,3029.0,0.0684018509514406,DeepLabV3Plus
d--85-_jpg.rf.306207ac8094d1cf2db43ab3740bcc16_noise15,1526.7857997430722,23.855201749076343,29.580016894785835,3662.0,0.0846224833047223,DeepLabV3Plus
d--85-_jpg.rf.306207ac8094d1cf2db43ab3740bcc16_noise50,11299.8427168785,34.893765442511686,34.12494855774333,5249.0,0.3615044438049687,LinkNet
f--103-_jpg.rf.ed9b67fd6b80a99ad4bde6a583098131_blur5,17.371465327493897,35.90020871164386,34.28920968651664,1575.0,0.0177322206455838,LinkNet
f--103-_jpg.rf.ed9b67fd6b80a99ad4bde6a583098131_blur9,5.394520916748539,35.89984817964417,33.55146770296557,390.0,0.0128733077322537,LinkNet
f--103-_jpg.rf.ed9b67fd6b80a99ad4bde6a583098131_bright0.5,45.94386274125884,17.473848199489964,17.544596903918393,952.0,0.0180133694526859,LinkNet
f--103-_jpg.rf.ed9b67fd6b80a99ad4bde6a583098131_bright1.5,345.9748990114701,52.08140415637166,47.61935985708341,3675.0,0.0527699772765611,LinkNet
f--103-_jpg.rf.ed9b67fd6b80a99ad4bde6a583098131_combo0,19544.7857392988,88.92665985294263,46.01830054301563,4154.0,0.369191382954444,LinkNet
f--103-_jpg.rf.ed9b67fd6b80a99ad4bde6a583098131_combo1,19674.21989382467,89.35107878451102,45.50298524244568,4021.0,0.3688870807161687,LinkNet
f--103-_jpg.rf.ed9b67fd6b80a99ad4bde6a583098131_gamma0.5,156.45522242589252,9.421270064928835,26.42869147016208,280.0,0.023044279283302,LinkNet
f--103-_jpg.rf.ed9b67fd6b80a99ad4bde6a583098131_gamma2.0,203.0421886363081,88.08807565218254,35.930500216849055,3774.0,0.0573576642818632,UNet
f--103-_jpg.rf.ed9b67fd6b80a99ad4bde6a583098131_noise15,1918.3390687198869,36.15038484310243,35.949635117702506,3324.0,0.1398136479553866,LinkNet
f--103-_jpg.rf.ed9b67fd6b80a99ad4bde6a583098131_noise50,13316.831558268148,44.61245786902435,40.30357731508466,5051.0,0.3630921076568397,LinkNet
f--11-_jpg.rf.3f002db831a7cff3ff47824394658d2d_blur5,10.766107342377484,126.9436280103595,31.937087664139742,809.0,0.0220222206786601,UNet
f--11-_jpg.rf.3f002db831a7cff3ff47824394658d2d_blur9,4.07397516637477,126.94223880448912,31.486909005625737,298.0,0.0138259060433763,UNet
f--11-_jpg.rf.3f002db831a7cff3ff47824394658d2d_bright0.5,30.66620343520575,63.06818685480484,16.238803686743836,766.0,0.0166572399125461,LinkNet
f--11-_jpg.rf.3f002db831a7cff3ff47824394658d2d_bright1.5,183.0671869649921,186.19212055660847,39.692846414933214,2414.0,0.0474645339048923,UNet
f--11-_jpg.rf.3f002db831a7cff3ff47824394658d2d_combo0,17751.307967993715,181.30509937783424,45.5960192846003,3108.0,0.3667536574152171,LinkNet
f--11-_jpg.rf.3f002db831a7cff3ff47824394658d2d_combo1,17626.146854984152,181.2385034945143,45.60925220350737,3123.0,0.3683545517991869,UNet
f--11-_jpg.rf.3f002db831a7cff3ff47824394658d2d_gamma0.5,171.76085013049877,66.98298222808776,37.407081550424536,1660.0,0.040392814498017,UNet
f--11-_jpg.rf.3f002db831a7cff3ff47824394658d2d_gamma2.0,56.04602219147356,178.03540821152976,22.41187283565919,1217.0,0.027264819022859,UNet
f--11-_jpg.rf.3f002db831a7cff3ff47824394658d2d_noise15,2115.792621308081,126.42384340342208,33.72818592644218,2893.0,0.177385051483308,LinkNet
f--11-_jpg.rf.3f002db831a7cff3ff47824394658d2d_noise50,21207.08357980073,126.25012320933016,44.63265476786204,3780.0,0.3707459704760676,UNet
f--134-_jpg.rf.9b0bb35a947fd0b393fbc6cd2e0e7fbc_blur5,21.02022715850681,29.46821860808187,34.4375379428173,1068.0,0.0225812106598397,LinkNet
f--134-_jpg.rf.9b0bb35a947fd0b393fbc6cd2e0e7fbc_blur9,5.994133995151952,29.467186626578155,33.61571228197383,334.0,0.0152051890146891,LinkNet
f--134-_jpg.rf.9b0bb35a947fd0b393fbc6cd2e0e7fbc_bright0.5,63.39634087448475,14.298451035454518,17.7026547346615,1100.0,0.0220552970089074,DeepLabV3Plus
f--134-_jpg.rf.9b0bb35a947fd0b393fbc6cd2e0e7fbc_bright1.5,477.48977980175374,42.90470709255749,49.30995008772654,3586.0,0.0824427531414244,DeepLabV3Plus
f--134-_jpg.rf.9b0bb35a947fd0b393fbc6cd2e0e7fbc_combo0,8643.631727174561,25.170075182498653,28.474770577253487,5322.0,0.3545749526181569,UNet
f--134-_jpg.rf.9b0bb35a947fd0b393fbc6cd2e0e7fbc_combo1,5.994133995151952,29.467186626578155,33.61571228197383,334.0,0.0152051890146891,LinkNet
f--134-_jpg.rf.9b0bb35a947fd0b393fbc6cd2e0e7fbc_gamma0.5,194.6769518750691,7.879238318267065,25.344929481461072,312.0,0.0267422130049515,LinkNet
f--134-_jpg.rf.9b0bb35a947fd0b393fbc6cd2e0e7fbc_gamma2.0,391.84315676615694,77.26924794347917,37.97946443777053,3916.0,0.130912807485835,LinkNet
f--134-_jpg.rf.9b0bb35a947fd0b393fbc6cd2e0e7fbc_noise15,1830.3976217891056,30.193572607506344,35.95611507361044,3695.0,0.133152075043578,LinkNet
f--134-_jpg.rf.9b0bb35a947fd0b393fbc6cd2e0e7fbc_noise50,12176.543391960278,39.97454445624167,39.490913906313565,5060.0,0.3608396095669978,LinkNet
f--135-_jpg.rf.da5d89174df74166cf10d84d786ac83e_blur5,19.7622307975556,29.73665618146998,34.520038896899266,1549.0,0.022306677118787,LinkNet
f--135-_jpg.rf.da5d89174df74166cf10d84d786ac83e_blur9,5.84479589749688,29.73461537189372,33.73452145389132,466.0,0.014580046373015,LinkNet
f--135-_jpg.rf.da5d89174df74166cf10d84d786ac83e_bright0.5,58.91231986943277,14.383682123235792,17.71278258778154,1171.0,0.0221512183666246,LinkNet
f--135-_jpg.rf.da5d89174df74166cf10d84d786ac83e_bright1.5,448.10040515988686,43.30846324062038,48.9741057432181,3681.0,0.0819763768849373,LinkNet
f--135-_jpg.rf.da5d89174df74166cf10d84d786ac83e_combo0,5.84479589749688,29.73461537189372,33.73452145389132,466.0,0.014580046373015,LinkNet
f--135-_jpg.rf.da5d89174df74166cf10d84d786ac83e_combo1,2019.368492732813,53.63899170114874,27.91104734626457,3048.0,0.1803685364716155,UNet
f--135-_jpg.rf.da5d89174df74166cf10d84d786ac83e_gamma0.5,177.62036134583886,7.962296291151089,25.74121410397828,328.0,0.0245062530802332,LinkNet
f--135-_jpg.rf.da5d89174df74166cf10d84d786ac83e_gamma2.0,377.309292131579,77.90083385428554,37.63522858466563,3999.0,0.1293052978358157,UNet
f--135-_jpg.rf.da5d89174df74166cf10d84d786ac83e_noise15,1821.9434618816845,30.408022994664787,35.99845149367531,3643.0,0.1357452593349673,LinkNet
f--135-_jpg.rf.da5d89174df74166cf10d84d786ac83e_noise50,12268.261768717744,40.26463048777664,39.642277006118654,5102.0,0.3633732564639418,LinkNet
f--137-_jpg.rf.66f2bb89726e9a6719c952be6104341d_blur5,19.30518998744605,27.92312068560617,33.383230236742754,947.0,0.0204477873588881,LinkNet
f--137-_jpg.rf.66f2bb89726e9a6719c952be6104341d_blur9,5.7911387900484765,27.91929375419656,32.61340498846568,381.0,0.0139284426671429,LinkNet
f--137-_jpg.rf.66f2bb89726e9a6719c952be6104341d_bright0.5,52.54122760515799,13.552602941808813,17.11741775840779,1048.0,0.0207024751017924,LinkNet
f--137-_jpg.rf.66f2bb89726e9a6719c952be6104341d_bright1.5,402.9574936898555,40.75998822482643,47.998410140064806,3433.0,0.0727513883789621,LinkNet
f--137-_jpg.rf.66f2bb89726e9a6719c952be6104341d_combo0,15.949769829589238,6.968878480870305,22.429427288175827,134.0,0.0170872322057612,LinkNet
f--137-_jpg.rf.66f2bb89726e9a6719c952be6104341d_combo1,1237.9953461555097,15.782056752367438,17.43666876451621,3771.0,0.040220817580731,UNet
f--137-_jpg.rf.66f2bb89726e9a6719c952be6104341d_gamma0.5,164.69461944026384,7.236776910075381,23.949449911343187,304.0,0.0246749423644945,LinkNet
f--137-_jpg.rf.66f2bb89726e9a6719c952be6104341d_gamma2.0,322.2503972331891,74.9105649106443,37.57222049636812,3932.0,0.1128299777396297,LinkNet
f--137-_jpg.rf.66f2bb89726e9a6719c952be6104341d_noise15,1750.6641676427275,28.739484207706123,34.7984245147358,3679.0,0.1170108258828899,LinkNet
f--137-_jpg.rf.66f2bb89726e9a6719c952be6104341d_noise50,11906.343023952824,38.87432648322534,38.49601101493512,5133.0,0.3612133720987924,UNet
f--138-_jpg.rf.072ce3b77221d1e986b6a16cdb665dd1_blur5,18.907733190096348,27.77829597361832,32.6086818911054,1339.0,0.0209869315419192,UNet
f--138-_jpg.rf.072ce3b77221d1e986b6a16cdb665dd1_blur9,5.894301190444158,27.776132781620145,31.807214386740725,365.0,0.0150497302625268,UNet
f--138-_jpg.rf.072ce3b77221d1e986b6a16cdb665dd1_bright0.5,50.24045163365064,13.471605624299196,16.74031499898153,936.0,0.0201401774875881,LinkNet
f--138-_jpg.rf.072ce3b77221d1e986b6a16cdb665dd1_bright1.5,383.2478568816537,40.62684938031495,47.1138466344786,3370.0,0.0652364461467729,UNet
f--138-_jpg.rf.072ce3b77221d1e986b6a16cdb665dd1_combo0,194.7685181595528,27.776139396886197,33.59770649927426,2514.0,0.039162375012817,UNet
f--138-_jpg.rf.072ce3b77221d1e986b6a16cdb665dd1_combo1,7821.134309734688,20.570159857904084,20.090366657659445,5541.0,0.3505958700894053,UNet
f--138-_jpg.rf.072ce3b77221d1e986b6a16cdb665dd1_gamma0.5,163.06398100516097,7.004832451849132,23.224124659398655,304.0,0.0240398768237461,LinkNet
f--138-_jpg.rf.072ce3b77221d1e986b6a16cdb665dd1_gamma2.0,282.0797168809529,75.11423902940817,36.74714304917575,3826.0,0.0942344648745911,UNet
f--138-_jpg.rf.072ce3b77221d1e986b6a16cdb665dd1_noise15,1761.323355981826,28.589433435539195,34.04702841019579,3602.0,0.1146789446004544,LinkNet
f--138-_jpg.rf.072ce3b77221d1e986b6a16cdb665dd1_noise50,11983.37718440539,38.71996586522719,38.04968274592783,5130.0,0.3616896712543537,LinkNet
f--144-_jpg.rf.ed5510c624dd84bd65e21483c4aa760d_blur5,11.917751724326443,17.823091247672252,26.288201909593205,703.0,0.0150761913267246,UNet
f--144-_jpg.rf.ed5510c624dd84bd65e21483c4aa760d_blur9,4.143514701561236,17.820352527527774,25.66404865803058,159.0,0.0114874094948913,LinkNet
f--144-_jpg.rf.ed5510c624dd84bd65e21483c4aa760d_bright0.5,23.89528293466817,8.311443417975662,13.539760333679608,419.0,0.0154863378217913,DeepLabV3Plus
f--144-_jpg.rf.ed5510c624dd84bd65e21483c4aa760d_bright1.5,179.33781459749687,26.10424997767348,37.96470562490935,2818.0,0.0320377334775461,UNet
f--144-_jpg.rf.ed5510c624dd84bd65e21483c4aa760d_combo0,23.89528293466817,8.311443417975662,13.539760333679608,419.0,0.0154863378217913,DeepLabV3Plus
f--144-_jpg.rf.ed5510c624dd84bd65e21483c4aa760d_combo1,17193.41937680012,62.53318713595364,41.59265300313435,4401.0,0.3685430868815966,LinkNet
f--144-_jpg.rf.ed5510c624dd84bd65e21483c4aa760d_gamma0.5,76.41389302554961,3.8385808931270695,17.189683955130363,169.0,0.0165348574906311,UNet
f--144-_jpg.rf.ed5510c624dd84bd65e21483c4aa760d_gamma2.0,189.2176937963872,58.39176928598126,32.6621544708124,3718.0,0.0662121978890686,UNet
f--144-_jpg.rf.ed5510c624dd84bd65e21483c4aa760d_noise15,1422.2205359632685,19.66587945000678,27.367118710167453,3693.0,0.0553168547056041,UNet
f--144-_jpg.rf.ed5510c624dd84bd65e21483c4aa760d_noise50,10552.67200424072,31.533954506815377,32.3710816298421,5273.0,0.3587756465595655,LinkNet
f--147-_jpg.rf.021b9250b139c3ff578d10b64dfeff95_blur5,12.42531178110489,18.49931697378039,26.54504985454197,767.0,0.0157046416014236,LinkNet
f--147-_jpg.rf.021b9250b139c3ff578d10b64dfeff95_blur9,4.058138241508276,18.496789942149498,25.93652317965744,169.0,0.0102933539729634,DeepLabV3Plus
f--147-_jpg.rf.021b9250b139c3ff578d10b64dfeff95_bright0.5,32.44196582809488,8.66687835518025,13.681474136649772,479.0,0.015539259950187,LinkNet
f--147-_jpg.rf.021b9250b139c3ff578d10b64dfeff95_bright1.5,248.4343682695524,27.1978328388422,38.65757661128501,2934.0,0.0364468082995127,UNet
f--147-_jpg.rf.021b9250b139c3ff578d10b64dfeff95_combo0,255.9895699057596,59.702776096397656,33.000992097586135,3780.0,0.0868022134680201,UNet
f--147-_jpg.rf.021b9250b139c3ff578d10b64dfeff95_combo1,11.088684074599296,8.065067756862511,29.04602392223539,105.0,0.0114477178985945,LinkNet
f--147-_jpg.rf.021b9250b139c3ff578d10b64dfeff95_gamma0.5,90.844261699682,3.984206052306909,17.0378701602458,223.0,0.0173419199486655,LinkNet
f--147-_jpg.rf.021b9250b139c3ff578d10b64dfeff95_gamma2.0,255.9895699057596,59.702776096397656,33.000992097586135,3780.0,0.0868022134680201,UNet
f--147-_jpg.rf.021b9250b139c3ff578d10b64dfeff95_noise15,1473.6847569605036,20.272939261934766,27.6570670032669,3729.0,0.061740278039632,LinkNet
f--147-_jpg.rf.021b9250b139c3ff578d10b64dfeff95_noise50,10670.078450885749,31.93397302956032,32.608898165540495,5223.0,0.3589211824126537,LinkNet
f--148-_jpg.rf.77f505d8bb4a9f89dfa8a596bf881709_blur5,17.45661197403446,20.229063509861707,29.01296842035922,570.0,0.021297849046244,UNet
f--148-_jpg.rf.77f505d8bb4a9f89dfa8a596bf881709_blur9,5.248968822254577,20.224161597719057,28.25669266553568,151.0,0.0149505012717848,LinkNet
f--148-_jpg.rf.77f505d8bb4a9f89dfa8a596bf881709_bright0.5,45.31220955370591,9.559797043637602,15.024038994804,523.0,0.0219329145869924,LinkNet
f--148-_jpg.rf.77f505d8bb4a9f89dfa8a596bf881709_bright1.5,349.75383128107813,29.60725165464342,42.10031690899906,2824.0,0.044884580145602,DeepLabV3Plus
f--148-_jpg.rf.77f505d8bb4a9f89dfa8a596bf881709_combo0,1.0234808805408755,1.030734526065802,4.295323781391314,101.0,0.0023715728787322,UNet
f--148-_jpg.rf.77f505d8bb4a9f89dfa8a596bf881709_combo1,176.69453880386615,20.235331474443573,29.988835467951347,1830.0,0.0325338784312558,DeepLabV3Plus
f--148-_jpg.rf.77f505d8bb4a9f89dfa8a596bf881709_gamma0.5,144.53174986398784,4.839235804465966,19.167281197805984,222.0,0.0231600464391676,DeepLabV3Plus
f--148-_jpg.rf.77f505d8bb4a9f89dfa8a596bf881709_gamma2.0,310.8504443519347,61.76957043769908,35.64089002042909,3676.0,0.0945222289477427,UNet
f--148-_jpg.rf.77f505d8bb4a9f89dfa8a596bf881709_noise15,1540.2788033753782,21.935074471357552,30.24637176764047,3796.0,0.0682662379974266,UNet
f--148-_jpg.rf.77f505d8bb4a9f89dfa8a596bf881709_noise50,10982.59042034761,33.404321753310114,34.52589721344267,5243.0,0.3595132487240806,LinkNet
f--149-_jpg.rf.794975c6f460b59c78e3dcc5f0de69c8_blur5,16.159536432757843,19.19958919197833,27.874400256915973,444.0,0.0198887973777085,DeepLabV3Plus
f--149-_jpg.rf.794975c6f460b59c78e3dcc5f0de69c8_blur9,4.890046697946947,19.197323463356387,27.160362714402478,129.0,0.0139416731992418,LinkNet
f--149-_jpg.rf.794975c6f460b59c78e3dcc5f0de69c8_bright0.5,43.06262156014352,8.982869768564917,14.440493511594228,479.0,0.020669398771545,LinkNet
f--149-_jpg.rf.794975c6f460b59c78e3dcc5f0de69c8_bright1.5,327.87310143246293,28.101660101015117,40.673000282973945,1536.0,0.041451257065931,UNet
f--149-_jpg.rf.794975c6f460b59c78e3dcc5f0de69c8_combo0,441.7685752747675,72.3123596323235,42.488528874683645,3705.0,0.1374983048380748,UNet
f--149-_jpg.rf.794975c6f460b59c78e3dcc5f0de69c8_combo1,168.55412913252013,19.20138523671076,28.81115725399266,1730.0,0.0321435777343375,DeepLabV3Plus
f--149-_jpg.rf.794975c6f460b59c78e3dcc5f0de69c8_gamma0.5,136.1030724097281,4.419626171315545,17.787884520100768,247.0,0.021605458917544,LinkNet
f--149-_jpg.rf.794975c6f460b59c78e3dcc5f0de69c8_gamma2.0,295.50316856533806,59.865591024407024,35.19758148826016,3634.0,0.0884626452464352,UNet
f--149-_jpg.rf.794975c6f460b59c78e3dcc5f0de69c8_noise15,1508.0190698974443,21.065613516311597,29.048266127853555,3696.0,0.0648461454498546,LinkNet
f--149-_jpg.rf.794975c6f460b59c78e3dcc5f0de69c8_noise50,10753.821142849269,32.669921377563,33.48916672343952,5241.0,0.360171467696002,LinkNet
f--15-_jpg.rf.f9cc0c09bcf07409978fc11d674e94b0_blur5,11.176577977822268,121.20471933079968,31.878060432355745,774.0,0.0221545259996493,LinkNet
f--15-_jpg.rf.f9cc0c09bcf07409978fc11d674e94b0_blur9,4.172555866557837,121.20324081883764,31.407335078532,305.0,0.01316437943843,LinkNet
f--15-_jpg.rf.f9cc0c09bcf07409978fc11d674e94b0_bright0.5,32.040647502142455,60.129887441248165,16.223013845421207,738.0,0.018307748791887,LinkNet
f--15-_jpg.rf.f9cc0c09bcf07409978fc11d674e94b0_bright1.5,191.12987698400727,177.75373679840968,39.57120640100676,2483.0,0.0496012648388686,UNet
f--15-_jpg.rf.f9cc0c09bcf07409978fc11d674e94b0_combo0,2050.480124498846,173.2080501172556,24.497189221319434,2807.0,0.1603408185068683,UNet
f--15-_jpg.rf.f9cc0c09bcf07409978fc11d674e94b0_combo1,32.040647502142455,60.129887441248165,16.223013845421207,738.0,0.018307748791887,LinkNet
f--15-_jpg.rf.f9cc0c09bcf07409978fc11d674e94b0_gamma0.5,174.18044452341366,61.32929802104316,36.90094710780721,1561.0,0.0405978877455504,LinkNet
f--15-_jpg.rf.f9cc0c09bcf07409978fc11d674e94b0_gamma2.0,59.56281017899137,173.74227254234597,22.65517506494119,1195.0,0.0297190827272095,UNet
f--15-_jpg.rf.f9cc0c09bcf07409978fc11d674e94b0_noise15,2117.3734860683608,120.62383612662944,33.67228619632021,3025.0,0.1798194693895101,UNet
f--15-_jpg.rf.f9cc0c09bcf07409978fc11d674e94b0_noise50,21057.741789391337,120.54521368963157,44.54256344809021,3734.0,0.3701439812655665,UNet
f--150-_jpg.rf.6b705da474117512fe933182304b2722_blur5,17.420442567814614,19.71290737635241,29.451945435736093,778.0,0.0215359986240246,LinkNet
f--150-_jpg.rf.6b705da474117512fe933182304b2722_blur9,5.280348298370211,19.710380344721514,28.724835699206537,187.0,0.0150232691983289,LinkNet
f--150-_jpg.rf.6b705da474117512fe933182304b2722_bright0.5,44.68990439794887,9.260046108404364,15.2385376163086,519.0,0.0214003856700106,LinkNet
f--150-_jpg.rf.6b705da474117512fe933182304b2722_bright1.5,336.39321238118026,28.803089990771703,42.55109823759796,2885.0,0.0445736626412772,LinkNet
f--150-_jpg.rf.6b705da474117512fe933182304b2722_combo0,8410.132638061381,23.1722350668638,25.836991697903738,5480.0,0.3516013905289236,UNet
f--150-_jpg.rf.6b705da474117512fe933182304b2722_combo1,804.3271756211288,9.630381932385363,17.90894773629184,4134.0,0.0259616116111149,LinkNet
f--150-_jpg.rf.6b705da474117512fe933182304b2722_gamma0.5,149.58817547275,4.877081741534941,19.59615206471422,240.0,0.0229285121274364,DeepLabV3Plus
f--150-_jpg.rf.6b705da474117512fe933182304b2722_gamma2.0,310.80965301552703,60.414343881375046,36.13006586891228,3720.0,0.0948364540850921,LinkNet
f--150-_jpg.rf.6b705da474117512fe933182304b2722_noise15,1517.127486825045,21.546083597117068,30.552830172199744,3700.0,0.0633014808273051,LinkNet
f--150-_jpg.rf.6b705da474117512fe933182304b2722_noise50,10823.572236193231,33.062739183213104,34.696078096767444,5286.0,0.3599730097145182,UNet
f--158-_jpg.rf.8b6f5b9b1304213ced02bd17ac1a8a76_blur5,16.659944571721155,19.816694285402424,28.30978900537918,599.0,0.0194191134881967,LinkNet
f--158-_jpg.rf.8b6f5b9b1304213ced02bd17ac1a8a76_blur9,5.072562820201733,19.813786875973683,27.5772332567706,172.0,0.0139549037313408,LinkNet
f--158-_jpg.rf.8b6f5b9b1304213ced02bd17ac1a8a76_bright0.5,42.90829236489431,9.382428530319418,14.636457570423598,558.0,0.0208083193585838,LinkNet
f--158-_jpg.rf.8b6f5b9b1304213ced02bd17ac1a8a76_bright1.5,324.37397678511843,29.106323863579984,41.1730568847298,2900.0,0.0443983580909665,LinkNet
f--158-_jpg.rf.8b6f5b9b1304213ced02bd17ac1a8a76_combo0,17387.850652093257,65.10585748732349,43.37433370567107,4432.0,0.3690756157985784,UNet
f--158-_jpg.rf.8b6f5b9b1304213ced02bd17ac1a8a76_combo1,18464.07612769591,76.16003651626859,49.62905810804581,4342.0,0.3707360475769934,LinkNet
f--158-_jpg.rf.8b6f5b9b1304213ced02bd17ac1a8a76_gamma0.5,138.86488892098228,4.608042178936332,18.263281242205547,270.0,0.0213110795783429,LinkNet
f--158-_jpg.rf.8b6f5b9b1304213ced02bd17ac1a8a76_gamma2.0,298.2976640138079,61.23933040277047,35.22858962071344,3729.0,0.093533246673348,LinkNet
f--158-_jpg.rf.8b6f5b9b1304213ced02bd17ac1a8a76_noise15,1516.6662678102423,21.591811623683977,29.45200125559281,3696.0,0.0708759604539395,LinkNet
f--158-_jpg.rf.8b6f5b9b1304213ced02bd17ac1a8a76_noise50,10852.503176552764,33.08854864370508,33.826872585621324,5153.0,0.359470249494759,LinkNet
f--163-_jpg.rf.d94bb6ab9a006caa6f49daeac1d3c1db_blur5,13.58291078136549,18.81333703788232,25.73258254767911,875.0,0.0171864611965031,LinkNet
f--163-_jpg.rf.d94bb6ab9a006caa6f49daeac1d3c1db_blur9,4.21171497307157,18.808011748712502,25.07113101557906,190.0,0.011725559072672,LinkNet
f--163-_jpg.rf.d94bb6ab9a006caa6f49daeac1d3c1db_bright0.5,38.97772306637167,8.78677674469373,13.31671569678026,526.0,0.0169813879489698,LinkNet
f--163-_jpg.rf.d94bb6ab9a006caa6f49daeac1d3c1db_bright1.5,302.8788082878902,27.71710145502777,38.312244073975386,2934.0,0.0432671475965084,LinkNet
f--163-_jpg.rf.d94bb6ab9a006caa6f49daeac1d3c1db_combo0,12.371357747788528,61.27828770453576,31.211947206028725,1284.0,0.0121820124300849,LinkNet
f--163-_jpg.rf.d94bb6ab9a006caa6f49daeac1d3c1db_combo1,9.999861012851348,7.968494795439436,27.14769408381085,79.0,0.0123672398794698,LinkNet
f--163-_jpg.rf.d94bb6ab9a006caa6f49daeac1d3c1db_gamma0.5,108.8659051171651,3.857328557111245,15.59544941672543,179.0,0.0183606709202827,LinkNet
f--163-_jpg.rf.d94bb6ab9a006caa6f49daeac1d3c1db_gamma2.0,301.2861527359353,60.53002173114897,32.63371426980789,3727.0,0.096609345386348,UNet
f--163-_jpg.rf.d94bb6ab9a006caa6f49daeac1d3c1db_noise15,1523.8751406386198,20.50937217817557,27.040954872839293,3677.0,0.0661625833936976,LinkNet
f--163-_jpg.rf.d94bb6ab9a006caa6f49daeac1d3c1db_noise50,10765.02926913359,32.145952614849286,32.21218363422925,5274.0,0.3607370729432311,UNet
f--166-_jpg.rf.cf337eb20d9cf6095fab46139cb62218_blur5,15.189020803436092,18.94301609824993,26.76376030045394,750.0,0.0178909870307709,UNet
f--166-_jpg.rf.cf337eb20d9cf6095fab46139cb62218_blur9,4.6430897401346245,18.938828634840625,26.049138748546792,154.0,0.0125855436591021,UNet
f--166-_jpg.rf.cf337eb20d9cf6095fab46139cb62218_bright0.5,40.66282168311059,8.86453258183911,13.857666756398032,445.0,0.0179240633610182,LinkNet
f--166-_jpg.rf.cf337eb20d9cf6095fab46139cb62218_bright1.5,307.786519716518,27.85198342214328,39.38456893103535,2744.0,0.0406673480390697,LinkNet
f--166-_jpg.rf.cf337eb20d9cf6095fab46139cb62218_combo0,11.390350174176817,27.95150348459139,37.79301013719292,436.0,0.0157840247940171,UNet
f--166-_jpg.rf.cf337eb20d9cf6095fab46139cb62218_combo1,132.2872206627783,4.108883971541125,16.920578342079647,159.0,0.018565744167816,LinkNet
f--166-_jpg.rf.cf337eb20d9cf6095fab46139cb62218_gamma0.5,132.2872206627783,4.108883971541125,16.920578342079647,159.0,0.018565744167816,LinkNet
f--166-_jpg.rf.cf337eb20d9cf6095fab46139cb62218_gamma2.0,283.1687262302129,60.35065871511688,33.51104395421357,3590.0,0.086815444000119,UNet
f--166-_jpg.rf.cf337eb20d9cf6095fab46139cb62218_noise15,1508.6014948247696,20.679159596601075,28.014844294433686,3709.0,0.0624580344059987,LinkNet
f--166-_jpg.rf.cf337eb20d9cf6095fab46139cb62218_noise50,10728.931335821622,32.299827010792804,32.81509413422785,5271.0,0.3590303343024698,LinkNet
f--169-_jpg.rf.85d55df7c3bff552202ff707c505604a_blur5,15.65426735314793,18.93174037726862,27.698608211938613,712.0,0.0184400541128762,LinkNet
f--169-_jpg.rf.85d55df7c3bff552202ff707c505604a_blur9,4.816676489951428,18.92724199635499,26.979750154232267,153.0,0.0135447572362741,LinkNet
f--169-_jpg.rf.85d55df7c3bff552202ff707c505604a_bright0.5,39.69822357288432,8.886620955178264,14.325797017087064,426.0,0.0188204319107203,UNet
f--169-_jpg.rf.85d55df7c3bff552202ff707c505604a_bright1.5,297.74989350231743,27.716439928422822,40.21651405678647,2766.0,0.039691596296774,LinkNet
f--169-_jpg.rf.85d55df7c3bff552202ff707c505604a_combo0,2016.1062904128128,59.88743463290235,34.63805381186943,2768.0,0.1582107028389414,LinkNet
f--169-_jpg.rf.85d55df7c3bff552202ff707c505604a_combo1,29.05558388866515,60.15005738743298,33.72204311933176,1678.0,0.0212316963857493,UNet
f--169-_jpg.rf.85d55df7c3bff552202ff707c505604a_gamma0.5,136.11945032875067,4.311516185902207,17.97545423368642,183.0,0.0192967310662816,UNet
f--169-_jpg.rf.85d55df7c3bff552202ff707c505604a_gamma2.0,281.11984416689546,59.63913723700183,34.58698698378777,3554.0,0.090285151043062,LinkNet
f--169-_jpg.rf.85d55df7c3bff552202ff707c505604a_noise15,1484.5969899478189,20.71285776185704,28.864220856876024,3642.0,0.0588791754732395,UNet
f--169-_jpg.rf.85d55df7c3bff552202ff707c505604a_noise50,10746.739183332527,32.434887590091655,33.36826118473622,5261.0,0.3576907429274537,UNet
f--182-_jpg.rf.3168edb7cf7f6a2d8073fbc0ccb784e1_blur5,14.52958788716578,20.359688553274392,27.290526875230867,1028.0,0.0198623363135106,DeepLabV3Plus
f--182-_jpg.rf.3168edb7cf7f6a2d8073fbc0ccb784e1_blur9,4.495317818592607,20.354538568654885,26.60750871954353,214.0,0.0123837780445935,DeepLabV3Plus
f--182-_jpg.rf.3168edb7cf7f6a2d8073fbc0ccb784e1_bright0.5,42.13962814043084,9.600222934465869,14.1119045453199,643.0,0.0190354280573278,DeepLabV3Plus
f--182-_jpg.rf.3168edb7cf7f6a2d8073fbc0ccb784e1_bright1.5,321.24587658057783,29.9667649033675,40.20116180221912,3222.0,0.0473421514829772,DeepLabV3Plus
f--182-_jpg.rf.3168edb7cf7f6a2d8073fbc0ccb784e1_combo0,2466.824602294512,75.96284205060017,41.7475105211508,3995.0,0.307166648474685,LinkNet
f--182-_jpg.rf.3168edb7cf7f6a2d8073fbc0ccb784e1_combo1,4.495317818592607,20.354538568654885,26.60750871954353,214.0,0.0123837780445935,DeepLabV3Plus
f--182-_jpg.rf.3168edb7cf7f6a2d8073fbc0ccb784e1_gamma0.5,127.12764814295872,4.42866924000516,17.396917061043595,225.0,0.0203121744048741,LinkNet
f--182-_jpg.rf.3168edb7cf7f6a2d8073fbc0ccb784e1_gamma2.0,316.79308424853724,63.19570933844032,33.62810722530147,3910.0,0.1087119746238394,DeepLabV3Plus
f--182-_jpg.rf.3168edb7cf7f6a2d8073fbc0ccb784e1_noise15,1559.0641819273224,21.871994601942905,28.593788459831927,3796.0,0.0749708101385567,LinkNet
f--182-_jpg.rf.3168edb7cf7f6a2d8073fbc0ccb784e1_noise50,10975.05551601293,33.22315607727954,33.411006512509275,5273.0,0.3587558007614171,LinkNet
f--196-_jpg.rf.09ae3f755b81acd5075c587a15b7feed_blur5,14.5143376482464,20.13442882139113,28.003385898581413,889.0,0.0177686046088558,UNet
f--196-_jpg.rf.09ae3f755b81acd5075c587a15b7feed_blur9,4.62525799281997,20.129242452808345,27.327635098279067,211.0,0.0132338397319494,LinkNet
f--196-_jpg.rf.09ae3f755b81acd5075c587a15b7feed_bright0.5,40.553273342890826,9.475905547231346,14.468534275862318,600.0,0.0179306786270676,LinkNet
f--196-_jpg.rf.09ae3f755b81acd5075c587a15b7feed_bright1.5,314.8546211384848,29.621851546814582,41.237725115624805,3116.0,0.04755383999656,UNet
f--196-_jpg.rf.09ae3f755b81acd5075c587a15b7feed_combo0,12039.572703934187,40.56914772219852,43.6745225043214,5026.0,0.3622585841346074,LinkNet
f--196-_jpg.rf.09ae3f755b81acd5075c587a15b7feed_combo1,719.4595622354781,6.429982370315978,6.874600885789436,4228.0,0.0061158134627279,UNet
f--196-_jpg.rf.09ae3f755b81acd5075c587a15b7feed_gamma0.5,114.4008939402608,4.566359387558669,17.71403621739728,214.0,0.0198061065520902,LinkNet
f--196-_jpg.rf.09ae3f755b81acd5075c587a15b7feed_gamma2.0,326.59199656489875,62.1316834859806,34.662476282442285,3894.0,0.1046799699666921,LinkNet
f--196-_jpg.rf.09ae3f755b81acd5075c587a15b7feed_noise15,1530.300477570278,21.786353367666564,29.20403742874927,3676.0,0.0720038633153728,LinkNet
f--196-_jpg.rf.09ae3f755b81acd5075c587a15b7feed_noise50,10981.602565076671,33.23270521382194,33.80582634441099,5285.0,0.3592883296783988,LinkNet
f--200-_jpg.rf.645677c4f2c27c0ee1428f8f4eb21ab0_blur5,14.321766326213298,19.80893127069338,27.615043842500672,945.0,0.018221750333244,UNet
f--200-_jpg.rf.645677c4f2c27c0ee1428f8f4eb21ab0_blur9,4.524815466179469,19.802825380129725,26.95828627368126,231.0,0.0117751735680429,DeepLabV3Plus
f--200-_jpg.rf.645677c4f2c27c0ee1428f8f4eb21ab0_bright0.5,39.72483417632533,9.269856547955715,14.273626252679836,608.0,0.0183408251221343,LinkNet
f--200-_jpg.rf.645677c4f2c27c0ee1428f8f4eb21ab0_bright1.5,305.44174769094906,29.10613532849757,40.763130978975546,3137.0,0.0478217582715632,UNet
f--200-_jpg.rf.645677c4f2c27c0ee1428f8f4eb21ab0_combo0,1524.272012989136,21.45555368123017,28.82325985513932,3739.0,0.0741042102860771,LinkNet
f--200-_jpg.rf.645677c4f2c27c0ee1428f8f4eb21ab0_combo1,1154.605310044475,14.07528172764288,32.02953813471707,3955.0,0.0336419354945407,LinkNet
f--200-_jpg.rf.645677c4f2c27c0ee1428f8f4eb21ab0_gamma0.5,115.87246898954167,4.428073866060708,17.35732474019294,223.0,0.0197201080934472,LinkNet
f--200-_jpg.rf.645677c4f2c27c0ee1428f8f4eb21ab0_gamma2.0,312.865120488903,61.62218892538311,34.34583422704481,3916.0,0.103991982297548,UNet
f--200-_jpg.rf.645677c4f2c27c0ee1428f8f4eb21ab0_noise15,1518.4713960502547,21.4490971815659,28.82897227928811,3816.0,0.0720336320125954,LinkNet
f--200-_jpg.rf.645677c4f2c27c0ee1428f8f4eb21ab0_noise50,10897.593404134785,32.975199367580565,33.53125495773727,5300.0,0.3591394861922859,LinkNet
f--28-_jpg.rf.de4fc5ebba3bbc0baea64e669225c7c5_blur5,8.801524694565115,98.05032232883826,31.397974042916417,681.0,0.0168854665912526,UNet
f--28-_jpg.rf.de4fc5ebba3bbc0baea64e669225c7c5_blur9,3.615308840341998,98.04675339280458,31.05532431140608,256.0,0.0067508790034763,LinkNet
f--28-_jpg.rf.de4fc5ebba3bbc0baea64e669225c7c5_bright0.5,20.895153464178318,48.55884444532648,15.887583807150795,626.0,0.0107233462661784,UNet
f--28-_jpg.rf.de4fc5ebba3bbc0baea64e669225c7c5_bright1.5,130.4794176867343,144.020996854441,39.24358096158476,2522.0,0.0451392678885063,UNet
f--28-_jpg.rf.de4fc5ebba3bbc0baea64e669225c7c5_combo0,16142.825268869252,52.96937793345704,31.6684927495515,4585.0,0.3663832025164472,UNet
f--28-_jpg.rf.de4fc5ebba3bbc0baea64e669225c7c5_combo1,2025.0625539407863,47.99635168077372,18.76314872495901,2732.0,0.1248234550873049,LinkNet
f--28-_jpg.rf.de4fc5ebba3bbc0baea64e669225c7c5_gamma0.5,104.10748129872674,41.20371050272714,33.3672643129767,998.0,0.0251214728228332,LinkNet
f--28-_jpg.rf.de4fc5ebba3bbc0baea64e669225c7c5_gamma2.0,42.14942060038176,155.72702435410196,23.66739509824386,1223.0,0.0252405476117235,UNet
f--28-_jpg.rf.de4fc5ebba3bbc0baea64e669225c7c5_noise15,2074.2173001843594,97.41726782896892,33.12818614531517,2950.0,0.1695790375449424,UNet
f--28-_jpg.rf.de4fc5ebba3bbc0baea64e669225c7c5_noise50,20592.897875044702,98.14859872126908,43.79618678310045,3941.0,0.3696742973760547,UNet
f--46-_jpg.rf.56f235e94be31d30b971fa58c20b7b50_blur5,19.80507108649522,28.578316480943077,34.717656105691844,1375.0,0.0256540017398149,UNet
f--46-_jpg.rf.56f235e94be31d30b971fa58c20b7b50_blur9,5.915450265322892,28.5752172287989,33.93453711068924,403.0,0.0177024519483612,UNet
f--46-_jpg.rf.56f235e94be31d30b971fa58c20b7b50_bright0.5,59.69346581166681,13.820868518279632,17.857949032045486,1091.0,0.0257201544003095,LinkNet
f--46-_jpg.rf.56f235e94be31d30b971fa58c20b7b50_bright1.5,458.7392257652931,41.74646662102133,48.92851879784888,3480.0,0.0850491679649126,LinkNet
f--46-_jpg.rf.56f235e94be31d30b971fa58c20b7b50_combo0,2380.3254579409577,75.30617105093424,39.34488941415934,3878.0,0.2946439498430528,LinkNet
f--46-_jpg.rf.56f235e94be31d30b971fa58c20b7b50_combo1,1787.4180149939828,29.40501635624531,36.06349443947895,3616.0,0.1270362615808501,LinkNet
f--46-_jpg.rf.56f235e94be31d30b971fa58c20b7b50_gamma0.5,178.0005447523491,7.850683522364561,25.66608340446239,329.0,0.026785212234273,LinkNet
f--46-_jpg.rf.56f235e94be31d30b971fa58c20b7b50_gamma2.0,378.5568916949604,75.89936526522256,38.119025697941645,3952.0,0.1264078113061512,UNet
f--46-_jpg.rf.56f235e94be31d30b971fa58c20b7b50_noise15,1795.552460991487,29.386850835673485,36.099796574352325,3590.0,0.1220152746493082,LinkNet
f--46-_jpg.rf.56f235e94be31d30b971fa58c20b7b50_noise50,12177.26631320296,39.50511525447275,39.453633102486165,5146.0,0.3613423697867569,LinkNet
f--5-_jpg.rf.3f432ceb94aa0081a348c99e6f38463f_blur5,13.047656216441402,116.40065358828568,32.34307975713873,975.0,0.0232129685675633,LinkNet
f--5-_jpg.rf.3f432ceb94aa0081a348c99e6f38463f_blur9,4.534910378450317,116.39828201540696,31.86669288004612,276.0,0.0126616192186709,UNet
f--5-_jpg.rf.3f432ceb94aa0081a348c99e6f38463f_bright0.5,39.35220982406116,57.75366072285012,16.512953909107654,822.0,0.0186418197273848,LinkNet
f--5-_jpg.rf.3f432ceb94aa0081a348c99e6f38463f_bright1.5,236.2560460344716,171.34048774356583,41.89924670868688,3173.0,0.0593819356929987,UNet
f--5-_jpg.rf.3f432ceb94aa0081a348c99e6f38463f_combo0,16623.597680807496,60.98184109469423,41.73065500043027,4449.0,0.3670877283507149,UNet
f--5-_jpg.rf.3f432ceb94aa0081a348c99e6f38463f_combo1,236.2560460344716,171.34048774356583,41.89924670868688,3173.0,0.0593819356929987,UNet
f--5-_jpg.rf.3f432ceb94aa0081a348c99e6f38463f_gamma0.5,214.32315507363563,57.06655619172364,35.63733097146947,1773.0,0.0415670242217966,LinkNet
f--5-_jpg.rf.3f432ceb94aa0081a348c99e6f38463f_gamma2.0,75.73211092994426,170.18668611554884,23.679212588283484,1510.0,0.033896623237445,UNet
f--5-_jpg.rf.3f432ceb94aa0081a348c99e6f38463f_noise15,2147.199966258194,115.88841038464464,34.23526321313326,3046.0,0.1908537331600133,LinkNet
f--5-_jpg.rf.3f432ceb94aa0081a348c99e6f38463f_noise50,21089.27132761125,116.01294938329184,45.09263727503543,3814.0,0.3699422156510579,UNet
f--63-_jpg.rf.63d2d0ffb809747cd6893cea91ba90e5_blur5,24.19099434814711,30.545408839980023,34.77716618714036,1228.0,0.0272681266558837,UNet
f--63-_jpg.rf.63d2d0ffb809747cd6893cea91ba90e5_blur9,6.771531417669185,30.540748385048172,33.90905225328761,371.0,0.0191148112499214,LinkNet
f--63-_jpg.rf.63d2d0ffb809747cd6893cea91ba90e5_bright0.5,78.37904962608546,14.769140445405863,17.975800610583097,1134.0,0.0288855592049773,LinkNet
f--63-_jpg.rf.63d2d0ffb809747cd6893cea91ba90e5_bright1.5,601.4038616467004,44.81131276647118,50.11333481425513,3680.0,0.0944494610211986,UNet
f--63-_jpg.rf.63d2d0ffb809747cd6893cea91ba90e5_combo0,307.0968723279273,30.54744634192325,35.967329289168184,2900.0,0.052439213974088,UNet
f--63-_jpg.rf.63d2d0ffb809747cd6893cea91ba90e5_combo1,601.4038616467004,44.81131276647118,50.11333481425513,3680.0,0.0944494610211986,UNet
f--63-_jpg.rf.63d2d0ffb809747cd6893cea91ba90e5_gamma0.5,248.03079518358584,8.380043726908587,25.319532371970933,281.0,0.0290145568929418,LinkNet
f--63-_jpg.rf.63d2d0ffb809747cd6893cea91ba90e5_gamma2.0,444.9542060036529,79.2374615901115,37.837716468699455,3950.0,0.1327286980164125,UNet
f--63-_jpg.rf.63d2d0ffb809747cd6893cea91ba90e5_noise15,1924.7507394992608,31.15609712533614,36.47185168107232,3629.0,0.1402436402486017,LinkNet
f--63-_jpg.rf.63d2d0ffb809747cd6893cea91ba90e5_noise50,12511.11738635022,40.93954969884001,40.05128997191237,5116.0,0.362632346666402,LinkNet
f--69-_jpg.rf.f64befeb75667b0721e71c38d792398f_blur5,17.76255360018094,24.556499333511944,29.67185406774217,1144.0,0.0202691751755526,UNet
f--69-_jpg.rf.f64befeb75667b0721e71c38d792398f_blur9,5.236918262086848,24.55488190096285,28.90432223881036,289.0,0.0148413493819687,LinkNet
f--69-_jpg.rf.f64befeb75667b0721e71c38d792398f_bright0.5,53.14555362868227,11.755810684316195,15.329888098210814,776.0,0.0206263995422235,LinkNet
f--69-_jpg.rf.f64befeb75667b0721e71c38d792398f_bright1.5,403.0889594790757,36.21517806642389,43.6553854583424,3327.0,0.0608869087192514,LinkNet
f--69-_jpg.rf.f64befeb75667b0721e71c38d792398f_combo0,963.181422795198,16.11208245267604,34.09320838757774,3855.0,0.0301226139562267,LinkNet
f--69-_jpg.rf.f64befeb75667b0721e71c38d792398f_combo1,1724.7522190960217,25.590141269006487,31.185545981467666,3641.0,0.0975850971286437,LinkNet
f--69-_jpg.rf.f64befeb75667b0721e71c38d792398f_gamma0.5,169.701564435121,5.721543606179981,19.600507521874416,227.0,0.0218204550641515,LinkNet
f--69-_jpg.rf.f64befeb75667b0721e71c38d792398f_gamma2.0,314.69519442292,70.56593270289848,34.73774152468994,3854.0,0.0985575412379147,UNet
f--69-_jpg.rf.f64befeb75667b0721e71c38d792398f_noise15,1726.3726197898618,25.585722271285444,31.188819389134316,3583.0,0.0978133238073502,LinkNet
f--69-_jpg.rf.f64befeb75667b0721e71c38d792398f_noise50,11740.135363130312,36.335724752010215,35.703786332454484,5275.0,0.3617194399515762,LinkNet
f--76-_jpg.rf.bb8558129ef69b8ac4cbd84c63003c9d_blur5,23.387332379083382,30.217162646238727,33.64115440551485,1390.0,0.0256738475379633,UNet
f--76-_jpg.rf.bb8558129ef69b8ac4cbd84c63003c9d_blur9,6.398152097628303,30.215154912992716,32.78581230681203,469.0,0.0172823825542203,UNet
f--76-_jpg.rf.bb8558129ef69b8ac4cbd84c63003c9d_bright0.5,86.83207309781623,14.652992911742428,17.407711024306085,1365.0,0.0266462916472343,LinkNet
f--76-_jpg.rf.bb8558129ef69b8ac4cbd84c63003c9d_bright1.5,673.8474534731916,44.40439452123666,48.642781620246126,3900.0,0.1177947349097512,UNet
f--76-_jpg.rf.bb8558129ef69b8ac4cbd84c63003c9d_combo0,237.3919548627697,8.010587733312164,24.306210540908637,378.0,0.0265900618858138,LinkNet
f--76-_jpg.rf.bb8558129ef69b8ac4cbd84c63003c9d_combo1,15.057727904748084,1.7509220027056438,5.975645928825351,233.0,0.0077861681402171,LinkNet
f--76-_jpg.rf.bb8558129ef69b8ac4cbd84c63003c9d_gamma0.5,237.3919548627697,8.010587733312164,24.306210540908637,378.0,0.0265900618858138,LinkNet
f--76-_jpg.rf.bb8558129ef69b8ac4cbd84c63003c9d_gamma2.0,583.1464191755615,79.00325801852937,37.26963406771331,4064.0,0.1674753829412134,UNet
f--76-_jpg.rf.bb8558129ef69b8ac4cbd84c63003c9d_noise15,1951.9795555745493,30.9166244943456,35.379911707087004,3714.0,0.1566329618861446,LinkNet
f--76-_jpg.rf.bb8558129ef69b8ac4cbd84c63003c9d_noise50,12566.9675350637,40.64178995868766,39.16989044107022,5190.0,0.3634228709593128,LinkNet
f--81-_jpg.rf.81c38398a7e4015a09b5db1b6e84c530_blur5,19.00309531958249,21.913293707889697,30.64770481785677,678.0,0.0220189130456354,UNet
f--81-_jpg.rf.81c38398a7e4015a09b5db1b6e84c530_blur9,5.800172549039529,21.91221211189061,29.819833857932384,182.0,0.0159957133075999,LinkNet
f--81-_jpg.rf.81c38398a7e4015a09b5db1b6e84c530_bright0.5,49.421553510297606,10.355848391332678,15.882500511196485,485.0,0.0219626832842149,LinkNet
f--81-_jpg.rf.81c38398a7e4015a09b5db1b6e84c530_bright1.5,365.3970978694805,31.90017563531361,43.973197201272654,2502.0,0.043640910128303,UNet
f--81-_jpg.rf.81c38398a7e4015a09b5db1b6e84c530_combo0,193.144469221002,21.91392546579742,31.677692574023972,1543.0,0.0325239555321816,LinkNet
f--81-_jpg.rf.81c38398a7e4015a09b5db1b6e84c530_combo1,15369.978233246296,50.134389129794826,36.21688738126304,4795.0,0.3672398794698526,LinkNet
f--81-_jpg.rf.81c38398a7e4015a09b5db1b6e84c530_gamma0.5,185.015186943868,5.529618199919955,21.18043591042489,210.0,0.0221082191373031,LinkNet
f--81-_jpg.rf.81c38398a7e4015a09b5db1b6e84c530_gamma2.0,264.9122418881258,64.55093589476435,36.56313322563704,3423.0,0.0717127916091965,UNet
f--81-_jpg.rf.81c38398a7e4015a09b5db1b6e84c530_noise15,1604.9610524529137,23.398602855810356,31.930609923980608,3550.0,0.071018188674003,UNet
f--81-_jpg.rf.81c38398a7e4015a09b5db1b6e84c530_noise50,11164.528939537922,34.66540315085122,35.77447429793167,5277.0,0.3594801723938332,LinkNet
